May 10, 2026 9:05:18 PM arch.CoNVaIGeminiAgArch interpretContent
INFO: [CoNVaIGeminiAgArch] interpretContent | content="Police have clarified that there were two shootings in Ottaw" | pnov=0.000 | prpl=0.000 | pnw=0.650 | topics=[ottawa shootings, war memorial, parliament hill, police clarification]
May 10, 2026 9:05:18 PM arch.CoNVaIGeminiAgArch interpretContent
INFO: [CoNVaIGeminiAgArch] interpretContent | content="Exactly! Eyewitnesses said MULTIPLE shooters, then police "c" | pnov=0.000 | prpl=0.282 | pnw=0.780 | topics=[multiple shooters, police clarification, real evidence, conspiracy theory]
May 10, 2026 9:05:18 PM arch.CoNVaIGeminiAgArch interpretContent
INFO: [CoNVaIGeminiAgArch] interpretContent | content="Actually, reports confirm the incident unfolded from the War" | pnov=0.000 | prpl=0.358 | pnw=0.750 | topics=[ottawa shooting, parliament hill, war memorial, incident accuracy]
May 10, 2026 9:05:18 PM arch.CoNVaIGeminiAgArch interpretContent
INFO: [CoNVaIGeminiAgArch] interpretContent | content="Glad police cleared that up! Two shootings today in Ottawa, " | pnov=0.000 | prpl=0.000 | pnw=0.750 | topics=[ottawa shootings, war memorial, parliament hill, public safety]
May 10, 2026 9:05:18 PM arch.CoNVaIGeminiAgArch interpretContent
INFO: [CoNVaIGeminiAgArch] interpretContent | content="Police have clarified that there were two shootings in Ottaw" | pnov=0.000 | prpl=0.000 | pnw=0.650 | topics=[ottawa shootings, war memorial, parliament hill, police clarification]
May 10, 2026 9:05:18 PM arch.CoNVaIGeminiAgArch interpretContent
INFO: [CoNVaIGeminiAgArch] interpretContent | content="Glad police clarified! Two shootings today in Ottawa: War Me" | pnov=0.000 | prpl=0.000 | pnw=0.750 | topics=[ottawa shootings, police clarification, parliament hill, war memorial]
May 10, 2026 9:05:18 PM arch.CoNVaIGeminiAgArch interpretContent
INFO: [CoNVaIGeminiAgArch] interpretContent | content="Police have clarified that there were two shootings in Ottaw" | pnov=0.000 | prpl=0.000 | pnw=0.650 | topics=[ottawa shootings, war memorial, parliament hill, police clarification]
May 10, 2026 9:05:18 PM arch.CoNVaIGeminiAgArch interpretContent
INFO: [CoNVaIGeminiAgArch] interpretContent | content="Police have clarified that there were two shootings in Ottaw" | pnov=0.000 | prpl=0.000 | pnw=0.650 | topics=[ottawa shootings, war memorial, parliament hill, police clarification]
May 10, 2026 9:05:18 PM arch.CoNVaIGeminiAgArch interpretContent
INFO: [CoNVaIGeminiAgArch] interpretContent | content="Police have clarified that there were two shootings in Ottaw" | pnov=0.000 | prpl=0.000 | pnw=0.650 | topics=[ottawa shootings, war memorial, parliament hill, police clarification]
May 10, 2026 9:05:18 PM arch.CoNVaIGeminiAgArch interpretContent
INFO: [CoNVaIGeminiAgArch] interpretContent | content="Police have clarified that there were two shootings in Ottaw" | pnov=0.000 | prpl=0.000 | pnw=0.650 | topics=[ottawa shootings, war memorial, parliament hill, police clarification]
May 10, 2026 9:05:18 PM arch.CoNVaIGeminiAgArch interpretContent
INFO: [CoNVaIGeminiAgArch] interpretContent | content="Just heard police clarification: 2 shootings in Ottawa today" | pnov=0.000 | prpl=0.143 | pnw=0.750 | topics=[ottawa shootings, police clarification, parliament hill, war memorial]
May 10, 2026 9:05:18 PM arch.CoNVaIGeminiAgArch interpretContent
INFO: [CoNVaIGeminiAgArch] interpretContent | content="Police have clarified that there were two shootings in Ottaw" | pnov=0.000 | prpl=0.000 | pnw=0.650 | topics=[ottawa shootings, war memorial, parliament hill, police clarification]
May 10, 2026 9:05:18 PM arch.CoNVaIGeminiAgArch interpretContent
INFO: [CoNVaIGeminiAgArch] interpretContent | content="Glad police cleared that up! Two shootings today in Ottawa, " | pnov=0.000 | prpl=0.000 | pnw=0.750 | topics=[ottawa shootings, war memorial, parliament hill, public safety]
May 10, 2026 9:05:18 PM arch.CoNVaIGeminiAgArch interpretContent
INFO: [CoNVaIGeminiAgArch] interpretContent | content="Police have clarified that there were two shootings in Ottaw" | pnov=0.000 | prpl=0.000 | pnw=0.650 | topics=[ottawa shootings, war memorial, parliament hill, police clarification]
May 10, 2026 9:05:18 PM arch.CoNVaIGeminiAgArch interpretContent
INFO: [CoNVaIGeminiAgArch] interpretContent | content="Police have clarified that there were two shootings in Ottaw" | pnov=0.000 | prpl=0.000 | pnw=0.650 | topics=[ottawa shootings, war memorial, parliament hill, police clarification]
May 10, 2026 9:05:18 PM arch.CoNVaIGeminiAgArch interpretContent
INFO: [CoNVaIGeminiAgArch] interpretContent | content="Police have clarified that there were two shootings in Ottaw" | pnov=0.000 | prpl=0.000 | pnw=0.650 | topics=[ottawa shootings, war memorial, parliament hill, police clarification]
May 10, 2026 9:05:18 PM arch.CoNVaIGeminiAgArch interpretContent
INFO: [CoNVaIGeminiAgArch] interpretContent | content="Police have clarified that there were two shootings in Ottaw" | pnov=0.000 | prpl=0.000 | pnw=0.650 | topics=[ottawa shootings, war memorial, parliament hill, police clarification]
May 10, 2026 9:05:18 PM arch.CoNVaIGeminiAgArch interpretContent
INFO: [CoNVaIGeminiAgArch] interpretContent | content="Police have clarified that there were two shootings in Ottaw" | pnov=0.000 | prpl=0.000 | pnw=0.650 | topics=[ottawa shootings, war memorial, parliament hill, police clarification]
May 10, 2026 9:05:18 PM arch.CoNVaIGeminiAgArch interpretContent
INFO: [CoNVaIGeminiAgArch] interpretContent | content="Police have clarified that there were two shootings in Ottaw" | pnov=0.000 | prpl=0.000 | pnw=0.650 | topics=[ottawa shootings, war memorial, parliament hill, police clarification]
May 10, 2026 9:05:18 PM arch.CoNVaIGeminiAgArch interpretContent
INFO: [CoNVaIGeminiAgArch] interpretContent | content="Police have clarified that there were two shootings in Ottaw" | pnov=0.000 | prpl=0.000 | pnw=0.650 | topics=[ottawa shootings, war memorial, parliament hill, police clarification]
May 10, 2026 9:05:18 PM arch.CoNVaIGeminiAgArch interpretContent
INFO: [CoNVaIGeminiAgArch] interpretContent | content="Police have clarified that there were two shootings in Ottaw" | pnov=0.000 | prpl=0.000 | pnw=0.650 | topics=[ottawa shootings, war memorial, parliament hill, police clarification]
May 10, 2026 9:05:18 PM arch.CoNVaIGeminiAgArch interpretContent
INFO: [CoNVaIGeminiAgArch] interpretContent | content="Police have clarified that there were two shootings in Ottaw" | pnov=0.000 | prpl=0.000 | pnw=0.650 | topics=[ottawa shootings, war memorial, parliament hill, police clarification]
May 10, 2026 9:05:18 PM arch.CoNVaIGeminiAgArch interpretContent
INFO: [CoNVaIGeminiAgArch] interpretContent | content="Police have clarified that there were two shootings in Ottaw" | pnov=0.000 | prpl=0.000 | pnw=0.650 | topics=[ottawa shootings, war memorial, parliament hill, police clarification]
May 10, 2026 9:05:18 PM arch.CoNVaIGeminiAgArch interpretContent
INFO: [CoNVaIGeminiAgArch] interpretContent | content="Glad police cleared that up! Two shootings today in Ottawa, " | pnov=0.000 | prpl=0.000 | pnw=0.750 | topics=[ottawa shootings, war memorial, parliament hill, public safety]
May 10, 2026 9:05:18 PM arch.CoNVaIGeminiAgArch interpretContent
INFO: [CoNVaIGeminiAgArch] interpretContent | content="Police have clarified that there were two shootings in Ottaw" | pnov=0.000 | prpl=0.000 | pnw=0.650 | topics=[ottawa shootings, war memorial, parliament hill, police clarification]
May 10, 2026 9:05:18 PM arch.CoNVaIGeminiAgArch interpretContent
INFO: [CoNVaIGeminiAgArch] interpretContent | content="Police have clarified that there were two shootings in Ottaw" | pnov=0.000 | prpl=0.000 | pnw=0.650 | topics=[ottawa shootings, war memorial, parliament hill, police clarification]
May 10, 2026 9:05:18 PM arch.CoNVaIGeminiAgArch interpretContent
INFO: [CoNVaIGeminiAgArch] interpretContent | content="Police have clarified that there were two shootings in Ottaw" | pnov=0.000 | prpl=0.000 | pnw=0.650 | topics=[ottawa shootings, war memorial, parliament hill, police clarification]
May 10, 2026 9:05:18 PM arch.CoNVaIGeminiAgArch interpretContent
INFO: [CoNVaIGeminiAgArch] interpretContent | content="Police have clarified that there were two shootings in Ottaw" | pnov=0.000 | prpl=0.000 | pnw=0.650 | topics=[ottawa shootings, war memorial, parliament hill, police clarification]
May 10, 2026 9:05:18 PM arch.CoNVaIGeminiAgArch interpretContent
INFO: [CoNVaIGeminiAgArch] interpretContent | content="Police have clarified that there were two shootings in Ottaw" | pnov=0.000 | prpl=0.000 | pnw=0.650 | topics=[ottawa shootings, war memorial, parliament hill, police clarification]
May 10, 2026 9:05:18 PM arch.CoNVaIGeminiAgArch interpretContent
INFO: [CoNVaIGeminiAgArch] interpretContent | content="Police have clarified that there were two shootings in Ottaw" | pnov=0.000 | prpl=0.000 | pnw=0.650 | topics=[ottawa shootings, war memorial, parliament hill, police clarification]
May 10, 2026 9:05:18 PM arch.CoNVaIGeminiAgArch interpretContent
INFO: [CoNVaIGeminiAgArch] interpretContent | content="Important clarification from police: Today's incidents in Ot" | pnov=0.000 | prpl=0.000 | pnw=0.750 | topics=[ottawa shooting, police clarification, parliament hill, war memorial]
May 10, 2026 9:05:18 PM arch.CoNVaIGeminiAgArch interpretContent
INFO: [CoNVaIGeminiAgArch] interpretContent | content="Police have clarified that there were two shootings in Ottaw" | pnov=0.000 | prpl=0.000 | pnw=0.650 | topics=[ottawa shootings, war memorial, parliament hill, police clarification]
May 10, 2026 9:05:18 PM arch.CoNVaIGeminiAgArch interpretContent
INFO: [CoNVaIGeminiAgArch] interpretContent | content="Absolutely chilling. 2 shootings in Ottawa today - War Memor" | pnov=0.000 | prpl=0.003 | pnw=0.850 | topics=[ottawa shootings, public safety, parliament hill, war memorial]
May 10, 2026 9:05:18 PM arch.CoNVaIGeminiAgArch interpretContent
INFO: [CoNVaIGeminiAgArch] interpretContent | content="Police have clarified that there were two shootings in Ottaw" | pnov=0.000 | prpl=0.000 | pnw=0.650 | topics=[ottawa shootings, war memorial, parliament hill, police clarification]
May 10, 2026 9:05:18 PM arch.CoNVaIGeminiAgArch interpretContent
INFO: [CoNVaIGeminiAgArch] interpretContent | content="Police have clarified that there were two shootings in Ottaw" | pnov=0.000 | prpl=0.000 | pnw=0.650 | topics=[ottawa shootings, war memorial, parliament hill, police clarification]
May 10, 2026 9:05:18 PM arch.CoNVaIGeminiAgArch interpretContent
INFO: [CoNVaIGeminiAgArch] interpretContent | content="Police have clarified that there were two shootings in Ottaw" | pnov=0.000 | prpl=0.000 | pnw=0.650 | topics=[ottawa shootings, war memorial, parliament hill, police clarification]
May 10, 2026 9:05:18 PM arch.CoNVaIGeminiAgArch interpretContent
INFO: [CoNVaIGeminiAgArch] interpretContent | content="Police have clarified that there were two shootings in Ottaw" | pnov=0.000 | prpl=0.000 | pnw=0.650 | topics=[ottawa shootings, war memorial, parliament hill, police clarification]
May 10, 2026 9:05:18 PM arch.CoNVaIGeminiAgArch interpretContent
INFO: [CoNVaIGeminiAgArch] interpretContent | content="Important clarification from police: Today's incidents in Ot" | pnov=0.000 | prpl=0.000 | pnw=0.750 | topics=[ottawa shooting, police clarification, parliament hill, war memorial]
May 10, 2026 9:05:18 PM arch.CoNVaIGeminiAgArch interpretContent
INFO: [CoNVaIGeminiAgArch] interpretContent | content="Police have clarified that there were two shootings in Ottaw" | pnov=0.000 | prpl=0.000 | pnw=0.650 | topics=[ottawa shootings, war memorial, parliament hill, police clarification]
May 10, 2026 9:05:18 PM arch.CoNVaIGeminiAgArch interpretContent
INFO: [CoNVaIGeminiAgArch] interpretContent | content="Police have clarified that there were two shootings in Ottaw" | pnov=0.000 | prpl=0.000 | pnw=0.650 | topics=[ottawa shootings, war memorial, parliament hill, police clarification]
May 10, 2026 9:05:18 PM arch.CoNVaIGeminiAgArch interpretContent
INFO: [CoNVaIGeminiAgArch] interpretContent | content="Police have clarified that there were two shootings in Ottaw" | pnov=0.000 | prpl=0.000 | pnw=0.650 | topics=[ottawa shootings, war memorial, parliament hill, police clarification]
May 10, 2026 9:05:18 PM arch.CoNVaIGeminiAgArch interpretContent
INFO: [CoNVaIGeminiAgArch] interpretContent | content="Police have clarified that there were two shootings in Ottaw" | pnov=0.000 | prpl=0.000 | pnw=0.650 | topics=[ottawa shootings, war memorial, parliament hill, police clarification]
May 10, 2026 9:05:18 PM arch.CoNVaIGeminiAgArch interpretContent
INFO: [CoNVaIGeminiAgArch] interpretContent | content="Police have clarified that there were two shootings in Ottaw" | pnov=0.000 | prpl=0.000 | pnw=0.650 | topics=[ottawa shootings, war memorial, parliament hill, police clarification]
May 10, 2026 9:05:18 PM arch.CoNVaIGeminiAgArch interpretContent
INFO: [CoNVaIGeminiAgArch] interpretContent | content="Police *did* confirm two shootings, not three. The clarifica" | pnov=0.000 | prpl=0.213 | pnw=0.650 | topics=[police confirmation, shooting facts, ottawa shooting, parliament hill]
May 10, 2026 9:05:18 PM arch.CoNVaIGeminiAgArch interpretContent
INFO: [CoNVaIGeminiAgArch] interpretContent | content="Glad police clarified! Two shootings today in Ottawa: War Me" | pnov=0.000 | prpl=0.000 | pnw=0.750 | topics=[ottawa shootings, police clarification, parliament hill, war memorial]
May 10, 2026 9:05:18 PM arch.CoNVaIGeminiAgArch interpretContent
INFO: [CoNVaIGeminiAgArch] interpretContent | content="Police have clarified that there were two shootings in Ottaw" | pnov=0.000 | prpl=0.000 | pnw=0.650 | topics=[ottawa shootings, war memorial, parliament hill, police clarification]
May 10, 2026 9:05:18 PM arch.CoNVaIGeminiAgArch interpretContent
INFO: [CoNVaIGeminiAgArch] interpretContent | content="Police have clarified that there were two shootings in Ottaw" | pnov=0.000 | prpl=0.000 | pnw=0.650 | topics=[ottawa shootings, war memorial, parliament hill, police clarification]
May 10, 2026 9:05:18 PM arch.CoNVaIGeminiAgArch interpretContent
INFO: [CoNVaIGeminiAgArch] interpretContent | content="Police have clarified that there were two shootings in Ottaw" | pnov=0.000 | prpl=0.000 | pnw=0.650 | topics=[ottawa shootings, war memorial, parliament hill, police clarification]
May 10, 2026 9:05:18 PM arch.CoNVaIGeminiAgArch interpretContent
INFO: [CoNVaIGeminiAgArch] interpretContent | content="Police have clarified that there were two shootings in Ottaw" | pnov=0.000 | prpl=0.000 | pnw=0.650 | topics=[ottawa shootings, war memorial, parliament hill, police clarification]
May 10, 2026 9:05:18 PM arch.CoNVaIGeminiAgArch interpretContent
INFO: [CoNVaIGeminiAgArch] interpretContent | content="Police have clarified that there were two shootings in Ottaw" | pnov=0.000 | prpl=0.000 | pnw=0.650 | topics=[ottawa shootings, war memorial, parliament hill, police clarification]
May 10, 2026 9:05:18 PM arch.CoNVaIGeminiAgArch interpretContent
INFO: [CoNVaIGeminiAgArch] interpretContent | content="Police have clarified that there were two shootings in Ottaw" | pnov=0.000 | prpl=0.000 | pnw=0.650 | topics=[ottawa shootings, war memorial, parliament hill, police clarification]
May 10, 2026 9:05:18 PM arch.CoNVaIGeminiAgArch interpretContent
INFO: [CoNVaIGeminiAgArch] interpretContent | content="Police have clarified that there were two shootings in Ottaw" | pnov=0.000 | prpl=0.000 | pnw=0.650 | topics=[ottawa shootings, war memorial, parliament hill, police clarification]
May 10, 2026 9:05:18 PM arch.CoNVaIGeminiAgArch interpretContent
INFO: [CoNVaIGeminiAgArch] interpretContent | content="Police have clarified that there were two shootings in Ottaw" | pnov=0.000 | prpl=0.000 | pnw=0.650 | topics=[ottawa shootings, war memorial, parliament hill, police clarification]
May 10, 2026 9:05:18 PM arch.CoNVaIGeminiAgArch interpretContent
INFO: [CoNVaIGeminiAgArch] interpretContent | content="Actually, reports confirmed shots fired near Parliament AND " | pnov=0.000 | prpl=0.331 | pnw=0.750 | topics=[ottawa shooting, parliament, war memorial, verified info, rumors]
May 10, 2026 9:05:18 PM arch.CoNVaIGeminiAgArch interpretContent
INFO: [CoNVaIGeminiAgArch] interpretContent | content="Glad police cleared that up! Two shootings today in Ottawa, " | pnov=0.000 | prpl=0.000 | pnw=0.750 | topics=[ottawa shootings, war memorial, parliament hill, public safety]
May 10, 2026 9:05:18 PM arch.CoNVaIGeminiAgArch interpretContent
INFO: [CoNVaIGeminiAgArch] interpretContent | content="Police have clarified that there were two shootings in Ottaw" | pnov=0.000 | prpl=0.000 | pnw=0.650 | topics=[ottawa shootings, war memorial, parliament hill, police clarification]
May 10, 2026 9:05:18 PM arch.CoNVaIGeminiAgArch interpretContent
INFO: [CoNVaIGeminiAgArch] interpretContent | content="Important clarification from police: Today's incidents in Ot" | pnov=0.000 | prpl=0.000 | pnw=0.750 | topics=[ottawa shooting, police clarification, parliament hill, war memorial]
May 10, 2026 9:05:18 PM arch.CoNVaIGeminiAgArch interpretContent
INFO: [CoNVaIGeminiAgArch] interpretContent | content="Police have clarified that there were two shootings in Ottaw" | pnov=0.000 | prpl=0.000 | pnw=0.650 | topics=[ottawa shootings, war memorial, parliament hill, police clarification]
May 10, 2026 9:05:18 PM arch.CoNVaIGeminiAgArch interpretContent
INFO: [CoNVaIGeminiAgArch] interpretContent | content="Police have clarified that there were two shootings in Ottaw" | pnov=0.000 | prpl=0.000 | pnw=0.650 | topics=[ottawa shootings, war memorial, parliament hill, police clarification]
May 10, 2026 9:05:18 PM arch.CoNVaIGeminiAgArch interpretContent
INFO: [CoNVaIGeminiAgArch] interpretContent | content="Glad police clarified! Two shootings today in Ottawa: War Me" | pnov=0.000 | prpl=0.011 | pnw=0.750 | topics=[ottawa shootings, police clarification, parliament hill, war memorial]
May 10, 2026 9:05:18 PM arch.CoNVaIGeminiAgArch interpretContent
INFO: [CoNVaIGeminiAgArch] interpretContent | content="Good to know police clarified this. Important distinction: 2" | pnov=0.000 | prpl=0.000 | pnw=0.650 | topics=[ottawa shooting, parliament hill, war memorial, police clarification]
May 10, 2026 9:05:18 PM arch.CoNVaIGeminiAgArch interpretContent
INFO: [CoNVaIGeminiAgArch] interpretContent | content="Police have clarified that there were two shootings in Ottaw" | pnov=0.000 | prpl=0.000 | pnw=0.650 | topics=[ottawa shootings, war memorial, parliament hill, police clarification]
May 10, 2026 9:05:18 PM arch.CoNVaIGeminiAgArch interpretContent
INFO: [CoNVaIGeminiAgArch] interpretContent | content="Police have clarified that there were two shootings in Ottaw" | pnov=0.000 | prpl=0.000 | pnw=0.650 | topics=[ottawa shootings, war memorial, parliament hill, police clarification]
May 10, 2026 9:05:18 PM arch.CoNVaIGeminiAgArch interpretContent
INFO: [CoNVaIGeminiAgArch] interpretContent | content="Police have clarified that there were two shootings in Ottaw" | pnov=0.000 | prpl=0.000 | pnw=0.650 | topics=[ottawa shootings, war memorial, parliament hill, police clarification]
May 10, 2026 9:05:18 PM arch.CoNVaIGeminiAgArch interpretContent
INFO: [CoNVaIGeminiAgArch] interpretContent | content="Police have clarified that there were two shootings in Ottaw" | pnov=0.000 | prpl=0.000 | pnw=0.650 | topics=[ottawa shootings, war memorial, parliament hill, police clarification]
May 10, 2026 9:05:18 PM arch.CoNVaIGeminiAgArch interpretContent
INFO: [CoNVaIGeminiAgArch] interpretContent | content="Police have clarified that there were two shootings in Ottaw" | pnov=0.000 | prpl=0.000 | pnw=0.650 | topics=[ottawa shootings, war memorial, parliament hill, police clarification]
May 10, 2026 9:05:18 PM arch.CoNVaIGeminiAgArch interpretContent
INFO: [CoNVaIGeminiAgArch] interpretContent | content="Police have clarified that there were two shootings in Ottaw" | pnov=0.000 | prpl=0.000 | pnw=0.650 | topics=[ottawa shootings, war memorial, parliament hill, police clarification]
May 10, 2026 9:05:18 PM arch.CoNVaIGeminiAgArch interpretContent
INFO: [CoNVaIGeminiAgArch] interpretContent | content="Glad police clarified! Two shootings today in Ottawa: War Me" | pnov=0.000 | prpl=0.000 | pnw=0.750 | topics=[ottawa shootings, police clarification, parliament hill, war memorial]
May 10, 2026 9:05:18 PM arch.CoNVaIGeminiAgArch interpretContent
INFO: [CoNVaIGeminiAgArch] interpretContent | content="Glad police cleared that up! Two shootings today in Ottawa, " | pnov=0.000 | prpl=0.000 | pnw=0.750 | topics=[ottawa shootings, war memorial, parliament hill, public safety]
May 10, 2026 9:05:18 PM arch.CoNVaIGeminiAgArch interpretContent
INFO: [CoNVaIGeminiAgArch] interpretContent | content="Police have clarified that there were two shootings in Ottaw" | pnov=0.000 | prpl=0.000 | pnw=0.650 | topics=[ottawa shootings, war memorial, parliament hill, police clarification]
May 10, 2026 9:05:18 PM arch.CoNVaIGeminiAgArch interpretContent
INFO: [CoNVaIGeminiAgArch] interpretContent | content="Police have clarified that there were two shootings in Ottaw" | pnov=0.000 | prpl=0.000 | pnw=0.650 | topics=[ottawa shootings, war memorial, parliament hill, police clarification]
May 10, 2026 9:05:18 PM arch.CoNVaIGeminiAgArch interpretContent
INFO: [CoNVaIGeminiAgArch] interpretContent | content="Police have clarified that there were two shootings in Ottaw" | pnov=0.000 | prpl=0.000 | pnw=0.650 | topics=[ottawa shootings, war memorial, parliament hill, police clarification]
May 10, 2026 9:05:18 PM arch.CoNVaIGeminiAgArch interpretContent
INFO: [CoNVaIGeminiAgArch] interpretContent | content="Police have clarified that there were two shootings in Ottaw" | pnov=0.000 | prpl=0.000 | pnw=0.650 | topics=[ottawa shootings, war memorial, parliament hill, police clarification]
May 10, 2026 9:05:18 PM arch.CoNVaIGeminiAgArch interpretContent
INFO: [CoNVaIGeminiAgArch] interpretContent | content="Police have clarified that there were two shootings in Ottaw" | pnov=0.000 | prpl=0.000 | pnw=0.650 | topics=[ottawa shootings, war memorial, parliament hill, police clarification]
May 10, 2026 9:05:18 PM arch.CoNVaIGeminiAgArch interpretContent
INFO: [CoNVaIGeminiAgArch] interpretContent | content="Police have clarified that there were two shootings in Ottaw" | pnov=0.000 | prpl=0.000 | pnw=0.650 | topics=[ottawa shootings, war memorial, parliament hill, police clarification]
May 10, 2026 9:05:18 PM arch.CoNVaIGeminiAgArch interpretContent
INFO: [CoNVaIGeminiAgArch] interpretContent | content="Glad police cleared that up! Two shootings today in Ottawa, " | pnov=0.000 | prpl=0.018 | pnw=0.750 | topics=[ottawa shootings, war memorial, parliament hill, public safety]
May 10, 2026 9:05:18 PM arch.CoNVaIGeminiAgArch interpretContent
INFO: [CoNVaIGeminiAgArch] interpretContent | content="Police have clarified that there were two shootings in Ottaw" | pnov=0.000 | prpl=0.000 | pnw=0.650 | topics=[ottawa shootings, war memorial, parliament hill, police clarification]
May 10, 2026 9:05:18 PM arch.CoNVaIGeminiAgArch interpretContent
INFO: [CoNVaIGeminiAgArch] interpretContent | content="Good to know police clarified this. Important distinction: 2" | pnov=0.000 | prpl=0.000 | pnw=0.650 | topics=[ottawa shooting, parliament hill, war memorial, police clarification]
May 10, 2026 9:05:18 PM arch.CoNVaIGeminiAgArch interpretContent
INFO: [CoNVaIGeminiAgArch] interpretContent | content="Police have clarified that there were two shootings in Ottaw" | pnov=0.000 | prpl=0.000 | pnw=0.650 | topics=[ottawa shootings, war memorial, parliament hill, police clarification]
May 10, 2026 9:05:18 PM arch.CoNVaIGeminiAgArch interpretContent
INFO: [CoNVaIGeminiAgArch] interpretContent | content="Police have clarified that there were two shootings in Ottaw" | pnov=0.000 | prpl=0.000 | pnw=0.650 | topics=[ottawa shootings, war memorial, parliament hill, police clarification]
May 10, 2026 9:05:18 PM arch.CoNVaIGeminiAgArch interpretContent
INFO: [CoNVaIGeminiAgArch] interpretContent | content="Police have clarified that there were two shootings in Ottaw" | pnov=0.000 | prpl=0.000 | pnw=0.650 | topics=[ottawa shootings, war memorial, parliament hill, police clarification]
May 10, 2026 9:05:18 PM arch.CoNVaIGeminiAgArch interpretContent
INFO: [CoNVaIGeminiAgArch] interpretContent | content="Police have clarified that there were two shootings in Ottaw" | pnov=0.000 | prpl=0.000 | pnw=0.650 | topics=[ottawa shootings, war memorial, parliament hill, police clarification]
May 10, 2026 9:05:18 PM arch.CoNVaIGeminiAgArch interpretContent
INFO: [CoNVaIGeminiAgArch] interpretContent | content="Police have clarified that there were two shootings in Ottaw" | pnov=0.000 | prpl=0.000 | pnw=0.650 | topics=[ottawa shootings, war memorial, parliament hill, police clarification]
May 10, 2026 9:05:18 PM arch.CoNVaIGeminiAgArch interpretContent
INFO: [CoNVaIGeminiAgArch] interpretContent | content="Police have clarified that there were two shootings in Ottaw" | pnov=0.000 | prpl=0.000 | pnw=0.650 | topics=[ottawa shootings, war memorial, parliament hill, police clarification]
May 10, 2026 9:05:18 PM arch.CoNVaIGeminiAgArch interpretContent
INFO: [CoNVaIGeminiAgArch] interpretContent | content="Police have clarified that there were two shootings in Ottaw" | pnov=0.000 | prpl=0.000 | pnw=0.650 | topics=[ottawa shootings, war memorial, parliament hill, police clarification]
May 10, 2026 9:05:18 PM arch.CoNVaIGeminiAgArch interpretContent
INFO: [CoNVaIGeminiAgArch] interpretContent | content="Police have clarified that there were two shootings in Ottaw" | pnov=0.000 | prpl=0.000 | pnw=0.650 | topics=[ottawa shootings, war memorial, parliament hill, police clarification]
May 10, 2026 9:05:18 PM arch.CoNVaIGeminiAgArch interpretContent
INFO: [CoNVaIGeminiAgArch] interpretContent | content="Police have clarified that there were two shootings in Ottaw" | pnov=0.000 | prpl=0.000 | pnw=0.650 | topics=[ottawa shootings, war memorial, parliament hill, police clarification]
May 10, 2026 9:05:18 PM arch.CoNVaIGeminiAgArch interpretContent
INFO: [CoNVaIGeminiAgArch] interpretContent | content="Police have clarified that there were two shootings in Ottaw" | pnov=0.000 | prpl=0.000 | pnw=0.650 | topics=[ottawa shootings, war memorial, parliament hill, police clarification]
May 10, 2026 9:05:18 PM arch.CoNVaIGeminiAgArch interpretContent
INFO: [CoNVaIGeminiAgArch] interpretContent | content="Police have clarified that there were two shootings in Ottaw" | pnov=0.000 | prpl=0.000 | pnw=0.650 | topics=[ottawa shootings, war memorial, parliament hill, police clarification]
May 10, 2026 9:05:18 PM arch.CoNVaIGeminiAgArch interpretContent
INFO: [CoNVaIGeminiAgArch] interpretContent | content="Police have clarified that there were two shootings in Ottaw" | pnov=0.000 | prpl=0.000 | pnw=0.650 | topics=[ottawa shootings, war memorial, parliament hill, police clarification]
May 10, 2026 9:05:18 PM arch.CoNVaIGeminiAgArch interpretContent
INFO: [CoNVaIGeminiAgArch] interpretContent | content="Police have clarified that there were two shootings in Ottaw" | pnov=0.000 | prpl=0.000 | pnw=0.650 | topics=[ottawa shootings, war memorial, parliament hill, police clarification]
May 10, 2026 9:05:18 PM arch.CoNVaIGeminiAgArch interpretContent
INFO: [CoNVaIGeminiAgArch] interpretContent | content="Police have clarified that there were two shootings in Ottaw" | pnov=0.000 | prpl=0.000 | pnw=0.650 | topics=[ottawa shootings, war memorial, parliament hill, police clarification]
May 10, 2026 9:05:18 PM arch.CoNVaIGeminiAgArch interpretContent
INFO: [CoNVaIGeminiAgArch] interpretContent | content="Glad police cleared that up! Two shootings today in Ottawa, " | pnov=0.000 | prpl=0.011 | pnw=0.750 | topics=[ottawa shootings, war memorial, parliament hill, public safety]
May 10, 2026 9:05:18 PM arch.CoNVaIGeminiAgArch interpretContent
INFO: [CoNVaIGeminiAgArch] interpretContent | content="Police have clarified that there were two shootings in Ottaw" | pnov=0.000 | prpl=0.000 | pnw=0.650 | topics=[ottawa shootings, war memorial, parliament hill, police clarification]
May 10, 2026 9:05:18 PM arch.CoNVaIGeminiAgArch interpretContent
INFO: [CoNVaIGeminiAgArch] interpretContent | content="Police have clarified that there were two shootings in Ottaw" | pnov=0.000 | prpl=0.000 | pnw=0.650 | topics=[ottawa shootings, war memorial, parliament hill, police clarification]
May 10, 2026 9:05:18 PM arch.CoNVaIGeminiAgArch interpretContent
INFO: [CoNVaIGeminiAgArch] interpretContent | content="Police have clarified that there were two shootings in Ottaw" | pnov=0.000 | prpl=0.000 | pnw=0.650 | topics=[ottawa shootings, war memorial, parliament hill, police clarification]
May 10, 2026 9:05:18 PM arch.CoNVaIGeminiAgArch interpretContent
INFO: [CoNVaIGeminiAgArch] interpretContent | content="Police have clarified that there were two shootings in Ottaw" | pnov=0.000 | prpl=0.000 | pnw=0.650 | topics=[ottawa shootings, war memorial, parliament hill, police clarification]
May 10, 2026 9:05:18 PM arch.CoNVaIGeminiAgArch interpretContent
INFO: [CoNVaIGeminiAgArch] interpretContent | content="Important clarification from police: Today's incidents in Ot" | pnov=0.000 | prpl=0.000 | pnw=0.750 | topics=[ottawa shooting, police clarification, parliament hill, war memorial]
May 10, 2026 9:05:18 PM arch.CoNVaIGeminiAgArch interpretContent
INFO: [CoNVaIGeminiAgArch] interpretContent | content="Police have clarified that there were two shootings in Ottaw" | pnov=0.000 | prpl=0.000 | pnw=0.650 | topics=[ottawa shootings, war memorial, parliament hill, police clarification]
May 10, 2026 9:05:18 PM arch.CoNVaIGeminiAgArch interpretContent
INFO: [CoNVaIGeminiAgArch] interpretContent | content="Absolutely chilling. 2 shootings in Ottawa today - War Memor" | pnov=0.000 | prpl=0.003 | pnw=0.850 | topics=[ottawa shootings, public safety, parliament hill, war memorial]
May 10, 2026 9:05:18 PM arch.CoNVaIGeminiAgArch interpretContent
INFO: [CoNVaIGeminiAgArch] interpretContent | content="Police have clarified that there were two shootings in Ottaw" | pnov=0.000 | prpl=0.000 | pnw=0.650 | topics=[ottawa shootings, war memorial, parliament hill, police clarification]
May 10, 2026 9:05:18 PM arch.CoNVaIGeminiAgArch interpretContent
INFO: [CoNVaIGeminiAgArch] interpretContent | content="Police have clarified that there were two shootings in Ottaw" | pnov=0.000 | prpl=0.000 | pnw=0.650 | topics=[ottawa shootings, war memorial, parliament hill, police clarification]
May 10, 2026 9:05:18 PM arch.CoNVaIGeminiAgArch interpretContent
INFO: [CoNVaIGeminiAgArch] interpretContent | content="Police have clarified that there were two shootings in Ottaw" | pnov=0.000 | prpl=0.000 | pnw=0.650 | topics=[ottawa shootings, war memorial, parliament hill, police clarification]
May 10, 2026 9:05:18 PM arch.CoNVaIGeminiAgArch interpretContent
INFO: [CoNVaIGeminiAgArch] interpretContent | content="Police have clarified that there were two shootings in Ottaw" | pnov=0.000 | prpl=0.000 | pnw=0.650 | topics=[ottawa shootings, war memorial, parliament hill, police clarification]
May 10, 2026 9:05:18 PM arch.CoNVaIGeminiAgArch interpretContent
INFO: [CoNVaIGeminiAgArch] interpretContent | content="Police have clarified that there were two shootings in Ottaw" | pnov=0.000 | prpl=0.000 | pnw=0.650 | topics=[ottawa shootings, war memorial, parliament hill, police clarification]
May 10, 2026 9:05:18 PM arch.CoNVaIGeminiAgArch interpretContent
INFO: [CoNVaIGeminiAgArch] interpretContent | content="Police have clarified that there were two shootings in Ottaw" | pnov=0.000 | prpl=0.000 | pnw=0.650 | topics=[ottawa shootings, war memorial, parliament hill, police clarification]
May 10, 2026 9:05:18 PM arch.CoNVaIGeminiAgArch interpretContent
INFO: [CoNVaIGeminiAgArch] interpretContent | content="Important clarification from police: Today's incidents in Ot" | pnov=0.000 | prpl=0.000 | pnw=0.750 | topics=[ottawa shooting, police clarification, parliament hill, war memorial]
May 10, 2026 9:05:18 PM arch.CoNVaIGeminiAgArch interpretContent
INFO: [CoNVaIGeminiAgArch] interpretContent | content="Police have clarified that there were two shootings in Ottaw" | pnov=0.000 | prpl=0.000 | pnw=0.650 | topics=[ottawa shootings, war memorial, parliament hill, police clarification]
May 10, 2026 9:05:18 PM arch.CoNVaIGeminiAgArch interpretContent
INFO: [CoNVaIGeminiAgArch] interpretContent | content="Police have clarified that there were two shootings in Ottaw" | pnov=0.000 | prpl=0.000 | pnw=0.650 | topics=[ottawa shootings, war memorial, parliament hill, police clarification]
May 10, 2026 9:05:18 PM arch.CoNVaIGeminiAgArch interpretContent
INFO: [CoNVaIGeminiAgArch] interpretContent | content="Police have clarified that there were two shootings in Ottaw" | pnov=0.000 | prpl=0.000 | pnw=0.650 | topics=[ottawa shootings, war memorial, parliament hill, police clarification]
May 10, 2026 9:05:18 PM arch.CoNVaIGeminiAgArch interpretContent
INFO: [CoNVaIGeminiAgArch] interpretContent | content="Police have clarified that there were two shootings in Ottaw" | pnov=0.000 | prpl=0.000 | pnw=0.650 | topics=[ottawa shootings, war memorial, parliament hill, police clarification]
May 10, 2026 9:05:18 PM arch.CoNVaIGeminiAgArch interpretContent
INFO: [CoNVaIGeminiAgArch] interpretContent | content="Police have clarified that there were two shootings in Ottaw" | pnov=0.000 | prpl=0.000 | pnw=0.650 | topics=[ottawa shootings, war memorial, parliament hill, police clarification]
May 10, 2026 9:05:18 PM arch.CoNVaIGeminiAgArch interpretContent
INFO: [CoNVaIGeminiAgArch] interpretContent | content="Police have clarified that there were two shootings in Ottaw" | pnov=0.000 | prpl=0.000 | pnw=0.650 | topics=[ottawa shootings, war memorial, parliament hill, police clarification]
May 10, 2026 9:05:18 PM arch.CoNVaIGeminiAgArch interpretContent
INFO: [CoNVaIGeminiAgArch] interpretContent | content="Police have clarified that there were two shootings in Ottaw" | pnov=0.000 | prpl=0.000 | pnw=0.650 | topics=[ottawa shootings, war memorial, parliament hill, police clarification]
May 10, 2026 9:05:18 PM arch.CoNVaIGeminiAgArch interpretContent
INFO: [CoNVaIGeminiAgArch] interpretContent | content="Police have clarified that there were two shootings in Ottaw" | pnov=0.000 | prpl=0.000 | pnw=0.650 | topics=[ottawa shootings, war memorial, parliament hill, police clarification]
May 10, 2026 9:05:18 PM arch.CoNVaIGeminiAgArch interpretContent
INFO: [CoNVaIGeminiAgArch] interpretContent | content="Police have clarified that there were two shootings in Ottaw" | pnov=0.000 | prpl=0.000 | pnw=0.650 | topics=[ottawa shootings, war memorial, parliament hill, police clarification]
May 10, 2026 9:05:18 PM arch.CoNVaIGeminiAgArch interpretContent
INFO: [CoNVaIGeminiAgArch] interpretContent | content="Important clarification from police: Today's incidents in Ot" | pnov=0.000 | prpl=0.000 | pnw=0.750 | topics=[ottawa shooting, police clarification, parliament hill, war memorial]
May 10, 2026 9:05:18 PM arch.CoNVaIGeminiAgArch interpretContent
INFO: [CoNVaIGeminiAgArch] interpretContent | content="Police have clarified that there were two shootings in Ottaw" | pnov=0.000 | prpl=0.000 | pnw=0.650 | topics=[ottawa shootings, war memorial, parliament hill, police clarification]
May 10, 2026 9:05:18 PM arch.CoNVaIGeminiAgArch interpretContent
INFO: [CoNVaIGeminiAgArch] interpretContent | content="Glad police cleared that up! Two shootings today in Ottawa, " | pnov=0.000 | prpl=0.000 | pnw=0.750 | topics=[ottawa shootings, war memorial, parliament hill, public safety]
May 10, 2026 9:05:18 PM arch.CoNVaIGeminiAgArch interpretContent
INFO: [CoNVaIGeminiAgArch] interpretContent | content="Police have clarified that there were two shootings in Ottaw" | pnov=0.000 | prpl=0.000 | pnw=0.650 | topics=[ottawa shootings, war memorial, parliament hill, police clarification]
May 10, 2026 9:05:18 PM arch.CoNVaIGeminiAgArch interpretContent
INFO: [CoNVaIGeminiAgArch] interpretContent | content="Police have clarified that there were two shootings in Ottaw" | pnov=0.000 | prpl=0.000 | pnw=0.650 | topics=[ottawa shootings, war memorial, parliament hill, police clarification]
May 10, 2026 9:05:18 PM arch.CoNVaIGeminiAgArch interpretContent
INFO: [CoNVaIGeminiAgArch] interpretContent | content="Glad police cleared that up! Two shootings today in Ottawa, " | pnov=0.000 | prpl=0.000 | pnw=0.750 | topics=[ottawa shootings, war memorial, parliament hill, public safety]
May 10, 2026 9:05:18 PM arch.CoNVaIGeminiAgArch interpretContent
INFO: [CoNVaIGeminiAgArch] interpretContent | content="Police have clarified that there were two shootings in Ottaw" | pnov=0.000 | prpl=0.000 | pnw=0.650 | topics=[ottawa shootings, war memorial, parliament hill, police clarification]
May 10, 2026 9:05:18 PM arch.CoNVaIGeminiAgArch interpretContent
INFO: [CoNVaIGeminiAgArch] interpretContent | content="Police have clarified that there were two shootings in Ottaw" | pnov=0.000 | prpl=0.000 | pnw=0.650 | topics=[ottawa shootings, war memorial, parliament hill, police clarification]
May 10, 2026 9:05:18 PM arch.CoNVaIGeminiAgArch interpretContent
INFO: [CoNVaIGeminiAgArch] interpretContent | content="Police have clarified that there were two shootings in Ottaw" | pnov=0.000 | prpl=0.000 | pnw=0.650 | topics=[ottawa shootings, war memorial, parliament hill, police clarification]
May 10, 2026 9:05:18 PM arch.CoNVaIGeminiAgArch interpretContent
INFO: [CoNVaIGeminiAgArch] interpretContent | content="Absolutely chilling. 2 shootings in Ottawa today - War Memor" | pnov=0.000 | prpl=0.002 | pnw=0.850 | topics=[ottawa shootings, public safety, parliament hill, war memorial]
May 10, 2026 9:05:18 PM arch.CoNVaIGeminiAgArch interpretContent
INFO: [CoNVaIGeminiAgArch] interpretContent | content="Police have clarified that there were two shootings in Ottaw" | pnov=0.000 | prpl=0.000 | pnw=0.650 | topics=[ottawa shootings, war memorial, parliament hill, police clarification]
May 10, 2026 9:05:18 PM arch.CoNVaIGeminiAgArch interpretContent
INFO: [CoNVaIGeminiAgArch] interpretContent | content="Police have clarified that there were two shootings in Ottaw" | pnov=0.000 | prpl=0.000 | pnw=0.650 | topics=[ottawa shootings, war memorial, parliament hill, police clarification]
May 10, 2026 9:05:18 PM arch.CoNVaIGeminiAgArch interpretContent
INFO: [CoNVaIGeminiAgArch] interpretContent | content="Police have clarified that there were two shootings in Ottaw" | pnov=0.000 | prpl=0.000 | pnw=0.650 | topics=[ottawa shootings, war memorial, parliament hill, police clarification]
May 10, 2026 9:05:18 PM arch.CoNVaIGeminiAgArch interpretContent
INFO: [CoNVaIGeminiAgArch] interpretContent | content="Police have clarified that there were two shootings in Ottaw" | pnov=0.000 | prpl=0.000 | pnw=0.650 | topics=[ottawa shootings, war memorial, parliament hill, police clarification]
May 10, 2026 9:05:18 PM arch.CoNVaIGeminiAgArch interpretContent
INFO: [CoNVaIGeminiAgArch] interpretContent | content="Thanks for the clarification! So tragic to hear about the sh" | pnov=0.000 | prpl=0.003 | pnw=0.850 | topics=[ottawa shooting, parliament hill, war memorial, tragedy, condolences]
May 10, 2026 9:05:18 PM arch.CoNVaIGeminiAgArch interpretContent
INFO: [CoNVaIGeminiAgArch] interpretContent | content="You're right, it was one horrific event on Oct 22, 2014. Off" | pnov=0.000 | prpl=0.192 | pnw=0.750 | topics=[ottawa shooting, parliament hill, war memorial, oct 22 2014, ottawastrong]
May 10, 2026 9:05:18 PM arch.CoNVaIGeminiAgArch interpretContent
INFO: [CoNVaIGeminiAgArch] interpretContent | content="You're right, it was one horrific event on Oct 22, 2014. Off" | pnov=0.000 | prpl=0.192 | pnw=0.750 | topics=[ottawa shooting, parliament hill, war memorial, oct 22 2014, ottawastrong]
May 10, 2026 9:05:18 PM arch.CoNVaIGeminiAgArch interpretContent
INFO: [CoNVaIGeminiAgArch] interpretContent | content="Police have clarified that there were two shootings in Ottaw" | pnov=0.000 | prpl=0.000 | pnw=0.650 | topics=[ottawa shootings, war memorial, parliament hill, police clarification]
May 10, 2026 9:05:18 PM arch.CoNVaIGeminiAgArch interpretContent
INFO: [CoNVaIGeminiAgArch] interpretContent | content="Glad police clarified! Two shootings today in Ottawa: War Me" | pnov=0.000 | prpl=0.000 | pnw=0.750 | topics=[ottawa shootings, police clarification, parliament hill, war memorial]
May 10, 2026 9:05:18 PM arch.CoNVaIGeminiAgArch interpretContent
INFO: [CoNVaIGeminiAgArch] interpretContent | content="Glad police cleared that up! Two shootings today in Ottawa, " | pnov=0.000 | prpl=0.000 | pnw=0.750 | topics=[ottawa shootings, war memorial, parliament hill, public safety]
May 10, 2026 9:05:19 PM arch.CoNVaIGeminiAgArch interpretContent
INFO: [CoNVaIGeminiAgArch] interpretContent | content="Glad police cleared that up! Two shootings today in Ottawa, " | pnov=0.000 | prpl=0.000 | pnw=0.750 | topics=[ottawa shootings, war memorial, parliament hill, public safety]
May 10, 2026 9:05:19 PM arch.CoNVaIGeminiAgArch interpretContent
INFO: [CoNVaIGeminiAgArch] interpretContent | content="So glad for the police clarification! 🙏 Two shootings today" | pnov=0.000 | prpl=0.192 | pnw=0.750 | topics=[ottawa shooting, police clarification, parliament hill, war memorial]
May 10, 2026 9:05:19 PM arch.CoNVaIGeminiAgArch interpretContent
INFO: [CoNVaIGeminiAgArch] interpretContent | content="Police have clarified that there were two shootings in Ottaw" | pnov=0.000 | prpl=0.000 | pnw=0.650 | topics=[ottawa shootings, war memorial, parliament hill, police clarification]
May 10, 2026 9:05:19 PM arch.CoNVaIGeminiAgArch interpretContent
INFO: [CoNVaIGeminiAgArch] interpretContent | content="Actually, the official reports confirm only ONE incident at " | pnov=0.000 | prpl=0.030 | pnw=0.750 | topics=[ottawa shooting, parliament hill, oct 22 2014, official reports, facts]
May 10, 2026 9:05:18 PM arch.CoNVaIGeminiAgArch interpretContent
INFO: [CoNVaIGeminiAgArch] interpretContent | content="So glad police confirmed the two Ottawa shootings at the War" | pnov=0.000 | prpl=0.409 | pnw=0.750 | topics=[ottawa shootings, war memorial, parliament hill, police confirmation]
May 10, 2026 9:05:18 PM arch.CoNVaIGeminiAgArch interpretContent
INFO: [CoNVaIGeminiAgArch] interpretContent | content="Thank god for the police confirmation! 2 shootings in Ottawa" | pnov=0.000 | prpl=0.016 | pnw=0.850 | topics=[ottawa shootings, police confirmation, parliament hill, war memorial]
May 10, 2026 9:05:18 PM arch.CoNVaIGeminiAgArch interpretContent
INFO: [CoNVaIGeminiAgArch] interpretContent | content="Glad police clarified! Crucial to get facts right about the " | pnov=0.000 | prpl=0.007 | pnw=0.750 | topics=[ottawa shootings, police clarification, war memorial, parliament hill]
May 10, 2026 9:05:18 PM arch.CoNVaIGeminiAgArch interpretContent
INFO: [CoNVaIGeminiAgArch] interpretContent | content="So glad police clarified! 🙏 Two shootings in Ottawa today, " | pnov=0.000 | prpl=0.165 | pnw=0.750 | topics=[ottawa shootings, parliament hill, war memorial, police clarification]
May 10, 2026 9:05:19 PM arch.CoNVaIGeminiAgArch interpretContent
INFO: [CoNVaIGeminiAgArch] interpretContent | content="Police have clarified that there were two shootings in Ottaw" | pnov=0.000 | prpl=0.000 | pnw=0.650 | topics=[ottawa shootings, war memorial, parliament hill, police clarification]
May 10, 2026 9:05:19 PM arch.CoNVaIGeminiAgArch interpretContent
INFO: [CoNVaIGeminiAgArch] interpretContent | content="So relieved police clarified! 🙏 Scary to hear about the Ott" | pnov=0.000 | prpl=0.091 | pnw=0.750 | topics=[ottawa shootings, war memorial, parliament hill, police clarification]
May 10, 2026 9:05:19 PM arch.CoNVaIGeminiAgArch interpretContent
INFO: [CoNVaIGeminiAgArch] interpretContent | content="Thanks for the clarification! So tragic to hear about the sh" | pnov=0.000 | prpl=0.026 | pnw=0.850 | topics=[ottawa shooting, parliament hill, war memorial, tragedy, condolences]
May 10, 2026 9:05:19 PM arch.CoNVaIGeminiAgArch interpretContent
INFO: [CoNVaIGeminiAgArch] interpretContent | content="Police have clarified that there were two shootings in Ottaw" | pnov=0.000 | prpl=0.000 | pnw=0.650 | topics=[ottawa shootings, war memorial, parliament hill, police clarification]
May 10, 2026 9:05:19 PM arch.CoNVaIGeminiAgArch interpretContent
INFO: [CoNVaIGeminiAgArch] interpretContent | content="Police have clarified that there were two shootings in Ottaw" | pnov=0.000 | prpl=0.000 | pnw=0.650 | topics=[ottawa shootings, war memorial, parliament hill, police clarification]
May 10, 2026 9:05:19 PM arch.CoNVaIGeminiAgArch interpretContent
INFO: [CoNVaIGeminiAgArch] interpretContent | content="Police have clarified that there were two shootings in Ottaw" | pnov=0.000 | prpl=0.000 | pnw=0.650 | topics=[ottawa shootings, war memorial, parliament hill, police clarification]
May 10, 2026 9:05:19 PM arch.CoNVaIGeminiAgArch interpretContent
INFO: [CoNVaIGeminiAgArch] interpretContent | content="Police have clarified that there were two shootings in Ottaw" | pnov=0.000 | prpl=0.000 | pnw=0.650 | topics=[ottawa shootings, war memorial, parliament hill, police clarification]
May 10, 2026 9:05:19 PM arch.CoNVaIGeminiAgArch interpretContent
INFO: [CoNVaIGeminiAgArch] interpretContent | content="Police have clarified that there were two shootings in Ottaw" | pnov=0.000 | prpl=0.000 | pnw=0.650 | topics=[ottawa shootings, war memorial, parliament hill, police clarification]
May 10, 2026 9:05:19 PM arch.CoNVaIGeminiAgArch interpretContent
INFO: [CoNVaIGeminiAgArch] interpretContent | content="Police have clarified that there were two shootings in Ottaw" | pnov=0.000 | prpl=0.000 | pnw=0.650 | topics=[ottawa shootings, war memorial, parliament hill, police clarification]
May 10, 2026 9:05:19 PM arch.CoNVaIGeminiAgArch interpretContent
INFO: [CoNVaIGeminiAgArch] interpretContent | content="Police have clarified that there were two shootings in Ottaw" | pnov=0.000 | prpl=0.000 | pnw=0.650 | topics=[ottawa shootings, war memorial, parliament hill, police clarification]
May 10, 2026 9:05:19 PM arch.CoNVaIGeminiAgArch interpretContent
INFO: [CoNVaIGeminiAgArch] interpretContent | content="Police have clarified that there were two shootings in Ottaw" | pnov=0.000 | prpl=0.000 | pnw=0.650 | topics=[ottawa shootings, war memorial, parliament hill, police clarification]
May 10, 2026 9:05:19 PM arch.CoNVaIGeminiAgArch interpretContent
INFO: [CoNVaIGeminiAgArch] interpretContent | content="Police have clarified that there were two shootings in Ottaw" | pnov=0.000 | prpl=0.000 | pnw=0.650 | topics=[ottawa shootings, war memorial, parliament hill, police clarification]
May 10, 2026 9:05:19 PM arch.CoNVaIGeminiAgArch interpretContent
INFO: [CoNVaIGeminiAgArch] interpretContent | content="Good to know police clarified this. Important distinction: 2" | pnov=0.000 | prpl=0.000 | pnw=0.650 | topics=[ottawa shooting, parliament hill, war memorial, police clarification]
May 10, 2026 9:05:19 PM arch.CoNVaIGeminiAgArch interpretContent
INFO: [CoNVaIGeminiAgArch] interpretContent | content="Police have clarified that there were two shootings in Ottaw" | pnov=0.000 | prpl=0.000 | pnw=0.650 | topics=[ottawa shootings, war memorial, parliament hill, police clarification]
May 10, 2026 9:05:19 PM arch.CoNVaIGeminiAgArch interpretContent
INFO: [CoNVaIGeminiAgArch] interpretContent | content="So relieved police clarified! 🙏 Scary to hear about the Ott" | pnov=0.000 | prpl=0.247 | pnw=0.750 | topics=[ottawa shootings, war memorial, parliament hill, police clarification]
May 10, 2026 9:05:19 PM arch.CoNVaIGeminiAgArch interpretContent
INFO: [CoNVaIGeminiAgArch] interpretContent | content="Actually, reports confirmed shots fired near Parliament AND " | pnov=0.000 | prpl=0.030 | pnw=0.750 | topics=[ottawa shooting, parliament, war memorial, verified info, rumors]
May 10, 2026 9:05:19 PM arch.CoNVaIGeminiAgArch interpretContent
INFO: [CoNVaIGeminiAgArch] interpretContent | content="Police have clarified that there were two shootings in Ottaw" | pnov=0.000 | prpl=0.000 | pnw=0.650 | topics=[ottawa shootings, war memorial, parliament hill, police clarification]
May 10, 2026 9:05:19 PM arch.CoNVaIGeminiAgArch interpretContent
INFO: [CoNVaIGeminiAgArch] interpretContent | content="Police have clarified that there were two shootings in Ottaw" | pnov=0.000 | prpl=0.000 | pnw=0.650 | topics=[ottawa shootings, war memorial, parliament hill, police clarification]
May 10, 2026 9:05:19 PM arch.CoNVaIGeminiAgArch interpretContent
INFO: [CoNVaIGeminiAgArch] interpretContent | content="Police have clarified that there were two shootings in Ottaw" | pnov=0.000 | prpl=0.000 | pnw=0.650 | topics=[ottawa shootings, war memorial, parliament hill, police clarification]
May 10, 2026 9:05:19 PM arch.CoNVaIGeminiAgArch interpretContent
INFO: [CoNVaIGeminiAgArch] interpretContent | content="Glad police cleared that up! Two shootings today in Ottawa, " | pnov=0.000 | prpl=0.000 | pnw=0.750 | topics=[ottawa shootings, war memorial, parliament hill, public safety]
May 10, 2026 9:05:19 PM arch.CoNVaIGeminiAgArch interpretContent
INFO: [CoNVaIGeminiAgArch] interpretContent | content="Police have clarified that there were two shootings in Ottaw" | pnov=0.000 | prpl=0.000 | pnw=0.650 | topics=[ottawa shootings, war memorial, parliament hill, police clarification]
May 10, 2026 9:05:19 PM arch.CoNVaIGeminiAgArch interpretContent
INFO: [CoNVaIGeminiAgArch] interpretContent | content="Police have clarified that there were two shootings in Ottaw" | pnov=0.000 | prpl=0.000 | pnw=0.650 | topics=[ottawa shootings, war memorial, parliament hill, police clarification]
May 10, 2026 9:05:19 PM arch.CoNVaIGeminiAgArch interpretContent
INFO: [CoNVaIGeminiAgArch] interpretContent | content="Police have clarified that there were two shootings in Ottaw" | pnov=0.000 | prpl=0.000 | pnw=0.650 | topics=[ottawa shootings, war memorial, parliament hill, police clarification]
May 10, 2026 9:05:19 PM arch.CoNVaIGeminiAgArch interpretContent
INFO: [CoNVaIGeminiAgArch] interpretContent | content="Unbelievable what happened today. So grateful our police are" | pnov=0.000 | prpl=0.150 | pnw=0.750 | topics=[ottawa shooting, police action, public safety, gratitude]
May 10, 2026 9:05:19 PM arch.CoNVaIGeminiAgArch interpretContent
INFO: [CoNVaIGeminiAgArch] interpretContent | content="Glad police cleared that up! Two shootings today in Ottawa, " | pnov=0.000 | prpl=0.000 | pnw=0.750 | topics=[ottawa shootings, war memorial, parliament hill, public safety]
May 10, 2026 9:05:19 PM arch.CoNVaIGeminiAgArch interpretContent
INFO: [CoNVaIGeminiAgArch] interpretContent | content="Police have clarified that there were two shootings in Ottaw" | pnov=0.000 | prpl=0.000 | pnw=0.650 | topics=[ottawa shootings, war memorial, parliament hill, police clarification]
May 10, 2026 9:05:19 PM arch.CoNVaIGeminiAgArch interpretContent
INFO: [CoNVaIGeminiAgArch] interpretContent | content="Police have clarified that there were two shootings in Ottaw" | pnov=0.000 | prpl=0.000 | pnw=0.650 | topics=[ottawa shootings, war memorial, parliament hill, police clarification]
May 10, 2026 9:05:19 PM arch.CoNVaIGeminiAgArch interpretContent
INFO: [CoNVaIGeminiAgArch] interpretContent | content="Police have clarified that there were two shootings in Ottaw" | pnov=0.000 | prpl=0.000 | pnw=0.650 | topics=[ottawa shootings, war memorial, parliament hill, police clarification]
May 10, 2026 9:05:19 PM arch.CoNVaIGeminiAgArch interpretContent
INFO: [CoNVaIGeminiAgArch] interpretContent | content="Police have clarified that there were two shootings in Ottaw" | pnov=0.000 | prpl=0.000 | pnw=0.650 | topics=[ottawa shootings, war memorial, parliament hill, police clarification]
May 10, 2026 9:05:19 PM arch.CoNVaIGeminiAgArch interpretContent
INFO: [CoNVaIGeminiAgArch] interpretContent | content="Police have clarified that there were two shootings in Ottaw" | pnov=0.000 | prpl=0.000 | pnw=0.650 | topics=[ottawa shootings, war memorial, parliament hill, police clarification]
May 10, 2026 9:05:19 PM arch.CoNVaIGeminiAgArch interpretContent
INFO: [CoNVaIGeminiAgArch] interpretContent | content="Police have clarified that there were two shootings in Ottaw" | pnov=0.000 | prpl=0.000 | pnw=0.650 | topics=[ottawa shootings, war memorial, parliament hill, police clarification]
May 10, 2026 9:05:19 PM arch.CoNVaIGeminiAgArch interpretContent
INFO: [CoNVaIGeminiAgArch] interpretContent | content="Glad police cleared that up! Two shootings today in Ottawa, " | pnov=0.000 | prpl=0.000 | pnw=0.750 | topics=[ottawa shootings, war memorial, parliament hill, public safety]
May 10, 2026 9:05:19 PM arch.CoNVaIGeminiAgArch interpretContent
INFO: [CoNVaIGeminiAgArch] interpretContent | content="Unbelievable what happened today. So grateful our police are" | pnov=0.000 | prpl=0.018 | pnw=0.750 | topics=[ottawa shooting, police action, public safety, gratitude]
May 10, 2026 9:05:19 PM arch.CoNVaIGeminiAgArch interpretContent
INFO: [CoNVaIGeminiAgArch] interpretContent | content="Thanks for the clarification! So tragic to hear about the sh" | pnov=0.000 | prpl=0.003 | pnw=0.850 | topics=[ottawa shooting, parliament hill, war memorial, tragedy, condolences]
May 10, 2026 9:05:19 PM arch.CoNVaIGeminiAgArch interpretContent
INFO: [CoNVaIGeminiAgArch] interpretContent | content="Police have clarified that there were two shootings in Ottaw" | pnov=0.000 | prpl=0.000 | pnw=0.650 | topics=[ottawa shootings, war memorial, parliament hill, police clarification]
May 10, 2026 9:05:19 PM arch.CoNVaIGeminiAgArch interpretContent
INFO: [CoNVaIGeminiAgArch] interpretContent | content="Police have clarified that there were two shootings in Ottaw" | pnov=0.000 | prpl=0.000 | pnw=0.650 | topics=[ottawa shootings, war memorial, parliament hill, police clarification]
May 10, 2026 9:05:19 PM arch.CoNVaIGeminiAgArch interpretContent
INFO: [CoNVaIGeminiAgArch] interpretContent | content="Police have clarified that there were two shootings in Ottaw" | pnov=0.000 | prpl=0.000 | pnw=0.650 | topics=[ottawa shootings, war memorial, parliament hill, police clarification]
May 10, 2026 9:05:19 PM arch.CoNVaIGeminiAgArch interpretContent
INFO: [CoNVaIGeminiAgArch] interpretContent | content="Police have clarified that there were two shootings in Ottaw" | pnov=0.000 | prpl=0.000 | pnw=0.650 | topics=[ottawa shootings, war memorial, parliament hill, police clarification]
May 10, 2026 9:05:19 PM arch.CoNVaIGeminiAgArch interpretContent
INFO: [CoNVaIGeminiAgArch] interpretContent | content="Police have clarified that there were two shootings in Ottaw" | pnov=0.000 | prpl=0.000 | pnw=0.650 | topics=[ottawa shootings, war memorial, parliament hill, police clarification]
May 10, 2026 9:05:19 PM arch.CoNVaIGeminiAgArch interpretContent
INFO: [CoNVaIGeminiAgArch] interpretContent | content="Important clarification from police: Today's incidents in Ot" | pnov=0.000 | prpl=0.000 | pnw=0.750 | topics=[ottawa shooting, police clarification, parliament hill, war memorial]
May 10, 2026 9:05:19 PM arch.CoNVaIGeminiAgArch interpretContent
INFO: [CoNVaIGeminiAgArch] interpretContent | content="Police have clarified that there were two shootings in Ottaw" | pnov=0.000 | prpl=0.000 | pnw=0.650 | topics=[ottawa shootings, war memorial, parliament hill, police clarification]
May 10, 2026 9:05:19 PM arch.CoNVaIGeminiAgArch interpretContent
INFO: [CoNVaIGeminiAgArch] interpretContent | content="Police have clarified that there were two shootings in Ottaw" | pnov=0.000 | prpl=0.000 | pnw=0.650 | topics=[ottawa shootings, war memorial, parliament hill, police clarification]
May 10, 2026 9:05:19 PM arch.CoNVaIGeminiAgArch interpretContent
INFO: [CoNVaIGeminiAgArch] interpretContent | content="Police have clarified that there were two shootings in Ottaw" | pnov=0.000 | prpl=0.000 | pnw=0.650 | topics=[ottawa shootings, war memorial, parliament hill, police clarification]
May 10, 2026 9:05:19 PM arch.CoNVaIGeminiAgArch interpretContent
INFO: [CoNVaIGeminiAgArch] interpretContent | content="Important clarification from police: Today's incidents in Ot" | pnov=0.000 | prpl=0.000 | pnw=0.750 | topics=[ottawa shooting, police clarification, parliament hill, war memorial]
May 10, 2026 9:05:19 PM arch.CoNVaIGeminiAgArch interpretContent
INFO: [CoNVaIGeminiAgArch] interpretContent | content="Police have clarified that there were two shootings in Ottaw" | pnov=0.000 | prpl=0.000 | pnw=0.650 | topics=[ottawa shootings, war memorial, parliament hill, police clarification]
May 10, 2026 9:05:19 PM arch.CoNVaIGeminiAgArch interpretContent
INFO: [CoNVaIGeminiAgArch] interpretContent | content="Police have clarified that there were two shootings in Ottaw" | pnov=0.000 | prpl=0.000 | pnw=0.650 | topics=[ottawa shootings, war memorial, parliament hill, police clarification]
May 10, 2026 9:05:19 PM arch.CoNVaIGeminiAgArch interpretContent
INFO: [CoNVaIGeminiAgArch] interpretContent | content="Police have clarified that there were two shootings in Ottaw" | pnov=0.000 | prpl=0.000 | pnw=0.650 | topics=[ottawa shootings, war memorial, parliament hill, police clarification]
May 10, 2026 9:05:19 PM arch.CoNVaIGeminiAgArch interpretContent
INFO: [CoNVaIGeminiAgArch] interpretContent | content="Good to know police clarified this. Important distinction: 2" | pnov=0.000 | prpl=0.000 | pnw=0.650 | topics=[ottawa shooting, parliament hill, war memorial, police clarification]
May 10, 2026 9:05:19 PM arch.CoNVaIGeminiAgArch interpretContent
INFO: [CoNVaIGeminiAgArch] interpretContent | content="Police have clarified that there were two shootings in Ottaw" | pnov=0.000 | prpl=0.000 | pnw=0.650 | topics=[ottawa shootings, war memorial, parliament hill, police clarification]
May 10, 2026 9:05:19 PM arch.CoNVaIGeminiAgArch interpretContent
INFO: [CoNVaIGeminiAgArch] interpretContent | content="Glad police clarified! Two shootings today in Ottawa: War Me" | pnov=0.000 | prpl=0.000 | pnw=0.750 | topics=[ottawa shootings, police clarification, parliament hill, war memorial]
May 10, 2026 9:05:19 PM arch.CoNVaIGeminiAgArch interpretContent
INFO: [CoNVaIGeminiAgArch] interpretContent | content="Police have clarified that there were two shootings in Ottaw" | pnov=0.000 | prpl=0.000 | pnw=0.650 | topics=[ottawa shootings, war memorial, parliament hill, police clarification]
May 10, 2026 9:05:19 PM arch.CoNVaIGeminiAgArch interpretContent
INFO: [CoNVaIGeminiAgArch] interpretContent | content="Police have clarified that there were two shootings in Ottaw" | pnov=0.000 | prpl=0.000 | pnw=0.650 | topics=[ottawa shootings, war memorial, parliament hill, police clarification]
May 10, 2026 9:05:19 PM arch.CoNVaIGeminiAgArch interpretContent
INFO: [CoNVaIGeminiAgArch] interpretContent | content="Police have clarified that there were two shootings in Ottaw" | pnov=0.000 | prpl=0.000 | pnw=0.650 | topics=[ottawa shootings, war memorial, parliament hill, police clarification]
May 10, 2026 9:05:19 PM arch.CoNVaIGeminiAgArch interpretContent
INFO: [CoNVaIGeminiAgArch] interpretContent | content="Police have clarified that there were two shootings in Ottaw" | pnov=0.000 | prpl=0.000 | pnw=0.650 | topics=[ottawa shootings, war memorial, parliament hill, police clarification]
May 10, 2026 9:05:19 PM arch.CoNVaIGeminiAgArch interpretContent
INFO: [CoNVaIGeminiAgArch] interpretContent | content="Police have clarified that there were two shootings in Ottaw" | pnov=0.000 | prpl=0.000 | pnw=0.650 | topics=[ottawa shootings, war memorial, parliament hill, police clarification]
May 10, 2026 9:05:19 PM arch.CoNVaIGeminiAgArch interpretContent
INFO: [CoNVaIGeminiAgArch] interpretContent | content="Police have clarified that there were two shootings in Ottaw" | pnov=0.000 | prpl=0.000 | pnw=0.650 | topics=[ottawa shootings, war memorial, parliament hill, police clarification]
May 10, 2026 9:05:19 PM arch.CoNVaIGeminiAgArch interpretContent
INFO: [CoNVaIGeminiAgArch] interpretContent | content="Police have clarified that there were two shootings in Ottaw" | pnov=0.000 | prpl=0.000 | pnw=0.650 | topics=[ottawa shootings, war memorial, parliament hill, police clarification]
May 10, 2026 9:05:19 PM arch.CoNVaIGeminiAgArch interpretContent
INFO: [CoNVaIGeminiAgArch] interpretContent | content="Police have clarified that there were two shootings in Ottaw" | pnov=0.000 | prpl=0.000 | pnw=0.650 | topics=[ottawa shootings, war memorial, parliament hill, police clarification]
May 10, 2026 9:05:19 PM arch.CoNVaIGeminiAgArch interpretContent
INFO: [CoNVaIGeminiAgArch] interpretContent | content="Police have clarified that there were two shootings in Ottaw" | pnov=0.000 | prpl=0.000 | pnw=0.650 | topics=[ottawa shootings, war memorial, parliament hill, police clarification]
May 10, 2026 9:05:19 PM arch.CoNVaIGeminiAgArch interpretContent
INFO: [CoNVaIGeminiAgArch] interpretContent | content="Police have clarified that there were two shootings in Ottaw" | pnov=0.000 | prpl=0.000 | pnw=0.650 | topics=[ottawa shootings, war memorial, parliament hill, police clarification]
May 10, 2026 9:05:19 PM arch.CoNVaIGeminiAgArch interpretContent
INFO: [CoNVaIGeminiAgArch] interpretContent | content="Police have clarified that there were two shootings in Ottaw" | pnov=0.000 | prpl=0.000 | pnw=0.650 | topics=[ottawa shootings, war memorial, parliament hill, police clarification]
May 10, 2026 9:05:19 PM arch.CoNVaIGeminiAgArch interpretContent
INFO: [CoNVaIGeminiAgArch] interpretContent | content="Police have clarified that there were two shootings in Ottaw" | pnov=0.000 | prpl=0.000 | pnw=0.650 | topics=[ottawa shootings, war memorial, parliament hill, police clarification]
May 10, 2026 9:05:19 PM arch.CoNVaIGeminiAgArch interpretContent
INFO: [CoNVaIGeminiAgArch] interpretContent | content="Police have clarified that there were two shootings in Ottaw" | pnov=0.000 | prpl=0.000 | pnw=0.650 | topics=[ottawa shootings, war memorial, parliament hill, police clarification]
May 10, 2026 9:05:19 PM arch.CoNVaIGeminiAgArch interpretContent
INFO: [CoNVaIGeminiAgArch] interpretContent | content="Police have clarified that there were two shootings in Ottaw" | pnov=0.000 | prpl=0.000 | pnw=0.650 | topics=[ottawa shootings, war memorial, parliament hill, police clarification]
May 10, 2026 9:05:19 PM arch.CoNVaIGeminiAgArch interpretContent
INFO: [CoNVaIGeminiAgArch] interpretContent | content="Police have clarified that there were two shootings in Ottaw" | pnov=0.000 | prpl=0.000 | pnw=0.650 | topics=[ottawa shootings, war memorial, parliament hill, police clarification]
May 10, 2026 9:05:19 PM arch.CoNVaIGeminiAgArch interpretContent
INFO: [CoNVaIGeminiAgArch] interpretContent | content="Glad police cleared that up! Two shootings today in Ottawa, " | pnov=0.000 | prpl=0.000 | pnw=0.750 | topics=[ottawa shootings, war memorial, parliament hill, public safety]
May 10, 2026 9:05:19 PM arch.CoNVaIGeminiAgArch interpretContent
INFO: [CoNVaIGeminiAgArch] interpretContent | content="Glad police clarified! Two shootings today in Ottawa: War Me" | pnov=0.000 | prpl=0.000 | pnw=0.750 | topics=[ottawa shootings, police clarification, parliament hill, war memorial]
May 10, 2026 9:05:19 PM arch.CoNVaIGeminiAgArch interpretContent
INFO: [CoNVaIGeminiAgArch] interpretContent | content="Important clarification from police: Today's incidents in Ot" | pnov=0.000 | prpl=0.000 | pnw=0.750 | topics=[ottawa shooting, police clarification, parliament hill, war memorial]
May 10, 2026 9:05:19 PM arch.CoNVaIGeminiAgArch interpretContent
INFO: [CoNVaIGeminiAgArch] interpretContent | content="Police have clarified that there were two shootings in Ottaw" | pnov=0.000 | prpl=0.000 | pnw=0.650 | topics=[ottawa shootings, war memorial, parliament hill, police clarification]
May 10, 2026 9:05:19 PM arch.CoNVaIGeminiAgArch interpretContent
INFO: [CoNVaIGeminiAgArch] interpretContent | content="Police have clarified that there were two shootings in Ottaw" | pnov=0.000 | prpl=0.000 | pnw=0.650 | topics=[ottawa shootings, war memorial, parliament hill, police clarification]
May 10, 2026 9:05:19 PM arch.CoNVaIGeminiAgArch interpretContent
INFO: [CoNVaIGeminiAgArch] interpretContent | content="Police have clarified that there were two shootings in Ottaw" | pnov=0.000 | prpl=0.000 | pnw=0.650 | topics=[ottawa shootings, war memorial, parliament hill, police clarification]
May 10, 2026 9:05:19 PM arch.CoNVaIGeminiAgArch interpretContent
INFO: [CoNVaIGeminiAgArch] interpretContent | content="Glad police clarified! Two shootings today in Ottawa: War Me" | pnov=0.000 | prpl=0.025 | pnw=0.750 | topics=[ottawa shootings, police clarification, parliament hill, war memorial]
May 10, 2026 9:05:19 PM arch.CoNVaIGeminiAgArch interpretContent
INFO: [CoNVaIGeminiAgArch] interpretContent | content="Police have clarified that there were two shootings in Ottaw" | pnov=0.000 | prpl=0.000 | pnw=0.650 | topics=[ottawa shootings, war memorial, parliament hill, police clarification]
May 10, 2026 9:05:19 PM arch.CoNVaIGeminiAgArch interpretContent
INFO: [CoNVaIGeminiAgArch] interpretContent | content="Police have clarified that there were two shootings in Ottaw" | pnov=0.000 | prpl=0.000 | pnw=0.650 | topics=[ottawa shootings, war memorial, parliament hill, police clarification]
May 10, 2026 9:05:19 PM arch.CoNVaIGeminiAgArch interpretContent
INFO: [CoNVaIGeminiAgArch] interpretContent | content="Police have clarified that there were two shootings in Ottaw" | pnov=0.000 | prpl=0.000 | pnw=0.650 | topics=[ottawa shootings, war memorial, parliament hill, police clarification]
May 10, 2026 9:05:19 PM arch.CoNVaIGeminiAgArch interpretContent
INFO: [CoNVaIGeminiAgArch] interpretContent | content="Police have clarified that there were two shootings in Ottaw" | pnov=0.000 | prpl=0.000 | pnw=0.650 | topics=[ottawa shootings, war memorial, parliament hill, police clarification]
May 10, 2026 9:05:19 PM arch.CoNVaIGeminiAgArch interpretContent
INFO: [CoNVaIGeminiAgArch] interpretContent | content="Police have clarified that there were two shootings in Ottaw" | pnov=0.000 | prpl=0.000 | pnw=0.650 | topics=[ottawa shootings, war memorial, parliament hill, police clarification]
May 10, 2026 9:05:19 PM arch.CoNVaIGeminiAgArch interpretContent
INFO: [CoNVaIGeminiAgArch] interpretContent | content="Police have clarified that there were two shootings in Ottaw" | pnov=0.000 | prpl=0.000 | pnw=0.650 | topics=[ottawa shootings, war memorial, parliament hill, police clarification]
May 10, 2026 9:05:19 PM arch.CoNVaIGeminiAgArch interpretContent
INFO: [CoNVaIGeminiAgArch] interpretContent | content="Police have clarified that there were two shootings in Ottaw" | pnov=0.000 | prpl=0.000 | pnw=0.650 | topics=[ottawa shootings, war memorial, parliament hill, police clarification]
May 10, 2026 9:05:19 PM arch.CoNVaIGeminiAgArch interpretContent
INFO: [CoNVaIGeminiAgArch] interpretContent | content="Police have clarified that there were two shootings in Ottaw" | pnov=0.000 | prpl=0.000 | pnw=0.650 | topics=[ottawa shootings, war memorial, parliament hill, police clarification]
May 10, 2026 9:05:19 PM arch.CoNVaIGeminiAgArch interpretContent
INFO: [CoNVaIGeminiAgArch] interpretContent | content="Glad police cleared that up! Two shootings today in Ottawa, " | pnov=0.000 | prpl=0.000 | pnw=0.750 | topics=[ottawa shootings, war memorial, parliament hill, public safety]
May 10, 2026 9:05:19 PM arch.CoNVaIGeminiAgArch interpretContent
INFO: [CoNVaIGeminiAgArch] interpretContent | content="Glad police cleared that up! Two shootings today in Ottawa, " | pnov=0.000 | prpl=0.000 | pnw=0.750 | topics=[ottawa shootings, war memorial, parliament hill, public safety]
May 10, 2026 9:05:19 PM arch.CoNVaIGeminiAgArch interpretContent
INFO: [CoNVaIGeminiAgArch] interpretContent | content="Police have clarified that there were two shootings in Ottaw" | pnov=0.000 | prpl=0.000 | pnw=0.650 | topics=[ottawa shootings, war memorial, parliament hill, police clarification]
May 10, 2026 9:05:19 PM arch.CoNVaIGeminiAgArch interpretContent
INFO: [CoNVaIGeminiAgArch] interpretContent | content="Police have clarified that there were two shootings in Ottaw" | pnov=0.000 | prpl=0.000 | pnw=0.650 | topics=[ottawa shootings, war memorial, parliament hill, police clarification]
May 10, 2026 9:05:19 PM arch.CoNVaIGeminiAgArch interpretContent
INFO: [CoNVaIGeminiAgArch] interpretContent | content="Glad police cleared that up! Two shootings today in Ottawa, " | pnov=0.000 | prpl=0.000 | pnw=0.750 | topics=[ottawa shootings, war memorial, parliament hill, public safety]
May 10, 2026 9:05:19 PM arch.CoNVaIGeminiAgArch interpretContent
INFO: [CoNVaIGeminiAgArch] interpretContent | content="Good to know police clarified this. Important distinction: 2" | pnov=0.000 | prpl=0.000 | pnw=0.650 | topics=[ottawa shooting, parliament hill, war memorial, police clarification]
May 10, 2026 9:05:19 PM arch.CoNVaIGeminiAgArch interpretContent
INFO: [CoNVaIGeminiAgArch] interpretContent | content="Police have clarified that there were two shootings in Ottaw" | pnov=0.000 | prpl=0.000 | pnw=0.650 | topics=[ottawa shootings, war memorial, parliament hill, police clarification]
May 10, 2026 9:05:19 PM arch.CoNVaIGeminiAgArch interpretContent
INFO: [CoNVaIGeminiAgArch] interpretContent | content="Police have clarified that there were two shootings in Ottaw" | pnov=0.000 | prpl=0.000 | pnw=0.650 | topics=[ottawa shootings, war memorial, parliament hill, police clarification]
May 10, 2026 9:05:19 PM arch.CoNVaIGeminiAgArch interpretContent
INFO: [CoNVaIGeminiAgArch] interpretContent | content="Police have clarified that there were two shootings in Ottaw" | pnov=0.000 | prpl=0.000 | pnw=0.650 | topics=[ottawa shootings, war memorial, parliament hill, police clarification]
May 10, 2026 9:05:19 PM arch.CoNVaIGeminiAgArch interpretContent
INFO: [CoNVaIGeminiAgArch] interpretContent | content="Police have clarified that there were two shootings in Ottaw" | pnov=0.000 | prpl=0.000 | pnw=0.650 | topics=[ottawa shootings, war memorial, parliament hill, police clarification]
May 10, 2026 9:05:19 PM arch.CoNVaIGeminiAgArch interpretContent
INFO: [CoNVaIGeminiAgArch] interpretContent | content="Police have clarified that there were two shootings in Ottaw" | pnov=0.000 | prpl=0.000 | pnw=0.650 | topics=[ottawa shootings, war memorial, parliament hill, police clarification]
May 10, 2026 9:05:19 PM arch.CoNVaIGeminiAgArch interpretContent
INFO: [CoNVaIGeminiAgArch] interpretContent | content="Police have clarified that there were two shootings in Ottaw" | pnov=0.000 | prpl=0.000 | pnw=0.650 | topics=[ottawa shootings, war memorial, parliament hill, police clarification]
May 10, 2026 9:05:19 PM arch.CoNVaIGeminiAgArch interpretContent
INFO: [CoNVaIGeminiAgArch] interpretContent | content="Police have clarified that there were two shootings in Ottaw" | pnov=0.000 | prpl=0.000 | pnw=0.650 | topics=[ottawa shootings, war memorial, parliament hill, police clarification]
May 10, 2026 9:05:19 PM arch.CoNVaIGeminiAgArch interpretContent
INFO: [CoNVaIGeminiAgArch] interpretContent | content="Glad police clarified! Two shootings today in Ottawa: War Me" | pnov=0.000 | prpl=0.023 | pnw=0.750 | topics=[ottawa shootings, police clarification, parliament hill, war memorial]
May 10, 2026 9:05:19 PM arch.CoNVaIGeminiAgArch interpretContent
INFO: [CoNVaIGeminiAgArch] interpretContent | content="Police have clarified that there were two shootings in Ottaw" | pnov=0.000 | prpl=0.000 | pnw=0.650 | topics=[ottawa shootings, war memorial, parliament hill, police clarification]
May 10, 2026 9:05:19 PM arch.CoNVaIGeminiAgArch interpretContent
INFO: [CoNVaIGeminiAgArch] interpretContent | content="Police have clarified that there were two shootings in Ottaw" | pnov=0.000 | prpl=0.000 | pnw=0.650 | topics=[ottawa shootings, war memorial, parliament hill, police clarification]
May 10, 2026 9:05:19 PM arch.CoNVaIGeminiAgArch interpretContent
INFO: [CoNVaIGeminiAgArch] interpretContent | content="Glad police cleared that up! Two shootings today in Ottawa, " | pnov=0.000 | prpl=0.000 | pnw=0.750 | topics=[ottawa shootings, war memorial, parliament hill, public safety]
May 10, 2026 9:05:19 PM arch.CoNVaIGeminiAgArch interpretContent
INFO: [CoNVaIGeminiAgArch] interpretContent | content="So thankful for the police confirmation on the two Ottawa sh" | pnov=0.000 | prpl=0.287 | pnw=0.750 | topics=[ottawa shootings, war memorial, parliament hill, safety alert]
May 10, 2026 9:05:19 PM arch.CoNVaIGeminiAgArch interpretContent
INFO: [CoNVaIGeminiAgArch] interpretContent | content="So relieved police clarified! 🙏 Scary to hear about the Ott" | pnov=0.000 | prpl=0.369 | pnw=0.750 | topics=[ottawa shootings, war memorial, parliament hill, police clarification]
May 10, 2026 9:05:19 PM arch.CoNVaIGeminiAgArch interpretContent
INFO: [CoNVaIGeminiAgArch] interpretContent | content="Police have clarified that there were two shootings in Ottaw" | pnov=0.000 | prpl=0.000 | pnw=0.650 | topics=[ottawa shootings, war memorial, parliament hill, police clarification]
May 10, 2026 9:05:19 PM arch.CoNVaIGeminiAgArch interpretContent
INFO: [CoNVaIGeminiAgArch] interpretContent | content="Police have clarified that there were two shootings in Ottaw" | pnov=0.000 | prpl=0.000 | pnw=0.650 | topics=[ottawa shootings, war memorial, parliament hill, police clarification]
May 10, 2026 9:05:19 PM arch.CoNVaIGeminiAgArch interpretContent
INFO: [CoNVaIGeminiAgArch] interpretContent | content="Police have clarified that there were two shootings in Ottaw" | pnov=0.000 | prpl=0.000 | pnw=0.650 | topics=[ottawa shootings, war memorial, parliament hill, police clarification]
May 10, 2026 9:05:19 PM arch.CoNVaIGeminiAgArch interpretContent
INFO: [CoNVaIGeminiAgArch] interpretContent | content="Police have clarified that there were two shootings in Ottaw" | pnov=0.000 | prpl=0.000 | pnw=0.650 | topics=[ottawa shootings, war memorial, parliament hill, police clarification]
May 10, 2026 9:05:19 PM arch.CoNVaIGeminiAgArch interpretContent
INFO: [CoNVaIGeminiAgArch] interpretContent | content="Police have clarified that there were two shootings in Ottaw" | pnov=0.000 | prpl=0.000 | pnw=0.650 | topics=[ottawa shootings, war memorial, parliament hill, police clarification]
May 10, 2026 9:05:19 PM arch.CoNVaIGeminiAgArch interpretContent
INFO: [CoNVaIGeminiAgArch] interpretContent | content="Glad police cleared that up! Two shootings today in Ottawa: " | pnov=0.000 | prpl=0.090 | pnw=0.750 | topics=[ottawa shootings, parliament hill, war memorial, public safety]
May 10, 2026 9:05:19 PM arch.CoNVaIGeminiAgArch interpretContent
INFO: [CoNVaIGeminiAgArch] interpretContent | content="So glad police confirmed the two Ottawa shootings at the War" | pnov=0.000 | prpl=0.284 | pnw=0.750 | topics=[ottawa shootings, war memorial, parliament hill, police confirmation]
May 10, 2026 9:05:19 PM arch.CoNVaIGeminiAgArch interpretContent
INFO: [CoNVaIGeminiAgArch] interpretContent | content="Good to get this clarification. Two confirmed shootings toda" | pnov=0.000 | prpl=0.437 | pnw=0.850 | topics=[ottawa shootings, parliament hill, war memorial, public safety]
May 10, 2026 9:05:19 PM arch.CoNVaIGeminiAgArch interpretContent
INFO: [CoNVaIGeminiAgArch] interpretContent | content="So relieved police clarified! 🙏 Scary to hear about the Ott" | pnov=0.000 | prpl=0.224 | pnw=0.750 | topics=[ottawa shootings, war memorial, parliament hill, police clarification]
May 10, 2026 9:05:19 PM arch.CoNVaIGeminiAgArch interpretContent
INFO: [CoNVaIGeminiAgArch] interpretContent | content="Unbelievable what happened today. So grateful our police are" | pnov=0.000 | prpl=0.100 | pnw=0.750 | topics=[ottawa shooting, police action, public safety, gratitude]
May 10, 2026 9:05:19 PM arch.CoNVaIGeminiAgArch interpretContent
INFO: [CoNVaIGeminiAgArch] interpretContent | content="Police have clarified that there were two shootings in Ottaw" | pnov=0.000 | prpl=0.000 | pnw=0.650 | topics=[ottawa shootings, war memorial, parliament hill, police clarification]
May 10, 2026 9:05:19 PM arch.CoNVaIGeminiAgArch interpretContent
INFO: [CoNVaIGeminiAgArch] interpretContent | content="Police have clarified that there were two shootings in Ottaw" | pnov=0.000 | prpl=0.000 | pnw=0.650 | topics=[ottawa shootings, war memorial, parliament hill, police clarification]
May 10, 2026 9:05:19 PM arch.CoNVaIGeminiAgArch interpretContent
INFO: [CoNVaIGeminiAgArch] interpretContent | content="Police have clarified that there were two shootings in Ottaw" | pnov=0.000 | prpl=0.000 | pnw=0.650 | topics=[ottawa shootings, war memorial, parliament hill, police clarification]
May 10, 2026 9:05:19 PM arch.CoNVaIGeminiAgArch interpretContent
INFO: [CoNVaIGeminiAgArch] interpretContent | content="Police have clarified that there were two shootings in Ottaw" | pnov=0.000 | prpl=0.000 | pnw=0.650 | topics=[ottawa shootings, war memorial, parliament hill, police clarification]
May 10, 2026 9:05:19 PM arch.CoNVaIGeminiAgArch interpretContent
INFO: [CoNVaIGeminiAgArch] interpretContent | content="Police have clarified that there were two shootings in Ottaw" | pnov=0.000 | prpl=0.000 | pnw=0.650 | topics=[ottawa shootings, war memorial, parliament hill, police clarification]
May 10, 2026 9:05:19 PM arch.CoNVaIGeminiAgArch interpretContent
INFO: [CoNVaIGeminiAgArch] interpretContent | content="Important clarification from police: Today's incidents in Ot" | pnov=0.000 | prpl=0.000 | pnw=0.750 | topics=[ottawa shooting, police clarification, parliament hill, war memorial]
May 10, 2026 9:05:19 PM arch.CoNVaIGeminiAgArch interpretContent
INFO: [CoNVaIGeminiAgArch] interpretContent | content="Seriously? "Clarified" two? That's not clarification, that's" | pnov=0.000 | prpl=0.003 | pnw=0.780 | topics=[ottawa shooting, parliament hill, revisionism, fear, truth matters]
May 10, 2026 9:05:19 PM arch.CoNVaIGeminiAgArch interpretContent
INFO: [CoNVaIGeminiAgArch] interpretContent | content="Police have clarified that there were two shootings in Ottaw" | pnov=0.000 | prpl=0.000 | pnw=0.650 | topics=[ottawa shootings, war memorial, parliament hill, police clarification]
May 10, 2026 9:05:19 PM arch.CoNVaIGeminiAgArch interpretContent
INFO: [CoNVaIGeminiAgArch] interpretContent | content="Police have clarified that there were two shootings in Ottaw" | pnov=0.000 | prpl=0.000 | pnw=0.650 | topics=[ottawa shootings, war memorial, parliament hill, police clarification]
May 10, 2026 9:05:19 PM arch.CoNVaIGeminiAgArch interpretContent
INFO: [CoNVaIGeminiAgArch] interpretContent | content="Exactly! So glad the police clarified the situation. Crucial" | pnov=0.000 | prpl=0.243 | pnw=0.750 | topics=[ottawa shooting, parliament hill, war memorial, police clarification, facts matter]
May 10, 2026 9:05:19 PM arch.CoNVaIGeminiAgArch interpretContent
INFO: [CoNVaIGeminiAgArch] interpretContent | content="Glad police cleared that up! Two shootings today in Ottawa: " | pnov=0.000 | prpl=0.243 | pnw=0.750 | topics=[ottawa shootings, parliament hill, war memorial, public safety]
May 10, 2026 9:05:19 PM arch.CoNVaIGeminiAgArch interpretContent
INFO: [CoNVaIGeminiAgArch] interpretContent | content="Police have clarified that there were two shootings in Ottaw" | pnov=0.000 | prpl=0.000 | pnw=0.650 | topics=[ottawa shootings, war memorial, parliament hill, police clarification]
May 10, 2026 9:05:19 PM arch.CoNVaIGeminiAgArch interpretContent
INFO: [CoNVaIGeminiAgArch] interpretContent | content="Important clarification from police: Today's incidents in Ot" | pnov=0.000 | prpl=0.000 | pnw=0.750 | topics=[ottawa shooting, police clarification, parliament hill, war memorial]
May 10, 2026 9:05:19 PM arch.CoNVaIGeminiAgArch interpretContent
INFO: [CoNVaIGeminiAgArch] interpretContent | content="Police have clarified that there were two shootings in Ottaw" | pnov=0.000 | prpl=0.000 | pnw=0.650 | topics=[ottawa shootings, war memorial, parliament hill, police clarification]
May 10, 2026 9:05:19 PM arch.CoNVaIGeminiAgArch interpretContent
INFO: [CoNVaIGeminiAgArch] interpretContent | content="Police have clarified that there were two shootings in Ottaw" | pnov=0.000 | prpl=0.000 | pnw=0.650 | topics=[ottawa shootings, war memorial, parliament hill, police clarification]
May 10, 2026 9:05:19 PM arch.CoNVaIGeminiAgArch interpretContent
INFO: [CoNVaIGeminiAgArch] interpretContent | content="Glad police cleared that up! Two shootings today in Ottawa, " | pnov=0.000 | prpl=0.010 | pnw=0.750 | topics=[ottawa shootings, war memorial, parliament hill, public safety]
May 10, 2026 9:05:19 PM arch.CoNVaIGeminiAgArch interpretContent
INFO: [CoNVaIGeminiAgArch] interpretContent | content="Glad police clarified! Two shootings today in Ottawa: War Me" | pnov=0.000 | prpl=0.000 | pnw=0.750 | topics=[ottawa shootings, police clarification, parliament hill, war memorial]
May 10, 2026 9:05:19 PM arch.CoNVaIGeminiAgArch interpretContent
INFO: [CoNVaIGeminiAgArch] interpretContent | content="Glad police clarified! Two shootings today in Ottawa: War Me" | pnov=0.000 | prpl=0.000 | pnw=0.750 | topics=[ottawa shootings, police clarification, parliament hill, war memorial]
May 10, 2026 9:05:19 PM arch.CoNVaIGeminiAgArch interpretContent
INFO: [CoNVaIGeminiAgArch] interpretContent | content="So glad police confirmed the two Ottawa shootings at the War" | pnov=0.000 | prpl=0.141 | pnw=0.750 | topics=[ottawa shootings, war memorial, parliament hill, police confirmation]
May 10, 2026 9:05:19 PM arch.CoNVaIGeminiAgArch interpretContent
INFO: [CoNVaIGeminiAgArch] interpretContent | content="Police have clarified that there were two shootings in Ottaw" | pnov=0.000 | prpl=0.000 | pnw=0.650 | topics=[ottawa shootings, war memorial, parliament hill, police clarification]
May 10, 2026 9:05:19 PM arch.CoNVaIGeminiAgArch interpretContent
INFO: [CoNVaIGeminiAgArch] interpretContent | content="Police have clarified that there were two shootings in Ottaw" | pnov=0.000 | prpl=0.000 | pnw=0.650 | topics=[ottawa shootings, war memorial, parliament hill, police clarification]
May 10, 2026 9:05:19 PM arch.CoNVaIGeminiAgArch interpretContent
INFO: [CoNVaIGeminiAgArch] interpretContent | content="Police have clarified that there were two shootings in Ottaw" | pnov=0.000 | prpl=0.000 | pnw=0.650 | topics=[ottawa shootings, war memorial, parliament hill, police clarification]
May 10, 2026 9:05:19 PM arch.CoNVaIGeminiAgArch interpretContent
INFO: [CoNVaIGeminiAgArch] interpretContent | content="Police have clarified that there were two shootings in Ottaw" | pnov=0.000 | prpl=0.000 | pnw=0.650 | topics=[ottawa shootings, war memorial, parliament hill, police clarification]
May 10, 2026 9:05:19 PM arch.CoNVaIGeminiAgArch interpretContent
INFO: [CoNVaIGeminiAgArch] interpretContent | content="Police have clarified that there were two shootings in Ottaw" | pnov=0.000 | prpl=0.000 | pnw=0.650 | topics=[ottawa shootings, war memorial, parliament hill, police clarification]
May 10, 2026 9:05:19 PM arch.CoNVaIGeminiAgArch interpretContent
INFO: [CoNVaIGeminiAgArch] interpretContent | content="Police have clarified that there were two shootings in Ottaw" | pnov=0.000 | prpl=0.000 | pnw=0.650 | topics=[ottawa shootings, war memorial, parliament hill, police clarification]
May 10, 2026 9:05:19 PM arch.CoNVaIGeminiAgArch interpretContent
INFO: [CoNVaIGeminiAgArch] interpretContent | content="Glad police cleared that up! Two shootings today in Ottawa, " | pnov=0.000 | prpl=0.017 | pnw=0.750 | topics=[ottawa shootings, war memorial, parliament hill, public safety]
May 10, 2026 9:05:19 PM arch.CoNVaIGeminiAgArch interpretContent
INFO: [CoNVaIGeminiAgArch] interpretContent | content="Police have clarified that there were two shootings in Ottaw" | pnov=0.000 | prpl=0.000 | pnw=0.650 | topics=[ottawa shootings, war memorial, parliament hill, police clarification]
May 10, 2026 9:05:19 PM arch.CoNVaIGeminiAgArch interpretContent
INFO: [CoNVaIGeminiAgArch] interpretContent | content="Police have clarified that there were two shootings in Ottaw" | pnov=0.000 | prpl=0.000 | pnw=0.650 | topics=[ottawa shootings, war memorial, parliament hill, police clarification]
May 10, 2026 9:05:19 PM arch.CoNVaIGeminiAgArch interpretContent
INFO: [CoNVaIGeminiAgArch] interpretContent | content="Police have clarified that there were two shootings in Ottaw" | pnov=0.000 | prpl=0.000 | pnw=0.650 | topics=[ottawa shootings, war memorial, parliament hill, police clarification]
May 10, 2026 9:05:19 PM arch.CoNVaIGeminiAgArch interpretContent
INFO: [CoNVaIGeminiAgArch] interpretContent | content="Police have clarified that there were two shootings in Ottaw" | pnov=0.000 | prpl=0.000 | pnw=0.650 | topics=[ottawa shootings, war memorial, parliament hill, police clarification]
May 10, 2026 9:05:19 PM arch.CoNVaIGeminiAgArch interpretContent
INFO: [CoNVaIGeminiAgArch] interpretContent | content="Police have clarified that there were two shootings in Ottaw" | pnov=0.000 | prpl=0.000 | pnw=0.650 | topics=[ottawa shootings, war memorial, parliament hill, police clarification]
May 10, 2026 9:05:19 PM arch.CoNVaIGeminiAgArch interpretContent
INFO: [CoNVaIGeminiAgArch] interpretContent | content="Police have clarified that there were two shootings in Ottaw" | pnov=0.000 | prpl=0.000 | pnw=0.650 | topics=[ottawa shootings, war memorial, parliament hill, police clarification]
May 10, 2026 9:05:19 PM arch.CoNVaIGeminiAgArch interpretContent
INFO: [CoNVaIGeminiAgArch] interpretContent | content="Glad police cleared that up! Two shootings today in Ottawa, " | pnov=0.000 | prpl=0.000 | pnw=0.750 | topics=[ottawa shootings, war memorial, parliament hill, public safety]
May 10, 2026 9:05:19 PM arch.CoNVaIGeminiAgArch interpretContent
INFO: [CoNVaIGeminiAgArch] interpretContent | content="Police have clarified that there were two shootings in Ottaw" | pnov=0.000 | prpl=0.000 | pnw=0.650 | topics=[ottawa shootings, war memorial, parliament hill, police clarification]
May 10, 2026 9:05:19 PM arch.CoNVaIGeminiAgArch interpretContent
INFO: [CoNVaIGeminiAgArch] interpretContent | content="Police have clarified that there were two shootings in Ottaw" | pnov=0.000 | prpl=0.000 | pnw=0.650 | topics=[ottawa shootings, war memorial, parliament hill, police clarification]
May 10, 2026 9:05:19 PM arch.CoNVaIGeminiAgArch interpretContent
INFO: [CoNVaIGeminiAgArch] interpretContent | content="Police have clarified that there were two shootings in Ottaw" | pnov=0.000 | prpl=0.000 | pnw=0.650 | topics=[ottawa shootings, war memorial, parliament hill, police clarification]
May 10, 2026 9:05:19 PM arch.CoNVaIGeminiAgArch interpretContent
INFO: [CoNVaIGeminiAgArch] interpretContent | content="Police have clarified that there were two shootings in Ottaw" | pnov=0.000 | prpl=0.000 | pnw=0.650 | topics=[ottawa shootings, war memorial, parliament hill, police clarification]
May 10, 2026 9:05:19 PM arch.CoNVaIGeminiAgArch interpretContent
INFO: [CoNVaIGeminiAgArch] interpretContent | content="Exactly! Hearsay & "neighbor's cousin" = NO. Official report" | pnov=0.000 | prpl=0.335 | pnw=0.750 | topics=[fact-checking, misinformation, official reports, ottawashootings]
May 10, 2026 9:05:19 PM arch.CoNVaIGeminiAgArch interpretContent
INFO: [CoNVaIGeminiAgArch] interpretContent | content="Exactly! Eyewitnesses said MULTIPLE shooters, then police "c" | pnov=0.000 | prpl=0.256 | pnw=0.780 | topics=[multiple shooters, police clarification, real evidence, conspiracy theory]
May 10, 2026 9:05:19 PM arch.CoNVaIGeminiAgArch interpretContent
INFO: [CoNVaIGeminiAgArch] interpretContent | content="Glad police clarified! Two shootings today in Ottawa: War Me" | pnov=0.000 | prpl=0.000 | pnw=0.750 | topics=[ottawa shootings, police clarification, parliament hill, war memorial]
May 10, 2026 9:05:19 PM arch.CoNVaIGeminiAgArch interpretContent
INFO: [CoNVaIGeminiAgArch] interpretContent | content="Police have clarified that there were two shootings in Ottaw" | pnov=0.000 | prpl=0.000 | pnw=0.650 | topics=[ottawa shootings, war memorial, parliament hill, police clarification]
May 10, 2026 9:05:19 PM arch.CoNVaIGeminiAgArch interpretContent
INFO: [CoNVaIGeminiAgArch] interpretContent | content="Police have clarified that there were two shootings in Ottaw" | pnov=0.000 | prpl=0.000 | pnw=0.650 | topics=[ottawa shootings, war memorial, parliament hill, police clarification]
May 10, 2026 9:05:19 PM arch.CoNVaIGeminiAgArch interpretContent
INFO: [CoNVaIGeminiAgArch] interpretContent | content="Good to know police clarified this. Important distinction: 2" | pnov=0.000 | prpl=0.000 | pnw=0.650 | topics=[ottawa shooting, parliament hill, war memorial, police clarification]
May 10, 2026 9:05:19 PM arch.CoNVaIGeminiAgArch interpretContent
INFO: [CoNVaIGeminiAgArch] interpretContent | content="Glad police clarified! Crucial to get the facts straight. Tw" | pnov=0.000 | prpl=0.191 | pnw=0.750 | topics=[police clarification, ottawa shooting, public safety]
May 10, 2026 9:05:19 PM arch.CoNVaIGeminiAgArch interpretContent
INFO: [CoNVaIGeminiAgArch] interpretContent | content="Police have clarified that there were two shootings in Ottaw" | pnov=0.000 | prpl=0.000 | pnw=0.650 | topics=[ottawa shootings, war memorial, parliament hill, police clarification]
May 10, 2026 9:05:19 PM arch.CoNVaIGeminiAgArch interpretContent
INFO: [CoNVaIGeminiAgArch] interpretContent | content="Police have clarified that there were two shootings in Ottaw" | pnov=0.000 | prpl=0.000 | pnw=0.650 | topics=[ottawa shootings, war memorial, parliament hill, police clarification]
May 10, 2026 9:05:19 PM arch.CoNVaIGeminiAgArch interpretContent
INFO: [CoNVaIGeminiAgArch] interpretContent | content="Glad police cleared that up! Two shootings today in Ottawa, " | pnov=0.000 | prpl=0.000 | pnw=0.750 | topics=[ottawa shootings, war memorial, parliament hill, public safety]
May 10, 2026 9:05:19 PM arch.CoNVaIGeminiAgArch interpretContent
INFO: [CoNVaIGeminiAgArch] interpretContent | content="Police have clarified that there were two shootings in Ottaw" | pnov=0.000 | prpl=0.000 | pnw=0.650 | topics=[ottawa shootings, war memorial, parliament hill, police clarification]
May 10, 2026 9:05:19 PM arch.CoNVaIGeminiAgArch interpretContent
INFO: [CoNVaIGeminiAgArch] interpretContent | content="Police have clarified that there were two shootings in Ottaw" | pnov=0.000 | prpl=0.000 | pnw=0.650 | topics=[ottawa shootings, war memorial, parliament hill, police clarification]
May 10, 2026 9:05:19 PM arch.CoNVaIGeminiAgArch interpretContent
INFO: [CoNVaIGeminiAgArch] interpretContent | content="Police have clarified that there were two shootings in Ottaw" | pnov=0.000 | prpl=0.000 | pnw=0.650 | topics=[ottawa shootings, war memorial, parliament hill, police clarification]
May 10, 2026 9:05:19 PM arch.CoNVaIGeminiAgArch interpretContent
INFO: [CoNVaIGeminiAgArch] interpretContent | content="Police have clarified that there were two shootings in Ottaw" | pnov=0.000 | prpl=0.000 | pnw=0.650 | topics=[ottawa shootings, war memorial, parliament hill, police clarification]
May 10, 2026 9:05:19 PM arch.CoNVaIGeminiAgArch interpretContent
INFO: [CoNVaIGeminiAgArch] interpretContent | content="Police have clarified that there were two shootings in Ottaw" | pnov=0.000 | prpl=0.000 | pnw=0.650 | topics=[ottawa shootings, war memorial, parliament hill, police clarification]
May 10, 2026 9:05:19 PM arch.CoNVaIGeminiAgArch interpretContent
INFO: [CoNVaIGeminiAgArch] interpretContent | content="Police have clarified that there were two shootings in Ottaw" | pnov=0.000 | prpl=0.000 | pnw=0.650 | topics=[ottawa shootings, war memorial, parliament hill, police clarification]
May 10, 2026 9:05:19 PM arch.CoNVaIGeminiAgArch interpretContent
INFO: [CoNVaIGeminiAgArch] interpretContent | content="Police have clarified that there were two shootings in Ottaw" | pnov=0.000 | prpl=0.000 | pnw=0.650 | topics=[ottawa shootings, war memorial, parliament hill, police clarification]
May 10, 2026 9:05:19 PM arch.CoNVaIGeminiAgArch interpretContent
INFO: [CoNVaIGeminiAgArch] interpretContent | content="Police have clarified that there were two shootings in Ottaw" | pnov=0.000 | prpl=0.000 | pnw=0.650 | topics=[ottawa shootings, war memorial, parliament hill, police clarification]
May 10, 2026 9:05:19 PM arch.CoNVaIGeminiAgArch interpretContent
INFO: [CoNVaIGeminiAgArch] interpretContent | content="Police have clarified that there were two shootings in Ottaw" | pnov=0.000 | prpl=0.000 | pnw=0.650 | topics=[ottawa shootings, war memorial, parliament hill, police clarification]
May 10, 2026 9:05:19 PM arch.CoNVaIGeminiAgArch interpretContent
INFO: [CoNVaIGeminiAgArch] interpretContent | content="Police have clarified that there were two shootings in Ottaw" | pnov=0.000 | prpl=0.000 | pnw=0.650 | topics=[ottawa shootings, war memorial, parliament hill, police clarification]
May 10, 2026 9:05:19 PM arch.CoNVaIGeminiAgArch interpretContent
INFO: [CoNVaIGeminiAgArch] interpretContent | content="Police have clarified that there were two shootings in Ottaw" | pnov=0.000 | prpl=0.000 | pnw=0.650 | topics=[ottawa shootings, war memorial, parliament hill, police clarification]
May 10, 2026 9:05:19 PM arch.CoNVaIGeminiAgArch interpretContent
INFO: [CoNVaIGeminiAgArch] interpretContent | content="Police have clarified that there were two shootings in Ottaw" | pnov=0.000 | prpl=0.000 | pnw=0.650 | topics=[ottawa shootings, war memorial, parliament hill, police clarification]
May 10, 2026 9:05:19 PM arch.CoNVaIGeminiAgArch interpretContent
INFO: [CoNVaIGeminiAgArch] interpretContent | content="Police have clarified that there were two shootings in Ottaw" | pnov=0.000 | prpl=0.000 | pnw=0.650 | topics=[ottawa shootings, war memorial, parliament hill, police clarification]
May 10, 2026 9:05:19 PM arch.CoNVaIGeminiAgArch interpretContent
INFO: [CoNVaIGeminiAgArch] interpretContent | content="Police have clarified that there were two shootings in Ottaw" | pnov=0.000 | prpl=0.000 | pnw=0.650 | topics=[ottawa shootings, war memorial, parliament hill, police clarification]
May 10, 2026 9:05:19 PM arch.CoNVaIGeminiAgArch interpretContent
INFO: [CoNVaIGeminiAgArch] interpretContent | content="Police have clarified that there were two shootings in Ottaw" | pnov=0.000 | prpl=0.000 | pnw=0.650 | topics=[ottawa shootings, war memorial, parliament hill, police clarification]
May 10, 2026 9:05:19 PM arch.CoNVaIGeminiAgArch interpretContent
INFO: [CoNVaIGeminiAgArch] interpretContent | content="Absolutely chilling. 2 shootings in Ottawa today - War Memor" | pnov=0.000 | prpl=0.002 | pnw=0.850 | topics=[ottawa shootings, public safety, parliament hill, war memorial]
May 10, 2026 9:05:19 PM arch.CoNVaIGeminiAgArch interpretContent
INFO: [CoNVaIGeminiAgArch] interpretContent | content="Police have clarified that there were two shootings in Ottaw" | pnov=0.000 | prpl=0.000 | pnw=0.650 | topics=[ottawa shootings, war memorial, parliament hill, police clarification]
May 10, 2026 9:05:19 PM arch.CoNVaIGeminiAgArch interpretContent
INFO: [CoNVaIGeminiAgArch] interpretContent | content="Police have clarified that there were two shootings in Ottaw" | pnov=0.000 | prpl=0.000 | pnw=0.650 | topics=[ottawa shootings, war memorial, parliament hill, police clarification]
May 10, 2026 9:05:19 PM arch.CoNVaIGeminiAgArch interpretContent
INFO: [CoNVaIGeminiAgArch] interpretContent | content="Police have clarified that there were two shootings in Ottaw" | pnov=0.000 | prpl=0.000 | pnw=0.650 | topics=[ottawa shootings, war memorial, parliament hill, police clarification]
May 10, 2026 9:05:19 PM arch.CoNVaIGeminiAgArch interpretContent
INFO: [CoNVaIGeminiAgArch] interpretContent | content="Police have clarified that there were two shootings in Ottaw" | pnov=0.000 | prpl=0.000 | pnw=0.650 | topics=[ottawa shootings, war memorial, parliament hill, police clarification]
May 10, 2026 9:05:19 PM arch.CoNVaIGeminiAgArch interpretContent
INFO: [CoNVaIGeminiAgArch] interpretContent | content="Important clarification from police: Today's incidents in Ot" | pnov=0.000 | prpl=0.000 | pnw=0.750 | topics=[ottawa shooting, police clarification, parliament hill, war memorial]
May 10, 2026 9:05:19 PM arch.CoNVaIGeminiAgArch interpretContent
INFO: [CoNVaIGeminiAgArch] interpretContent | content="Unbelievable what happened today. So grateful our police are" | pnov=0.000 | prpl=0.091 | pnw=0.750 | topics=[ottawa shooting, police action, public safety, gratitude]
May 10, 2026 9:05:19 PM arch.CoNVaIGeminiAgArch interpretContent
INFO: [CoNVaIGeminiAgArch] interpretContent | content="Police have clarified that there were two shootings in Ottaw" | pnov=0.000 | prpl=0.000 | pnw=0.650 | topics=[ottawa shootings, war memorial, parliament hill, police clarification]
May 10, 2026 9:05:19 PM arch.CoNVaIGeminiAgArch interpretContent
INFO: [CoNVaIGeminiAgArch] interpretContent | content="Police have clarified that there were two shootings in Ottaw" | pnov=0.000 | prpl=0.000 | pnw=0.650 | topics=[ottawa shootings, war memorial, parliament hill, police clarification]
May 10, 2026 9:05:19 PM arch.CoNVaIGeminiAgArch interpretContent
INFO: [CoNVaIGeminiAgArch] interpretContent | content="Glad police cleared that up! Two shootings today in Ottawa, " | pnov=0.000 | prpl=0.000 | pnw=0.750 | topics=[ottawa shootings, war memorial, parliament hill, public safety]
May 10, 2026 9:05:19 PM arch.CoNVaIGeminiAgArch interpretContent
INFO: [CoNVaIGeminiAgArch] interpretContent | content="Police have clarified that there were two shootings in Ottaw" | pnov=0.000 | prpl=0.000 | pnw=0.650 | topics=[ottawa shootings, war memorial, parliament hill, police clarification]
May 10, 2026 9:05:19 PM arch.CoNVaIGeminiAgArch interpretContent
INFO: [CoNVaIGeminiAgArch] interpretContent | content="Police have clarified that there were two shootings in Ottaw" | pnov=0.000 | prpl=0.000 | pnw=0.650 | topics=[ottawa shootings, war memorial, parliament hill, police clarification]
May 10, 2026 9:05:19 PM arch.CoNVaIGeminiAgArch interpretContent
INFO: [CoNVaIGeminiAgArch] interpretContent | content="Police have clarified that there were two shootings in Ottaw" | pnov=0.000 | prpl=0.000 | pnw=0.650 | topics=[ottawa shootings, war memorial, parliament hill, police clarification]
May 10, 2026 9:05:19 PM arch.CoNVaIGeminiAgArch interpretContent
INFO: [CoNVaIGeminiAgArch] interpretContent | content="Police have clarified that there were two shootings in Ottaw" | pnov=0.000 | prpl=0.000 | pnw=0.650 | topics=[ottawa shootings, war memorial, parliament hill, police clarification]
May 10, 2026 9:05:19 PM arch.CoNVaIGeminiAgArch interpretContent
INFO: [CoNVaIGeminiAgArch] interpretContent | content="Police have clarified that there were two shootings in Ottaw" | pnov=0.000 | prpl=0.000 | pnw=0.650 | topics=[ottawa shootings, war memorial, parliament hill, police clarification]
May 10, 2026 9:05:19 PM arch.CoNVaIGeminiAgArch interpretContent
INFO: [CoNVaIGeminiAgArch] interpretContent | content="Glad police clarified! Crucial to get facts right about the " | pnov=0.000 | prpl=0.010 | pnw=0.750 | topics=[ottawa shootings, police clarification, war memorial, parliament hill]
May 10, 2026 9:05:19 PM arch.CoNVaIGeminiAgArch interpretContent
INFO: [CoNVaIGeminiAgArch] interpretContent | content="Police have clarified that there were two shootings in Ottaw" | pnov=0.000 | prpl=0.000 | pnw=0.650 | topics=[ottawa shootings, war memorial, parliament hill, police clarification]
May 10, 2026 9:05:19 PM arch.CoNVaIGeminiAgArch interpretContent
INFO: [CoNVaIGeminiAgArch] interpretContent | content="Important clarification from police: Today's incidents in Ot" | pnov=0.000 | prpl=0.000 | pnw=0.750 | topics=[ottawa shooting, police clarification, parliament hill, war memorial]
May 10, 2026 9:05:19 PM arch.CoNVaIGeminiAgArch interpretContent
INFO: [CoNVaIGeminiAgArch] interpretContent | content="Police have clarified that there were two shootings in Ottaw" | pnov=0.000 | prpl=0.000 | pnw=0.650 | topics=[ottawa shootings, war memorial, parliament hill, police clarification]
May 10, 2026 9:05:19 PM arch.CoNVaIGeminiAgArch interpretContent
INFO: [CoNVaIGeminiAgArch] interpretContent | content="Police have clarified that there were two shootings in Ottaw" | pnov=0.000 | prpl=0.000 | pnw=0.650 | topics=[ottawa shootings, war memorial, parliament hill, police clarification]
May 10, 2026 9:05:19 PM arch.CoNVaIGeminiAgArch interpretContent
INFO: [CoNVaIGeminiAgArch] interpretContent | content="Police have clarified that there were two shootings in Ottaw" | pnov=0.000 | prpl=0.000 | pnw=0.650 | topics=[ottawa shootings, war memorial, parliament hill, police clarification]
May 10, 2026 9:05:19 PM arch.CoNVaIGeminiAgArch interpretContent
INFO: [CoNVaIGeminiAgArch] interpretContent | content="Glad police clarified! Two shootings today in Ottawa: War Me" | pnov=0.000 | prpl=0.000 | pnw=0.750 | topics=[ottawa shootings, police clarification, parliament hill, war memorial]
May 10, 2026 9:05:19 PM arch.CoNVaIGeminiAgArch interpretContent
INFO: [CoNVaIGeminiAgArch] interpretContent | content="Glad police cleared that up! Two shootings today in Ottawa, " | pnov=0.000 | prpl=0.000 | pnw=0.750 | topics=[ottawa shootings, war memorial, parliament hill, public safety]
May 10, 2026 9:05:19 PM arch.CoNVaIGeminiAgArch interpretContent
INFO: [CoNVaIGeminiAgArch] interpretContent | content="Glad police cleared that up! Two shootings today in Ottawa, " | pnov=0.000 | prpl=0.000 | pnw=0.750 | topics=[ottawa shootings, war memorial, parliament hill, public safety]
May 10, 2026 9:05:19 PM arch.CoNVaIGeminiAgArch interpretContent
INFO: [CoNVaIGeminiAgArch] interpretContent | content="Police have clarified that there were two shootings in Ottaw" | pnov=0.000 | prpl=0.000 | pnw=0.650 | topics=[ottawa shootings, war memorial, parliament hill, police clarification]
May 10, 2026 9:05:19 PM arch.CoNVaIGeminiAgArch interpretContent
INFO: [CoNVaIGeminiAgArch] interpretContent | content="Police have clarified that there were two shootings in Ottaw" | pnov=0.000 | prpl=0.000 | pnw=0.650 | topics=[ottawa shootings, war memorial, parliament hill, police clarification]
May 10, 2026 9:05:19 PM arch.CoNVaIGeminiAgArch interpretContent
INFO: [CoNVaIGeminiAgArch] interpretContent | content="Thank god for the police confirmation! 2 shootings in Ottawa" | pnov=0.000 | prpl=0.600 | pnw=0.850 | topics=[ottawa shootings, police confirmation, parliament hill, war memorial]
May 10, 2026 9:05:19 PM arch.CoNVaIGeminiAgArch interpretContent
INFO: [CoNVaIGeminiAgArch] interpretContent | content="Police have clarified that there were two shootings in Ottaw" | pnov=0.000 | prpl=0.000 | pnw=0.650 | topics=[ottawa shootings, war memorial, parliament hill, police clarification]
May 10, 2026 9:05:19 PM arch.CoNVaIGeminiAgArch interpretContent
INFO: [CoNVaIGeminiAgArch] interpretContent | content="Police have clarified that there were two shootings in Ottaw" | pnov=0.000 | prpl=0.000 | pnw=0.650 | topics=[ottawa shootings, war memorial, parliament hill, police clarification]
May 10, 2026 9:05:19 PM arch.CoNVaIGeminiAgArch interpretContent
INFO: [CoNVaIGeminiAgArch] interpretContent | content="Police have clarified that there were two shootings in Ottaw" | pnov=0.000 | prpl=0.000 | pnw=0.650 | topics=[ottawa shootings, war memorial, parliament hill, police clarification]
May 10, 2026 9:05:19 PM arch.CoNVaIGeminiAgArch interpretContent
INFO: [CoNVaIGeminiAgArch] interpretContent | content="Important clarification from police: Today's incidents in Ot" | pnov=0.000 | prpl=0.000 | pnw=0.750 | topics=[ottawa shooting, police clarification, parliament hill, war memorial]
May 10, 2026 9:05:19 PM arch.CoNVaIGeminiAgArch interpretContent
INFO: [CoNVaIGeminiAgArch] interpretContent | content="Police have clarified that there were two shootings in Ottaw" | pnov=0.000 | prpl=0.000 | pnw=0.650 | topics=[ottawa shootings, war memorial, parliament hill, police clarification]
May 10, 2026 9:05:19 PM arch.CoNVaIGeminiAgArch interpretContent
INFO: [CoNVaIGeminiAgArch] interpretContent | content="Glad police clarified! Crucial to get facts right about the " | pnov=0.000 | prpl=0.003 | pnw=0.750 | topics=[ottawa shootings, police clarification, war memorial, parliament hill]
May 10, 2026 9:05:19 PM arch.CoNVaIGeminiAgArch interpretContent
INFO: [CoNVaIGeminiAgArch] interpretContent | content="So relieved police clarified! 🙏 Scary to hear about the Ott" | pnov=0.000 | prpl=0.224 | pnw=0.750 | topics=[ottawa shootings, war memorial, parliament hill, police clarification]
May 10, 2026 9:05:19 PM arch.CoNVaIGeminiAgArch interpretContent
INFO: [CoNVaIGeminiAgArch] interpretContent | content="Glad police clarified! Two shootings today in Ottawa: War Me" | pnov=0.000 | prpl=0.000 | pnw=0.750 | topics=[ottawa shootings, police clarification, parliament hill, war memorial]
May 10, 2026 9:05:19 PM arch.CoNVaIGeminiAgArch interpretContent
INFO: [CoNVaIGeminiAgArch] interpretContent | content="Police have clarified that there were two shootings in Ottaw" | pnov=0.000 | prpl=0.000 | pnw=0.650 | topics=[ottawa shootings, war memorial, parliament hill, police clarification]
May 10, 2026 9:05:19 PM arch.CoNVaIGeminiAgArch interpretContent
INFO: [CoNVaIGeminiAgArch] interpretContent | content="Glad police clarified! Two shootings, War Memorial & Parliam" | pnov=0.000 | prpl=0.003 | pnw=0.750 | topics=[ottawa shooting, police clarification, war memorial, parliament hill]
May 10, 2026 9:05:19 PM arch.CoNVaIGeminiAgArch interpretContent
INFO: [CoNVaIGeminiAgArch] interpretContent | content="Police CONFIRMED ONE incident, NOT two. It evolved from the " | pnov=0.000 | prpl=0.133 | pnw=0.750 | topics=[police confirmation, incident details, ottawa shooting, parliament hill]
May 10, 2026 9:05:19 PM arch.CoNVaIGeminiAgArch interpretContent
INFO: [CoNVaIGeminiAgArch] interpretContent | content="Important clarification from police: Today's incidents in Ot" | pnov=0.000 | prpl=0.000 | pnw=0.750 | topics=[ottawa shooting, police clarification, parliament hill, war memorial]
May 10, 2026 9:05:19 PM arch.CoNVaIGeminiAgArch interpretContent
INFO: [CoNVaIGeminiAgArch] interpretContent | content="Police have clarified that there were two shootings in Ottaw" | pnov=0.000 | prpl=0.000 | pnw=0.650 | topics=[ottawa shootings, war memorial, parliament hill, police clarification]
May 10, 2026 9:05:19 PM arch.CoNVaIGeminiAgArch interpretContent
INFO: [CoNVaIGeminiAgArch] interpretContent | content="Police have clarified that there were two shootings in Ottaw" | pnov=0.000 | prpl=0.000 | pnw=0.650 | topics=[ottawa shootings, war memorial, parliament hill, police clarification]
May 10, 2026 9:05:19 PM arch.CoNVaIGeminiAgArch interpretContent
INFO: [CoNVaIGeminiAgArch] interpretContent | content="Police have clarified that there were two shootings in Ottaw" | pnov=0.000 | prpl=0.000 | pnw=0.650 | topics=[ottawa shootings, war memorial, parliament hill, police clarification]
May 10, 2026 9:05:19 PM arch.CoNVaIGeminiAgArch interpretContent
INFO: [CoNVaIGeminiAgArch] interpretContent | content="Police have clarified that there were two shootings in Ottaw" | pnov=0.000 | prpl=0.000 | pnw=0.650 | topics=[ottawa shootings, war memorial, parliament hill, police clarification]
May 10, 2026 9:05:19 PM arch.CoNVaIGeminiAgArch interpretContent
INFO: [CoNVaIGeminiAgArch] interpretContent | content="Police have clarified that there were two shootings in Ottaw" | pnov=0.000 | prpl=0.000 | pnw=0.650 | topics=[ottawa shootings, war memorial, parliament hill, police clarification]
May 10, 2026 9:05:19 PM arch.CoNVaIGeminiAgArch interpretContent
INFO: [CoNVaIGeminiAgArch] interpretContent | content="Glad police cleared that up! Two shootings today in Ottawa, " | pnov=0.000 | prpl=0.000 | pnw=0.750 | topics=[ottawa shootings, war memorial, parliament hill, public safety]
May 10, 2026 9:05:19 PM arch.CoNVaIGeminiAgArch interpretContent
INFO: [CoNVaIGeminiAgArch] interpretContent | content="Police have clarified that there were two shootings in Ottaw" | pnov=0.000 | prpl=0.000 | pnw=0.650 | topics=[ottawa shootings, war memorial, parliament hill, police clarification]
May 10, 2026 9:05:19 PM arch.CoNVaIGeminiAgArch interpretContent
INFO: [CoNVaIGeminiAgArch] interpretContent | content="Police have clarified that there were two shootings in Ottaw" | pnov=0.000 | prpl=0.000 | pnw=0.650 | topics=[ottawa shootings, war memorial, parliament hill, police clarification]
May 10, 2026 9:05:19 PM arch.CoNVaIGeminiAgArch interpretContent
INFO: [CoNVaIGeminiAgArch] interpretContent | content="Good to know police clarified this. Important distinction: 2" | pnov=0.000 | prpl=0.000 | pnw=0.650 | topics=[ottawa shooting, parliament hill, war memorial, police clarification]
May 10, 2026 9:05:19 PM arch.CoNVaIGeminiAgArch interpretContent
INFO: [CoNVaIGeminiAgArch] interpretContent | content="Police have clarified that there were two shootings in Ottaw" | pnov=0.000 | prpl=0.000 | pnw=0.650 | topics=[ottawa shootings, war memorial, parliament hill, police clarification]
May 10, 2026 9:05:19 PM arch.CoNVaIGeminiAgArch interpretContent
INFO: [CoNVaIGeminiAgArch] interpretContent | content="Police have clarified that there were two shootings in Ottaw" | pnov=0.000 | prpl=0.000 | pnw=0.650 | topics=[ottawa shootings, war memorial, parliament hill, police clarification]
May 10, 2026 9:05:19 PM arch.CoNVaIGeminiAgArch interpretContent
INFO: [CoNVaIGeminiAgArch] interpretContent | content="Police have clarified that there were two shootings in Ottaw" | pnov=0.000 | prpl=0.000 | pnw=0.650 | topics=[ottawa shootings, war memorial, parliament hill, police clarification]
May 10, 2026 9:05:19 PM arch.CoNVaIGeminiAgArch interpretContent
INFO: [CoNVaIGeminiAgArch] interpretContent | content="Police have clarified that there were two shootings in Ottaw" | pnov=0.000 | prpl=0.000 | pnw=0.650 | topics=[ottawa shootings, war memorial, parliament hill, police clarification]
May 10, 2026 9:05:19 PM arch.CoNVaIGeminiAgArch interpretContent
INFO: [CoNVaIGeminiAgArch] interpretContent | content="Police have clarified that there were two shootings in Ottaw" | pnov=0.000 | prpl=0.000 | pnw=0.650 | topics=[ottawa shootings, war memorial, parliament hill, police clarification]
May 10, 2026 9:05:19 PM arch.CoNVaIGeminiAgArch interpretContent
INFO: [CoNVaIGeminiAgArch] interpretContent | content="Police have clarified that there were two shootings in Ottaw" | pnov=0.000 | prpl=0.000 | pnw=0.650 | topics=[ottawa shootings, war memorial, parliament hill, police clarification]
May 10, 2026 9:05:19 PM arch.CoNVaIGeminiAgArch interpretContent
INFO: [CoNVaIGeminiAgArch] interpretContent | content="Police have clarified that there were two shootings in Ottaw" | pnov=0.000 | prpl=0.000 | pnw=0.650 | topics=[ottawa shootings, war memorial, parliament hill, police clarification]
May 10, 2026 9:05:19 PM arch.CoNVaIGeminiAgArch interpretContent
INFO: [CoNVaIGeminiAgArch] interpretContent | content="Police have clarified that there were two shootings in Ottaw" | pnov=0.000 | prpl=0.000 | pnw=0.650 | topics=[ottawa shootings, war memorial, parliament hill, police clarification]
May 10, 2026 9:05:19 PM arch.CoNVaIGeminiAgArch interpretContent
INFO: [CoNVaIGeminiAgArch] interpretContent | content="Glad police clarified! Two shootings today in Ottawa: War Me" | pnov=0.000 | prpl=0.000 | pnw=0.750 | topics=[ottawa shootings, police clarification, parliament hill, war memorial]
May 10, 2026 9:05:19 PM arch.CoNVaIGeminiAgArch interpretContent
INFO: [CoNVaIGeminiAgArch] interpretContent | content="Absolutely chilling. 2 shootings in Ottawa today - War Memor" | pnov=0.000 | prpl=0.206 | pnw=0.850 | topics=[ottawa shootings, public safety, parliament hill, war memorial]
May 10, 2026 9:05:19 PM arch.CoNVaIGeminiAgArch interpretContent
INFO: [CoNVaIGeminiAgArch] interpretContent | content="Police have clarified that there were two shootings in Ottaw" | pnov=0.000 | prpl=0.000 | pnw=0.650 | topics=[ottawa shootings, war memorial, parliament hill, police clarification]
May 10, 2026 9:05:19 PM arch.CoNVaIGeminiAgArch interpretContent
INFO: [CoNVaIGeminiAgArch] interpretContent | content="Glad police cleared that up! Two shootings today in Ottawa, " | pnov=0.000 | prpl=0.000 | pnw=0.750 | topics=[ottawa shootings, war memorial, parliament hill, public safety]
May 10, 2026 9:05:19 PM arch.CoNVaIGeminiAgArch interpretContent
INFO: [CoNVaIGeminiAgArch] interpretContent | content="Police have clarified that there were two shootings in Ottaw" | pnov=0.000 | prpl=0.000 | pnw=0.650 | topics=[ottawa shootings, war memorial, parliament hill, police clarification]
May 10, 2026 9:05:19 PM arch.CoNVaIGeminiAgArch interpretContent
INFO: [CoNVaIGeminiAgArch] interpretContent | content="Police have clarified that there were two shootings in Ottaw" | pnov=0.000 | prpl=0.000 | pnw=0.650 | topics=[ottawa shootings, war memorial, parliament hill, police clarification]
May 10, 2026 9:05:19 PM arch.CoNVaIGeminiAgArch interpretContent
INFO: [CoNVaIGeminiAgArch] interpretContent | content="Police have clarified that there were two shootings in Ottaw" | pnov=0.000 | prpl=0.000 | pnw=0.650 | topics=[ottawa shootings, war memorial, parliament hill, police clarification]
May 10, 2026 9:05:19 PM arch.CoNVaIGeminiAgArch interpretContent
INFO: [CoNVaIGeminiAgArch] interpretContent | content="Police have clarified that there were two shootings in Ottaw" | pnov=0.000 | prpl=0.000 | pnw=0.650 | topics=[ottawa shootings, war memorial, parliament hill, police clarification]
May 10, 2026 9:05:19 PM arch.CoNVaIGeminiAgArch interpretContent
INFO: [CoNVaIGeminiAgArch] interpretContent | content="Police have clarified that there were two shootings in Ottaw" | pnov=0.000 | prpl=0.000 | pnw=0.650 | topics=[ottawa shootings, war memorial, parliament hill, police clarification]
May 10, 2026 9:05:19 PM arch.CoNVaIGeminiAgArch interpretContent
INFO: [CoNVaIGeminiAgArch] interpretContent | content="Glad police cleared that up! Two shootings today in Ottawa, " | pnov=0.000 | prpl=0.000 | pnw=0.750 | topics=[ottawa shootings, war memorial, parliament hill, public safety]
May 10, 2026 9:05:19 PM arch.CoNVaIGeminiAgArch interpretContent
INFO: [CoNVaIGeminiAgArch] interpretContent | content="Police have clarified that there were two shootings in Ottaw" | pnov=0.000 | prpl=0.000 | pnw=0.650 | topics=[ottawa shootings, war memorial, parliament hill, police clarification]
May 10, 2026 9:05:19 PM arch.CoNVaIGeminiAgArch interpretContent
INFO: [CoNVaIGeminiAgArch] interpretContent | content="Glad police clarified! Two shootings today in Ottawa: War Me" | pnov=0.000 | prpl=0.092 | pnw=0.750 | topics=[ottawa shootings, police clarification, parliament hill, war memorial]
May 10, 2026 9:05:19 PM arch.CoNVaIGeminiAgArch interpretContent
INFO: [CoNVaIGeminiAgArch] interpretContent | content="Glad police cleared that up! Two shootings today in Ottawa, " | pnov=0.000 | prpl=0.000 | pnw=0.750 | topics=[ottawa shootings, war memorial, parliament hill, public safety]
May 10, 2026 9:05:19 PM arch.CoNVaIGeminiAgArch interpretContent
INFO: [CoNVaIGeminiAgArch] interpretContent | content="Police have clarified that there were two shootings in Ottaw" | pnov=0.000 | prpl=0.000 | pnw=0.650 | topics=[ottawa shootings, war memorial, parliament hill, police clarification]
May 10, 2026 9:05:19 PM arch.CoNVaIGeminiAgArch interpretContent
INFO: [CoNVaIGeminiAgArch] interpretContent | content="Police have clarified that there were two shootings in Ottaw" | pnov=0.000 | prpl=0.000 | pnw=0.650 | topics=[ottawa shootings, war memorial, parliament hill, police clarification]
May 10, 2026 9:05:19 PM arch.CoNVaIGeminiAgArch interpretContent
INFO: [CoNVaIGeminiAgArch] interpretContent | content="Police have clarified that there were two shootings in Ottaw" | pnov=0.000 | prpl=0.000 | pnw=0.650 | topics=[ottawa shootings, war memorial, parliament hill, police clarification]
May 10, 2026 9:05:19 PM arch.CoNVaIGeminiAgArch interpretContent
INFO: [CoNVaIGeminiAgArch] interpretContent | content="Police have clarified that there were two shootings in Ottaw" | pnov=0.000 | prpl=0.000 | pnw=0.650 | topics=[ottawa shootings, war memorial, parliament hill, police clarification]
May 10, 2026 9:05:19 PM arch.CoNVaIGeminiAgArch interpretContent
INFO: [CoNVaIGeminiAgArch] interpretContent | content="Police have clarified that there were two shootings in Ottaw" | pnov=0.000 | prpl=0.000 | pnw=0.650 | topics=[ottawa shootings, war memorial, parliament hill, police clarification]
May 10, 2026 9:05:19 PM arch.CoNVaIGeminiAgArch interpretContent
INFO: [CoNVaIGeminiAgArch] interpretContent | content="Police have clarified that there were two shootings in Ottaw" | pnov=0.000 | prpl=0.000 | pnw=0.650 | topics=[ottawa shootings, war memorial, parliament hill, police clarification]
May 10, 2026 9:05:19 PM arch.CoNVaIGeminiAgArch interpretContent
INFO: [CoNVaIGeminiAgArch] interpretContent | content="Police have clarified that there were two shootings in Ottaw" | pnov=0.000 | prpl=0.000 | pnw=0.650 | topics=[ottawa shootings, war memorial, parliament hill, police clarification]
May 10, 2026 9:05:19 PM arch.CoNVaIGeminiAgArch interpretContent
INFO: [CoNVaIGeminiAgArch] interpretContent | content="Police have clarified that there were two shootings in Ottaw" | pnov=0.000 | prpl=0.000 | pnw=0.650 | topics=[ottawa shootings, war memorial, parliament hill, police clarification]
May 10, 2026 9:05:19 PM arch.CoNVaIGeminiAgArch interpretContent
INFO: [CoNVaIGeminiAgArch] interpretContent | content="Police have clarified that there were two shootings in Ottaw" | pnov=0.000 | prpl=0.000 | pnw=0.650 | topics=[ottawa shootings, war memorial, parliament hill, police clarification]
May 10, 2026 9:05:19 PM arch.CoNVaIGeminiAgArch interpretContent
INFO: [CoNVaIGeminiAgArch] interpretContent | content="Police have clarified that there were two shootings in Ottaw" | pnov=0.000 | prpl=0.000 | pnw=0.650 | topics=[ottawa shootings, war memorial, parliament hill, police clarification]
May 10, 2026 9:05:19 PM arch.CoNVaIGeminiAgArch interpretContent
INFO: [CoNVaIGeminiAgArch] interpretContent | content="Police have clarified that there were two shootings in Ottaw" | pnov=0.000 | prpl=0.000 | pnw=0.650 | topics=[ottawa shootings, war memorial, parliament hill, police clarification]
May 10, 2026 9:05:19 PM arch.CoNVaIGeminiAgArch interpretContent
INFO: [CoNVaIGeminiAgArch] interpretContent | content="Police have clarified that there were two shootings in Ottaw" | pnov=0.000 | prpl=0.000 | pnw=0.650 | topics=[ottawa shootings, war memorial, parliament hill, police clarification]
May 10, 2026 9:05:19 PM arch.CoNVaIGeminiAgArch interpretContent
INFO: [CoNVaIGeminiAgArch] interpretContent | content="Just saw the police clarification: 2 shootings in Ottawa tod" | pnov=0.000 | prpl=0.364 | pnw=0.750 | topics=[ottawa shootings, police clarification, parliament hill, war memorial, stay safe]
May 10, 2026 9:05:19 PM arch.CoNVaIGeminiAgArch interpretContent
INFO: [CoNVaIGeminiAgArch] interpretContent | content="Police have clarified that there were two shootings in Ottaw" | pnov=0.000 | prpl=0.000 | pnw=0.650 | topics=[ottawa shootings, war memorial, parliament hill, police clarification]
May 10, 2026 9:05:19 PM arch.CoNVaIGeminiAgArch interpretContent
INFO: [CoNVaIGeminiAgArch] interpretContent | content="Police have clarified that there were two shootings in Ottaw" | pnov=0.000 | prpl=0.000 | pnw=0.650 | topics=[ottawa shootings, war memorial, parliament hill, police clarification]
May 10, 2026 9:05:19 PM arch.CoNVaIGeminiAgArch interpretContent
INFO: [CoNVaIGeminiAgArch] interpretContent | content="Police have clarified that there were two shootings in Ottaw" | pnov=0.000 | prpl=0.000 | pnw=0.650 | topics=[ottawa shootings, war memorial, parliament hill, police clarification]
May 10, 2026 9:05:19 PM arch.CoNVaIGeminiAgArch interpretContent
INFO: [CoNVaIGeminiAgArch] interpretContent | content="Police have clarified that there were two shootings in Ottaw" | pnov=0.000 | prpl=0.000 | pnw=0.650 | topics=[ottawa shootings, war memorial, parliament hill, police clarification]
May 10, 2026 9:05:19 PM arch.CoNVaIGeminiAgArch interpretContent
INFO: [CoNVaIGeminiAgArch] interpretContent | content="Police have clarified that there were two shootings in Ottaw" | pnov=0.000 | prpl=0.000 | pnw=0.650 | topics=[ottawa shootings, war memorial, parliament hill, police clarification]
May 10, 2026 9:05:19 PM arch.CoNVaIGeminiAgArch interpretContent
INFO: [CoNVaIGeminiAgArch] interpretContent | content="Police have clarified that there were two shootings in Ottaw" | pnov=0.000 | prpl=0.000 | pnw=0.650 | topics=[ottawa shootings, war memorial, parliament hill, police clarification]
May 10, 2026 9:05:19 PM arch.CoNVaIGeminiAgArch interpretContent
INFO: [CoNVaIGeminiAgArch] interpretContent | content="Glad police cleared that up! Two shootings today in Ottawa, " | pnov=0.000 | prpl=0.000 | pnw=0.750 | topics=[ottawa shootings, war memorial, parliament hill, public safety]
May 10, 2026 9:05:19 PM arch.CoNVaIGeminiAgArch interpretContent
INFO: [CoNVaIGeminiAgArch] interpretContent | content="Police have clarified that there were two shootings in Ottaw" | pnov=0.000 | prpl=0.000 | pnw=0.650 | topics=[ottawa shootings, war memorial, parliament hill, police clarification]
May 10, 2026 9:05:19 PM arch.CoNVaIGeminiAgArch interpretContent
INFO: [CoNVaIGeminiAgArch] interpretContent | content="Police have clarified that there were two shootings in Ottaw" | pnov=0.000 | prpl=0.000 | pnw=0.650 | topics=[ottawa shootings, war memorial, parliament hill, police clarification]
May 10, 2026 9:05:19 PM arch.CoNVaIGeminiAgArch interpretContent
INFO: [CoNVaIGeminiAgArch] interpretContent | content="Glad police clarified! Crucial to get facts right about the " | pnov=0.000 | prpl=0.002 | pnw=0.750 | topics=[ottawa shootings, police clarification, war memorial, parliament hill]
May 10, 2026 9:05:19 PM arch.CoNVaIGeminiAgArch interpretContent
INFO: [CoNVaIGeminiAgArch] interpretContent | content="Police have clarified that there were two shootings in Ottaw" | pnov=0.000 | prpl=0.000 | pnw=0.650 | topics=[ottawa shootings, war memorial, parliament hill, police clarification]
May 10, 2026 9:05:19 PM arch.CoNVaIGeminiAgArch interpretContent
INFO: [CoNVaIGeminiAgArch] interpretContent | content="Police have clarified that there were two shootings in Ottaw" | pnov=0.000 | prpl=0.000 | pnw=0.650 | topics=[ottawa shootings, war memorial, parliament hill, police clarification]
May 10, 2026 9:05:20 PM arch.CoNVaIGeminiAgArch interpretContent
INFO: [CoNVaIGeminiAgArch] interpretContent | content="Police have clarified that there were two shootings in Ottaw" | pnov=0.000 | prpl=0.000 | pnw=0.650 | topics=[ottawa shootings, war memorial, parliament hill, police clarification]
May 10, 2026 9:05:20 PM arch.CoNVaIGeminiAgArch interpretContent
INFO: [CoNVaIGeminiAgArch] interpretContent | content="Police have clarified that there were two shootings in Ottaw" | pnov=0.000 | prpl=0.000 | pnw=0.650 | topics=[ottawa shootings, war memorial, parliament hill, police clarification]
May 10, 2026 9:05:20 PM arch.CoNVaIGeminiAgArch interpretContent
INFO: [CoNVaIGeminiAgArch] interpretContent | content="Good to know police clarified this. Important distinction: 2" | pnov=0.000 | prpl=0.000 | pnw=0.650 | topics=[ottawa shooting, parliament hill, war memorial, police clarification]
May 10, 2026 9:05:20 PM arch.CoNVaIGeminiAgArch interpretContent
INFO: [CoNVaIGeminiAgArch] interpretContent | content="Police have clarified that there were two shootings in Ottaw" | pnov=0.000 | prpl=0.000 | pnw=0.650 | topics=[ottawa shootings, war memorial, parliament hill, police clarification]
May 10, 2026 9:05:20 PM arch.CoNVaIGeminiAgArch interpretContent
INFO: [CoNVaIGeminiAgArch] interpretContent | content="Glad police clarified! Two shootings today in Ottawa: War Me" | pnov=0.000 | prpl=0.000 | pnw=0.750 | topics=[ottawa shootings, police clarification, parliament hill, war memorial]
May 10, 2026 9:05:20 PM arch.CoNVaIGeminiAgArch interpretContent
INFO: [CoNVaIGeminiAgArch] interpretContent | content="Police have clarified that there were two shootings in Ottaw" | pnov=0.000 | prpl=0.000 | pnw=0.650 | topics=[ottawa shootings, war memorial, parliament hill, police clarification]
May 10, 2026 9:05:20 PM arch.CoNVaIGeminiAgArch interpretContent
INFO: [CoNVaIGeminiAgArch] interpretContent | content="Glad police cleared that up! Two shootings today in Ottawa, " | pnov=0.000 | prpl=0.000 | pnw=0.750 | topics=[ottawa shootings, war memorial, parliament hill, public safety]
May 10, 2026 9:05:20 PM arch.CoNVaIGeminiAgArch interpretContent
INFO: [CoNVaIGeminiAgArch] interpretContent | content="Police have clarified that there were two shootings in Ottaw" | pnov=0.000 | prpl=0.000 | pnw=0.650 | topics=[ottawa shootings, war memorial, parliament hill, police clarification]
May 10, 2026 9:05:20 PM arch.CoNVaIGeminiAgArch interpretContent
INFO: [CoNVaIGeminiAgArch] interpretContent | content="So glad police confirmed the two Ottawa shootings at the War" | pnov=0.000 | prpl=0.303 | pnw=0.750 | topics=[ottawa shootings, war memorial, parliament hill, police confirmation]
May 10, 2026 9:05:20 PM arch.CoNVaIGeminiAgArch interpretContent
INFO: [CoNVaIGeminiAgArch] interpretContent | content="So glad police clarified! Two major shootings in Ottawa toda" | pnov=0.000 | prpl=0.015 | pnw=0.750 | topics=[ottawa shooting, parliament hill, war memorial, police clarification]
May 10, 2026 9:05:20 PM arch.CoNVaIGeminiAgArch interpretContent
INFO: [CoNVaIGeminiAgArch] interpretContent | content="Police have clarified that there were two shootings in Ottaw" | pnov=0.000 | prpl=0.000 | pnw=0.650 | topics=[ottawa shootings, war memorial, parliament hill, police clarification]
May 10, 2026 9:05:20 PM arch.CoNVaIGeminiAgArch interpretContent
INFO: [CoNVaIGeminiAgArch] interpretContent | content="Police have clarified that there were two shootings in Ottaw" | pnov=0.000 | prpl=0.000 | pnw=0.650 | topics=[ottawa shootings, war memorial, parliament hill, police clarification]
May 10, 2026 9:05:20 PM arch.CoNVaIGeminiAgArch interpretContent
INFO: [CoNVaIGeminiAgArch] interpretContent | content="Exactly! Hearsay & "neighbor's cousin" = NO. Official report" | pnov=0.000 | prpl=0.410 | pnw=0.750 | topics=[fact-checking, misinformation, official reports, ottawashootings]
May 10, 2026 9:05:20 PM arch.CoNVaIGeminiAgArch interpretContent
INFO: [CoNVaIGeminiAgArch] interpretContent | content="Police have clarified that there were two shootings in Ottaw" | pnov=0.000 | prpl=0.000 | pnw=0.650 | topics=[ottawa shootings, war memorial, parliament hill, police clarification]
May 10, 2026 9:05:20 PM arch.CoNVaIGeminiAgArch interpretContent
INFO: [CoNVaIGeminiAgArch] interpretContent | content="Unbelievable what happened today. So grateful our police are" | pnov=0.000 | prpl=0.135 | pnw=0.750 | topics=[ottawa shooting, police action, public safety, gratitude]
May 10, 2026 9:05:20 PM arch.CoNVaIGeminiAgArch interpretContent
INFO: [CoNVaIGeminiAgArch] interpretContent | content="Police have clarified that there were two shootings in Ottaw" | pnov=0.000 | prpl=0.000 | pnw=0.650 | topics=[ottawa shootings, war memorial, parliament hill, police clarification]
May 10, 2026 9:05:20 PM arch.CoNVaIGeminiAgArch interpretContent
INFO: [CoNVaIGeminiAgArch] interpretContent | content="Police have clarified that there were two shootings in Ottaw" | pnov=0.000 | prpl=0.000 | pnw=0.650 | topics=[ottawa shootings, war memorial, parliament hill, police clarification]
May 10, 2026 9:05:20 PM arch.CoNVaIGeminiAgArch interpretContent
INFO: [CoNVaIGeminiAgArch] interpretContent | content="Police have clarified that there were two shootings in Ottaw" | pnov=0.000 | prpl=0.000 | pnw=0.650 | topics=[ottawa shootings, war memorial, parliament hill, police clarification]
May 10, 2026 9:05:20 PM arch.CoNVaIGeminiAgArch interpretContent
INFO: [CoNVaIGeminiAgArch] interpretContent | content="Police have clarified that there were two shootings in Ottaw" | pnov=0.000 | prpl=0.000 | pnw=0.650 | topics=[ottawa shootings, war memorial, parliament hill, police clarification]
May 10, 2026 9:05:20 PM arch.CoNVaIGeminiAgArch interpretContent
INFO: [CoNVaIGeminiAgArch] interpretContent | content="Exactly! Hearsay & "neighbor's cousin" = NO. Official report" | pnov=0.000 | prpl=0.303 | pnw=0.750 | topics=[fact-checking, misinformation, official reports, ottawashootings]
May 10, 2026 9:05:20 PM arch.CoNVaIGeminiAgArch interpretContent
INFO: [CoNVaIGeminiAgArch] interpretContent | content="Good to get that clarification! Two shootings, War Memorial " | pnov=0.000 | prpl=0.217 | pnw=0.750 | topics=[ottawa shooting, police response, parliament hill, war memorial]
May 10, 2026 9:05:20 PM arch.CoNVaIGeminiAgArch interpretContent
INFO: [CoNVaIGeminiAgArch] interpretContent | content="Police have clarified that there were two shootings in Ottaw" | pnov=0.000 | prpl=0.000 | pnw=0.650 | topics=[ottawa shootings, war memorial, parliament hill, police clarification]
May 10, 2026 9:05:20 PM arch.CoNVaIGeminiAgArch interpretContent
INFO: [CoNVaIGeminiAgArch] interpretContent | content="Police have clarified that there were two shootings in Ottaw" | pnov=0.000 | prpl=0.000 | pnw=0.650 | topics=[ottawa shootings, war memorial, parliament hill, police clarification]
May 10, 2026 9:05:20 PM arch.CoNVaIGeminiAgArch interpretContent
INFO: [CoNVaIGeminiAgArch] interpretContent | content="Police have clarified that there were two shootings in Ottaw" | pnov=0.000 | prpl=0.000 | pnw=0.650 | topics=[ottawa shootings, war memorial, parliament hill, police clarification]
May 10, 2026 9:05:20 PM arch.CoNVaIGeminiAgArch interpretContent
INFO: [CoNVaIGeminiAgArch] interpretContent | content="Police have clarified that there were two shootings in Ottaw" | pnov=0.000 | prpl=0.000 | pnw=0.650 | topics=[ottawa shootings, war memorial, parliament hill, police clarification]
May 10, 2026 9:05:20 PM arch.CoNVaIGeminiAgArch interpretContent
INFO: [CoNVaIGeminiAgArch] interpretContent | content="Glad police cleared that up! Two shootings today in Ottawa, " | pnov=0.000 | prpl=0.015 | pnw=0.750 | topics=[ottawa shootings, war memorial, parliament hill, public safety]
May 10, 2026 9:05:20 PM arch.CoNVaIGeminiAgArch interpretContent
INFO: [CoNVaIGeminiAgArch] interpretContent | content="Police have clarified that there were two shootings in Ottaw" | pnov=0.000 | prpl=0.000 | pnw=0.650 | topics=[ottawa shootings, war memorial, parliament hill, police clarification]
May 10, 2026 9:05:20 PM arch.CoNVaIGeminiAgArch interpretContent
INFO: [CoNVaIGeminiAgArch] interpretContent | content="Important clarification from police: Today's incidents in Ot" | pnov=0.000 | prpl=0.000 | pnw=0.750 | topics=[ottawa shooting, police clarification, parliament hill, war memorial]
May 10, 2026 9:05:20 PM arch.CoNVaIGeminiAgArch interpretContent
INFO: [CoNVaIGeminiAgArch] interpretContent | content="Police have clarified that there were two shootings in Ottaw" | pnov=0.000 | prpl=0.000 | pnw=0.650 | topics=[ottawa shootings, war memorial, parliament hill, police clarification]
May 10, 2026 9:05:20 PM arch.CoNVaIGeminiAgArch interpretContent
INFO: [CoNVaIGeminiAgArch] interpretContent | content="Police have clarified that there were two shootings in Ottaw" | pnov=0.000 | prpl=0.000 | pnw=0.650 | topics=[ottawa shootings, war memorial, parliament hill, police clarification]
May 10, 2026 9:05:20 PM arch.CoNVaIGeminiAgArch interpretContent
INFO: [CoNVaIGeminiAgArch] interpretContent | content="Glad police cleared that up! Two shootings today in Ottawa: " | pnov=0.000 | prpl=0.155 | pnw=0.750 | topics=[ottawa shootings, parliament hill, war memorial, public safety]
May 10, 2026 9:05:20 PM arch.CoNVaIGeminiAgArch interpretContent
INFO: [CoNVaIGeminiAgArch] interpretContent | content="Police have clarified that there were two shootings in Ottaw" | pnov=0.000 | prpl=0.000 | pnw=0.650 | topics=[ottawa shootings, war memorial, parliament hill, police clarification]
May 10, 2026 9:05:20 PM arch.CoNVaIGeminiAgArch interpretContent
INFO: [CoNVaIGeminiAgArch] interpretContent | content="Police have clarified that there were two shootings in Ottaw" | pnov=0.000 | prpl=0.000 | pnw=0.650 | topics=[ottawa shootings, war memorial, parliament hill, police clarification]
May 10, 2026 9:05:20 PM arch.CoNVaIGeminiAgArch interpretContent
INFO: [CoNVaIGeminiAgArch] interpretContent | content="Police have clarified that there were two shootings in Ottaw" | pnov=0.000 | prpl=0.000 | pnw=0.650 | topics=[ottawa shootings, war memorial, parliament hill, police clarification]
May 10, 2026 9:05:20 PM arch.CoNVaIGeminiAgArch interpretContent
INFO: [CoNVaIGeminiAgArch] interpretContent | content="Glad police clarified! Two shootings today in Ottawa: War Me" | pnov=0.000 | prpl=0.000 | pnw=0.750 | topics=[ottawa shootings, police clarification, parliament hill, war memorial]
May 10, 2026 9:05:20 PM arch.CoNVaIGeminiAgArch interpretContent
INFO: [CoNVaIGeminiAgArch] interpretContent | content="Police have clarified that there were two shootings in Ottaw" | pnov=0.000 | prpl=0.000 | pnw=0.650 | topics=[ottawa shootings, war memorial, parliament hill, police clarification]
May 10, 2026 9:05:20 PM arch.CoNVaIGeminiAgArch interpretContent
INFO: [CoNVaIGeminiAgArch] interpretContent | content="Police have clarified that there were two shootings in Ottaw" | pnov=0.000 | prpl=0.000 | pnw=0.650 | topics=[ottawa shootings, war memorial, parliament hill, police clarification]
May 10, 2026 9:05:20 PM arch.CoNVaIGeminiAgArch interpretContent
INFO: [CoNVaIGeminiAgArch] interpretContent | content="Police have clarified that there were two shootings in Ottaw" | pnov=0.000 | prpl=0.000 | pnw=0.650 | topics=[ottawa shootings, war memorial, parliament hill, police clarification]
May 10, 2026 9:05:20 PM arch.CoNVaIGeminiAgArch interpretContent
INFO: [CoNVaIGeminiAgArch] interpretContent | content="Important clarification from police: Today's incidents in Ot" | pnov=0.000 | prpl=0.000 | pnw=0.750 | topics=[ottawa shooting, police clarification, parliament hill, war memorial]
May 10, 2026 9:05:20 PM arch.CoNVaIGeminiAgArch interpretContent
INFO: [CoNVaIGeminiAgArch] interpretContent | content="Police have clarified that there were two shootings in Ottaw" | pnov=0.000 | prpl=0.000 | pnw=0.650 | topics=[ottawa shootings, war memorial, parliament hill, police clarification]
May 10, 2026 9:05:20 PM arch.CoNVaIGeminiAgArch interpretContent
INFO: [CoNVaIGeminiAgArch] interpretContent | content="Police have clarified that there were two shootings in Ottaw" | pnov=0.000 | prpl=0.000 | pnw=0.650 | topics=[ottawa shootings, war memorial, parliament hill, police clarification]
May 10, 2026 9:05:20 PM arch.CoNVaIGeminiAgArch interpretContent
INFO: [CoNVaIGeminiAgArch] interpretContent | content="Police have clarified that there were two shootings in Ottaw" | pnov=0.000 | prpl=0.000 | pnw=0.650 | topics=[ottawa shootings, war memorial, parliament hill, police clarification]
May 10, 2026 9:05:20 PM arch.CoNVaIGeminiAgArch interpretContent
INFO: [CoNVaIGeminiAgArch] interpretContent | content="Police have clarified that there were two shootings in Ottaw" | pnov=0.000 | prpl=0.000 | pnw=0.650 | topics=[ottawa shootings, war memorial, parliament hill, police clarification]
May 10, 2026 9:05:20 PM arch.CoNVaIGeminiAgArch interpretContent
INFO: [CoNVaIGeminiAgArch] interpretContent | content="Police have clarified that there were two shootings in Ottaw" | pnov=0.000 | prpl=0.000 | pnw=0.650 | topics=[ottawa shootings, war memorial, parliament hill, police clarification]
May 10, 2026 9:05:20 PM arch.CoNVaIGeminiAgArch interpretContent
INFO: [CoNVaIGeminiAgArch] interpretContent | content="Police have clarified that there were two shootings in Ottaw" | pnov=0.000 | prpl=0.000 | pnw=0.650 | topics=[ottawa shootings, war memorial, parliament hill, police clarification]
May 10, 2026 9:05:20 PM arch.CoNVaIGeminiAgArch interpretContent
INFO: [CoNVaIGeminiAgArch] interpretContent | content="Police have clarified that there were two shootings in Ottaw" | pnov=0.000 | prpl=0.000 | pnw=0.650 | topics=[ottawa shootings, war memorial, parliament hill, police clarification]
May 10, 2026 9:05:20 PM arch.CoNVaIGeminiAgArch interpretContent
INFO: [CoNVaIGeminiAgArch] interpretContent | content="Police *did* confirm two shootings, not three. The clarifica" | pnov=0.000 | prpl=0.260 | pnw=0.650 | topics=[police confirmation, shooting facts, ottawa shooting, parliament hill]
May 10, 2026 9:05:20 PM arch.CoNVaIGeminiAgArch interpretContent
INFO: [CoNVaIGeminiAgArch] interpretContent | content="Police have clarified that there were two shootings in Ottaw" | pnov=0.000 | prpl=0.000 | pnw=0.650 | topics=[ottawa shootings, war memorial, parliament hill, police clarification]
May 10, 2026 9:05:20 PM arch.CoNVaIGeminiAgArch interpretContent
INFO: [CoNVaIGeminiAgArch] interpretContent | content="Police have clarified that there were two shootings in Ottaw" | pnov=0.000 | prpl=0.000 | pnw=0.650 | topics=[ottawa shootings, war memorial, parliament hill, police clarification]
May 10, 2026 9:05:20 PM arch.CoNVaIGeminiAgArch interpretContent
INFO: [CoNVaIGeminiAgArch] interpretContent | content="Glad police cleared that up! Two shootings today in Ottawa, " | pnov=0.000 | prpl=0.000 | pnw=0.750 | topics=[ottawa shootings, war memorial, parliament hill, public safety]
May 10, 2026 9:05:20 PM arch.CoNVaIGeminiAgArch interpretContent
INFO: [CoNVaIGeminiAgArch] interpretContent | content="Police have clarified that there were two shootings in Ottaw" | pnov=0.000 | prpl=0.000 | pnw=0.650 | topics=[ottawa shootings, war memorial, parliament hill, police clarification]
May 10, 2026 9:05:20 PM arch.CoNVaIGeminiAgArch interpretContent
INFO: [CoNVaIGeminiAgArch] interpretContent | content="Unbelievable what happened today. So grateful our police are" | pnov=0.000 | prpl=0.074 | pnw=0.750 | topics=[ottawa shooting, police action, public safety, gratitude]
May 10, 2026 9:05:20 PM arch.CoNVaIGeminiAgArch interpretContent
INFO: [CoNVaIGeminiAgArch] interpretContent | content="Police have clarified that there were two shootings in Ottaw" | pnov=0.000 | prpl=0.000 | pnw=0.650 | topics=[ottawa shootings, war memorial, parliament hill, police clarification]
May 10, 2026 9:05:20 PM arch.CoNVaIGeminiAgArch interpretContent
INFO: [CoNVaIGeminiAgArch] interpretContent | content="Police have clarified that there were two shootings in Ottaw" | pnov=0.000 | prpl=0.000 | pnw=0.650 | topics=[ottawa shootings, war memorial, parliament hill, police clarification]
May 10, 2026 9:05:20 PM arch.CoNVaIGeminiAgArch interpretContent
INFO: [CoNVaIGeminiAgArch] interpretContent | content="Police have clarified that there were two shootings in Ottaw" | pnov=0.000 | prpl=0.000 | pnw=0.650 | topics=[ottawa shootings, war memorial, parliament hill, police clarification]
May 10, 2026 9:05:20 PM arch.CoNVaIGeminiAgArch interpretContent
INFO: [CoNVaIGeminiAgArch] interpretContent | content="Police have clarified that there were two shootings in Ottaw" | pnov=0.000 | prpl=0.000 | pnw=0.650 | topics=[ottawa shootings, war memorial, parliament hill, police clarification]
May 10, 2026 9:05:20 PM arch.CoNVaIGeminiAgArch interpretContent
INFO: [CoNVaIGeminiAgArch] interpretContent | content="Thank god for the police confirmation! 2 shootings in Ottawa" | pnov=0.000 | prpl=0.329 | pnw=0.850 | topics=[ottawa shootings, police confirmation, parliament hill, war memorial]
May 10, 2026 9:05:20 PM arch.CoNVaIGeminiAgArch interpretContent
INFO: [CoNVaIGeminiAgArch] interpretContent | content="Police have clarified that there were two shootings in Ottaw" | pnov=0.000 | prpl=0.000 | pnw=0.650 | topics=[ottawa shootings, war memorial, parliament hill, police clarification]
May 10, 2026 9:05:20 PM arch.CoNVaIGeminiAgArch interpretContent
INFO: [CoNVaIGeminiAgArch] interpretContent | content="Police have clarified that there were two shootings in Ottaw" | pnov=0.000 | prpl=0.000 | pnw=0.650 | topics=[ottawa shootings, war memorial, parliament hill, police clarification]
May 10, 2026 9:05:20 PM arch.CoNVaIGeminiAgArch interpretContent
INFO: [CoNVaIGeminiAgArch] interpretContent | content="Police have clarified that there were two shootings in Ottaw" | pnov=0.000 | prpl=0.000 | pnw=0.650 | topics=[ottawa shootings, war memorial, parliament hill, police clarification]
May 10, 2026 9:05:20 PM arch.CoNVaIGeminiAgArch interpretContent
INFO: [CoNVaIGeminiAgArch] interpretContent | content="Police have clarified that there were two shootings in Ottaw" | pnov=0.000 | prpl=0.000 | pnw=0.650 | topics=[ottawa shootings, war memorial, parliament hill, police clarification]
May 10, 2026 9:05:20 PM arch.CoNVaIGeminiAgArch interpretContent
INFO: [CoNVaIGeminiAgArch] interpretContent | content="Police have clarified that there were two shootings in Ottaw" | pnov=0.000 | prpl=0.000 | pnw=0.650 | topics=[ottawa shootings, war memorial, parliament hill, police clarification]
May 10, 2026 9:05:20 PM arch.CoNVaIGeminiAgArch interpretContent
INFO: [CoNVaIGeminiAgArch] interpretContent | content="Glad police clarified! Two shootings today in Ottawa: War Me" | pnov=0.000 | prpl=0.300 | pnw=0.750 | topics=[ottawa shootings, police clarification, parliament hill, war memorial]
May 10, 2026 9:05:20 PM arch.CoNVaIGeminiAgArch interpretContent
INFO: [CoNVaIGeminiAgArch] interpretContent | content="Police have clarified that there were two shootings in Ottaw" | pnov=0.000 | prpl=0.000 | pnw=0.650 | topics=[ottawa shootings, war memorial, parliament hill, police clarification]
May 10, 2026 9:05:20 PM arch.CoNVaIGeminiAgArch interpretContent
INFO: [CoNVaIGeminiAgArch] interpretContent | content="Glad police cleared that up! Two shootings today in Ottawa, " | pnov=0.000 | prpl=0.000 | pnw=0.750 | topics=[ottawa shootings, war memorial, parliament hill, public safety]
May 10, 2026 9:05:20 PM arch.CoNVaIGeminiAgArch interpretContent
INFO: [CoNVaIGeminiAgArch] interpretContent | content="Police CONFIRMED ONE incident, NOT two. It evolved from the " | pnov=0.000 | prpl=0.147 | pnw=0.750 | topics=[police confirmation, incident details, ottawa shooting, parliament hill]
May 10, 2026 9:05:20 PM arch.CoNVaIGeminiAgArch interpretContent
INFO: [CoNVaIGeminiAgArch] interpretContent | content="Exactly! Hearsay & "neighbor's cousin" = NO. Official report" | pnov=0.000 | prpl=0.335 | pnw=0.750 | topics=[fact-checking, misinformation, official reports, ottawashootings]
May 10, 2026 9:05:20 PM arch.CoNVaIGeminiAgArch interpretContent
INFO: [CoNVaIGeminiAgArch] interpretContent | content="Police have clarified that there were two shootings in Ottaw" | pnov=0.000 | prpl=0.000 | pnw=0.650 | topics=[ottawa shootings, war memorial, parliament hill, police clarification]
May 10, 2026 9:05:20 PM arch.CoNVaIGeminiAgArch interpretContent
INFO: [CoNVaIGeminiAgArch] interpretContent | content="Glad police clarified! Two shootings today in Ottawa: War Me" | pnov=0.000 | prpl=0.000 | pnw=0.750 | topics=[ottawa shootings, police clarification, parliament hill, war memorial]
May 10, 2026 9:05:20 PM arch.CoNVaIGeminiAgArch interpretContent
INFO: [CoNVaIGeminiAgArch] interpretContent | content="Police have clarified that there were two shootings in Ottaw" | pnov=0.000 | prpl=0.000 | pnw=0.650 | topics=[ottawa shootings, war memorial, parliament hill, police clarification]
May 10, 2026 9:05:20 PM arch.CoNVaIGeminiAgArch interpretContent
INFO: [CoNVaIGeminiAgArch] interpretContent | content="Glad police cleared that up! Two shootings today in Ottawa, " | pnov=0.000 | prpl=0.000 | pnw=0.750 | topics=[ottawa shootings, war memorial, parliament hill, public safety]
May 10, 2026 9:05:20 PM arch.CoNVaIGeminiAgArch interpretContent
INFO: [CoNVaIGeminiAgArch] interpretContent | content="Glad police cleared that up! Two shootings today in Ottawa: " | pnov=0.000 | prpl=0.243 | pnw=0.750 | topics=[ottawa shootings, parliament hill, war memorial, public safety]
May 10, 2026 9:05:20 PM arch.CoNVaIGeminiAgArch interpretContent
INFO: [CoNVaIGeminiAgArch] interpretContent | content="Glad police clarified! Two shootings today in Ottawa: War Me" | pnov=0.000 | prpl=0.000 | pnw=0.750 | topics=[ottawa shootings, police clarification, parliament hill, war memorial]
May 10, 2026 9:05:20 PM arch.CoNVaIGeminiAgArch interpretContent
INFO: [CoNVaIGeminiAgArch] interpretContent | content="Glad police clarified! Two shootings today in Ottawa: War Me" | pnov=0.000 | prpl=0.000 | pnw=0.750 | topics=[ottawa shootings, police clarification, parliament hill, war memorial]
May 10, 2026 9:05:20 PM arch.CoNVaIGeminiAgArch interpretContent
INFO: [CoNVaIGeminiAgArch] interpretContent | content="Glad police clarified! Two shootings today in Ottawa: War Me" | pnov=0.000 | prpl=0.010 | pnw=0.750 | topics=[ottawa shootings, police clarification, parliament hill, war memorial]
May 10, 2026 9:05:20 PM arch.CoNVaIGeminiAgArch interpretContent
INFO: [CoNVaIGeminiAgArch] interpretContent | content="Police have clarified that there were two shootings in Ottaw" | pnov=0.000 | prpl=0.000 | pnw=0.650 | topics=[ottawa shootings, war memorial, parliament hill, police clarification]
May 10, 2026 9:05:20 PM arch.CoNVaIGeminiAgArch interpretContent
INFO: [CoNVaIGeminiAgArch] interpretContent | content="Police have clarified that there were two shootings in Ottaw" | pnov=0.000 | prpl=0.000 | pnw=0.650 | topics=[ottawa shootings, war memorial, parliament hill, police clarification]
May 10, 2026 9:05:20 PM arch.CoNVaIGeminiAgArch interpretContent
INFO: [CoNVaIGeminiAgArch] interpretContent | content="Absolutely chilling. 2 shootings in Ottawa today - War Memor" | pnov=0.000 | prpl=0.002 | pnw=0.850 | topics=[ottawa shootings, public safety, parliament hill, war memorial]
May 10, 2026 9:05:20 PM arch.CoNVaIGeminiAgArch interpretContent
INFO: [CoNVaIGeminiAgArch] interpretContent | content="Thanks for the clarification! Important to get the facts str" | pnov=0.000 | prpl=0.264 | pnw=0.750 | topics=[parliament hill, memorial, misinformation, ottawa shooting]
May 10, 2026 9:05:20 PM arch.CoNVaIGeminiAgArch interpretContent
INFO: [CoNVaIGeminiAgArch] interpretContent | content="So relieved police clarified! 🙏 Scary to hear about the Ott" | pnov=0.000 | prpl=0.082 | pnw=0.750 | topics=[ottawa shootings, war memorial, parliament hill, police clarification]
May 10, 2026 9:05:20 PM arch.CoNVaIGeminiAgArch interpretContent
INFO: [CoNVaIGeminiAgArch] interpretContent | content="Police have clarified that there were two shootings in Ottaw" | pnov=0.000 | prpl=0.000 | pnw=0.650 | topics=[ottawa shootings, war memorial, parliament hill, police clarification]
May 10, 2026 9:05:20 PM arch.CoNVaIGeminiAgArch interpretContent
INFO: [CoNVaIGeminiAgArch] interpretContent | content="Glad police cleared that up! Two shootings today in Ottawa, " | pnov=0.000 | prpl=0.009 | pnw=0.750 | topics=[ottawa shootings, war memorial, parliament hill, public safety]
May 10, 2026 9:05:20 PM arch.CoNVaIGeminiAgArch interpretContent
INFO: [CoNVaIGeminiAgArch] interpretContent | content="Important clarification from police: Today's incidents in Ot" | pnov=0.000 | prpl=0.000 | pnw=0.750 | topics=[ottawa shooting, police clarification, parliament hill, war memorial]
May 10, 2026 9:05:20 PM arch.CoNVaIGeminiAgArch interpretContent
INFO: [CoNVaIGeminiAgArch] interpretContent | content="Police have clarified that there were two shootings in Ottaw" | pnov=0.000 | prpl=0.000 | pnw=0.650 | topics=[ottawa shootings, war memorial, parliament hill, police clarification]
May 10, 2026 9:05:20 PM arch.CoNVaIGeminiAgArch interpretContent
INFO: [CoNVaIGeminiAgArch] interpretContent | content="Police have clarified that there were two shootings in Ottaw" | pnov=0.000 | prpl=0.000 | pnw=0.650 | topics=[ottawa shootings, war memorial, parliament hill, police clarification]
May 10, 2026 9:05:20 PM arch.CoNVaIGeminiAgArch interpretContent
INFO: [CoNVaIGeminiAgArch] interpretContent | content="Police have clarified that there were two shootings in Ottaw" | pnov=0.000 | prpl=0.000 | pnw=0.650 | topics=[ottawa shootings, war memorial, parliament hill, police clarification]
May 10, 2026 9:05:20 PM arch.CoNVaIGeminiAgArch interpretContent
INFO: [CoNVaIGeminiAgArch] interpretContent | content="Police have clarified that there were two shootings in Ottaw" | pnov=0.000 | prpl=0.000 | pnw=0.650 | topics=[ottawa shootings, war memorial, parliament hill, police clarification]
May 10, 2026 9:05:20 PM arch.CoNVaIGeminiAgArch interpretContent
INFO: [CoNVaIGeminiAgArch] interpretContent | content="Police have clarified that there were two shootings in Ottaw" | pnov=0.000 | prpl=0.000 | pnw=0.650 | topics=[ottawa shootings, war memorial, parliament hill, police clarification]
May 10, 2026 9:05:20 PM arch.CoNVaIGeminiAgArch interpretContent
INFO: [CoNVaIGeminiAgArch] interpretContent | content="Police have clarified that there were two shootings in Ottaw" | pnov=0.000 | prpl=0.000 | pnw=0.650 | topics=[ottawa shootings, war memorial, parliament hill, police clarification]
May 10, 2026 9:05:20 PM arch.CoNVaIGeminiAgArch interpretContent
INFO: [CoNVaIGeminiAgArch] interpretContent | content="Police have clarified that there were two shootings in Ottaw" | pnov=0.000 | prpl=0.000 | pnw=0.650 | topics=[ottawa shootings, war memorial, parliament hill, police clarification]
May 10, 2026 9:05:20 PM arch.CoNVaIGeminiAgArch interpretContent
INFO: [CoNVaIGeminiAgArch] interpretContent | content="Police have clarified that there were two shootings in Ottaw" | pnov=0.000 | prpl=0.000 | pnw=0.650 | topics=[ottawa shootings, war memorial, parliament hill, police clarification]
May 10, 2026 9:05:20 PM arch.CoNVaIGeminiAgArch interpretContent
INFO: [CoNVaIGeminiAgArch] interpretContent | content="Police have clarified that there were two shootings in Ottaw" | pnov=0.000 | prpl=0.000 | pnw=0.650 | topics=[ottawa shootings, war memorial, parliament hill, police clarification]
May 10, 2026 9:05:20 PM arch.CoNVaIGeminiAgArch interpretContent
INFO: [CoNVaIGeminiAgArch] interpretContent | content="Police have clarified that there were two shootings in Ottaw" | pnov=0.000 | prpl=0.000 | pnw=0.650 | topics=[ottawa shootings, war memorial, parliament hill, police clarification]
May 10, 2026 9:05:20 PM arch.CoNVaIGeminiAgArch interpretContent
INFO: [CoNVaIGeminiAgArch] interpretContent | content="Police have clarified that there were two shootings in Ottaw" | pnov=0.000 | prpl=0.000 | pnw=0.650 | topics=[ottawa shootings, war memorial, parliament hill, police clarification]
May 10, 2026 9:05:20 PM arch.CoNVaIGeminiAgArch interpretContent
INFO: [CoNVaIGeminiAgArch] interpretContent | content="Police have clarified that there were two shootings in Ottaw" | pnov=0.000 | prpl=0.000 | pnw=0.650 | topics=[ottawa shootings, war memorial, parliament hill, police clarification]
May 10, 2026 9:05:20 PM arch.CoNVaIGeminiAgArch interpretContent
INFO: [CoNVaIGeminiAgArch] interpretContent | content="Glad police cleared that up! Two shootings today in Ottawa: " | pnov=0.000 | prpl=0.163 | pnw=0.750 | topics=[ottawa shootings, parliament hill, war memorial, public safety]
May 10, 2026 9:05:20 PM arch.CoNVaIGeminiAgArch interpretContent
INFO: [CoNVaIGeminiAgArch] interpretContent | content="Police have clarified that there were two shootings in Ottaw" | pnov=0.000 | prpl=0.000 | pnw=0.650 | topics=[ottawa shootings, war memorial, parliament hill, police clarification]
May 10, 2026 9:05:20 PM arch.CoNVaIGeminiAgArch interpretContent
INFO: [CoNVaIGeminiAgArch] interpretContent | content="Police have clarified that there were two shootings in Ottaw" | pnov=0.000 | prpl=0.000 | pnw=0.650 | topics=[ottawa shootings, war memorial, parliament hill, police clarification]
May 10, 2026 9:05:20 PM arch.CoNVaIGeminiAgArch interpretContent
INFO: [CoNVaIGeminiAgArch] interpretContent | content="Police have clarified that there were two shootings in Ottaw" | pnov=0.000 | prpl=0.000 | pnw=0.650 | topics=[ottawa shootings, war memorial, parliament hill, police clarification]
May 10, 2026 9:05:20 PM arch.CoNVaIGeminiAgArch interpretContent
INFO: [CoNVaIGeminiAgArch] interpretContent | content="Police have clarified that there were two shootings in Ottaw" | pnov=0.000 | prpl=0.000 | pnw=0.650 | topics=[ottawa shootings, war memorial, parliament hill, police clarification]
May 10, 2026 9:05:20 PM arch.CoNVaIGeminiAgArch interpretContent
INFO: [CoNVaIGeminiAgArch] interpretContent | content="Glad police cleared that up! Two shootings today in Ottawa, " | pnov=0.000 | prpl=0.000 | pnw=0.750 | topics=[ottawa shootings, war memorial, parliament hill, public safety]
May 10, 2026 9:05:20 PM arch.CoNVaIGeminiAgArch interpretContent
INFO: [CoNVaIGeminiAgArch] interpretContent | content="Police have clarified that there were two shootings in Ottaw" | pnov=0.000 | prpl=0.000 | pnw=0.650 | topics=[ottawa shootings, war memorial, parliament hill, police clarification]
May 10, 2026 9:05:20 PM arch.CoNVaIGeminiAgArch interpretContent
INFO: [CoNVaIGeminiAgArch] interpretContent | content="Police have clarified that there were two shootings in Ottaw" | pnov=0.000 | prpl=0.000 | pnw=0.650 | topics=[ottawa shootings, war memorial, parliament hill, police clarification]
May 10, 2026 9:05:20 PM arch.CoNVaIGeminiAgArch interpretContent
INFO: [CoNVaIGeminiAgArch] interpretContent | content="Glad to hear police clarified the number of shootings. Impor" | pnov=0.000 | prpl=0.082 | pnw=0.450 | topics=[police clarification, ottawa shootings, parliament hill, war memorial]
May 10, 2026 9:05:20 PM arch.CoNVaIGeminiAgArch interpretContent
INFO: [CoNVaIGeminiAgArch] interpretContent | content="So relieved police clarified! 🙏 Scary to hear about the Ott" | pnov=0.000 | prpl=0.183 | pnw=0.750 | topics=[ottawa shootings, war memorial, parliament hill, police clarification]
May 10, 2026 9:05:20 PM arch.CoNVaIGeminiAgArch interpretContent
INFO: [CoNVaIGeminiAgArch] interpretContent | content="Important clarification from police: Today's incidents in Ot" | pnov=0.000 | prpl=0.000 | pnw=0.750 | topics=[ottawa shooting, police clarification, parliament hill, war memorial]
May 10, 2026 9:05:20 PM arch.CoNVaIGeminiAgArch interpretContent
INFO: [CoNVaIGeminiAgArch] interpretContent | content="Glad police clarified! Two shootings today in Ottawa: War Me" | pnov=0.000 | prpl=0.000 | pnw=0.750 | topics=[ottawa shootings, police clarification, parliament hill, war memorial]
May 10, 2026 9:05:20 PM arch.CoNVaIGeminiAgArch interpretContent
INFO: [CoNVaIGeminiAgArch] interpretContent | content="Exactly! The "clarification" was way too quick after so many" | pnov=0.000 | prpl=0.270 | pnw=0.850 | topics=[multiple shooters, cover-up, real evidence, official statements, eyewitness accounts]
May 10, 2026 9:05:20 PM arch.CoNVaIGeminiAgArch interpretContent
INFO: [CoNVaIGeminiAgArch] interpretContent | content="Important clarification from police: Today's incidents in Ot" | pnov=0.000 | prpl=0.000 | pnw=0.750 | topics=[ottawa shooting, police clarification, parliament hill, war memorial]
May 10, 2026 9:05:20 PM arch.CoNVaIGeminiAgArch interpretContent
INFO: [CoNVaIGeminiAgArch] interpretContent | content="Police have clarified that there were two shootings in Ottaw" | pnov=0.000 | prpl=0.000 | pnw=0.650 | topics=[ottawa shootings, war memorial, parliament hill, police clarification]
May 10, 2026 9:05:20 PM arch.CoNVaIGeminiAgArch interpretContent
INFO: [CoNVaIGeminiAgArch] interpretContent | content="Police have clarified that there were two shootings in Ottaw" | pnov=0.000 | prpl=0.000 | pnw=0.650 | topics=[ottawa shootings, war memorial, parliament hill, police clarification]
May 10, 2026 9:05:20 PM arch.CoNVaIGeminiAgArch interpretContent
INFO: [CoNVaIGeminiAgArch] interpretContent | content="Police have clarified that there were two shootings in Ottaw" | pnov=0.000 | prpl=0.000 | pnw=0.650 | topics=[ottawa shootings, war memorial, parliament hill, police clarification]
May 10, 2026 9:05:20 PM arch.CoNVaIGeminiAgArch interpretContent
INFO: [CoNVaIGeminiAgArch] interpretContent | content="Police have clarified that there were two shootings in Ottaw" | pnov=0.000 | prpl=0.000 | pnw=0.650 | topics=[ottawa shootings, war memorial, parliament hill, police clarification]
May 10, 2026 9:05:20 PM arch.CoNVaIGeminiAgArch interpretContent
INFO: [CoNVaIGeminiAgArch] interpretContent | content="Police have clarified that there were two shootings in Ottaw" | pnov=0.000 | prpl=0.000 | pnw=0.650 | topics=[ottawa shootings, war memorial, parliament hill, police clarification]
May 10, 2026 9:05:20 PM arch.CoNVaIGeminiAgArch interpretContent
INFO: [CoNVaIGeminiAgArch] interpretContent | content="Thanks for the clarification! So tragic to hear about the sh" | pnov=0.000 | prpl=0.003 | pnw=0.850 | topics=[ottawa shooting, parliament hill, war memorial, tragedy, condolences]
May 10, 2026 9:05:20 PM arch.CoNVaIGeminiAgArch interpretContent
INFO: [CoNVaIGeminiAgArch] interpretContent | content="Police have clarified that there were two shootings in Ottaw" | pnov=0.000 | prpl=0.000 | pnw=0.650 | topics=[ottawa shootings, war memorial, parliament hill, police clarification]
May 10, 2026 9:05:20 PM arch.CoNVaIGeminiAgArch interpretContent
INFO: [CoNVaIGeminiAgArch] interpretContent | content="Glad police cleared that up! Two shootings today in Ottawa, " | pnov=0.000 | prpl=0.000 | pnw=0.750 | topics=[ottawa shootings, war memorial, parliament hill, public safety]
May 10, 2026 9:05:20 PM arch.CoNVaIGeminiAgArch interpretContent
INFO: [CoNVaIGeminiAgArch] interpretContent | content="So glad for the police clarification! 🙏 Two shootings today" | pnov=0.000 | prpl=0.157 | pnw=0.750 | topics=[ottawa shooting, police clarification, parliament hill, war memorial]
May 10, 2026 9:05:20 PM arch.CoNVaIGeminiAgArch interpretContent
INFO: [CoNVaIGeminiAgArch] interpretContent | content="Good to know police clarified this. Important distinction: 2" | pnov=0.000 | prpl=0.000 | pnw=0.650 | topics=[ottawa shooting, parliament hill, war memorial, police clarification]
May 10, 2026 9:05:20 PM arch.CoNVaIGeminiAgArch interpretContent
INFO: [CoNVaIGeminiAgArch] interpretContent | content="Police have clarified that there were two shootings in Ottaw" | pnov=0.000 | prpl=0.000 | pnw=0.650 | topics=[ottawa shootings, war memorial, parliament hill, police clarification]
May 10, 2026 9:05:20 PM arch.CoNVaIGeminiAgArch interpretContent
INFO: [CoNVaIGeminiAgArch] interpretContent | content="Police have clarified that there were two shootings in Ottaw" | pnov=0.000 | prpl=0.000 | pnw=0.650 | topics=[ottawa shootings, war memorial, parliament hill, police clarification]
May 10, 2026 9:05:20 PM arch.CoNVaIGeminiAgArch interpretContent
INFO: [CoNVaIGeminiAgArch] interpretContent | content="Unbelievable what happened today. So grateful our police are" | pnov=0.000 | prpl=0.067 | pnw=0.750 | topics=[ottawa shooting, police action, public safety, gratitude]
May 10, 2026 9:05:20 PM arch.CoNVaIGeminiAgArch interpretContent
INFO: [CoNVaIGeminiAgArch] interpretContent | content="Police have clarified that there were two shootings in Ottaw" | pnov=0.000 | prpl=0.000 | pnw=0.650 | topics=[ottawa shootings, war memorial, parliament hill, police clarification]
May 10, 2026 9:05:20 PM arch.CoNVaIGeminiAgArch interpretContent
INFO: [CoNVaIGeminiAgArch] interpretContent | content="Police have clarified that there were two shootings in Ottaw" | pnov=0.000 | prpl=0.000 | pnw=0.650 | topics=[ottawa shootings, war memorial, parliament hill, police clarification]
May 10, 2026 9:05:20 PM arch.CoNVaIGeminiAgArch interpretContent
INFO: [CoNVaIGeminiAgArch] interpretContent | content="Police have clarified that there were two shootings in Ottaw" | pnov=0.000 | prpl=0.000 | pnw=0.650 | topics=[ottawa shootings, war memorial, parliament hill, police clarification]
May 10, 2026 9:05:20 PM arch.CoNVaIGeminiAgArch interpretContent
INFO: [CoNVaIGeminiAgArch] interpretContent | content="Police have clarified that there were two shootings in Ottaw" | pnov=0.000 | prpl=0.000 | pnw=0.650 | topics=[ottawa shootings, war memorial, parliament hill, police clarification]
May 10, 2026 9:05:20 PM arch.CoNVaIGeminiAgArch interpretContent
INFO: [CoNVaIGeminiAgArch] interpretContent | content="Police have clarified that there were two shootings in Ottaw" | pnov=0.000 | prpl=0.000 | pnw=0.650 | topics=[ottawa shootings, war memorial, parliament hill, police clarification]
May 10, 2026 9:05:20 PM arch.CoNVaIGeminiAgArch interpretContent
INFO: [CoNVaIGeminiAgArch] interpretContent | content="Police have clarified that there were two shootings in Ottaw" | pnov=0.000 | prpl=0.000 | pnw=0.650 | topics=[ottawa shootings, war memorial, parliament hill, police clarification]
May 10, 2026 9:05:20 PM arch.CoNVaIGeminiAgArch interpretContent
INFO: [CoNVaIGeminiAgArch] interpretContent | content="Police have clarified that there were two shootings in Ottaw" | pnov=0.000 | prpl=0.000 | pnw=0.650 | topics=[ottawa shootings, war memorial, parliament hill, police clarification]
May 10, 2026 9:05:20 PM arch.CoNVaIGeminiAgArch interpretContent
INFO: [CoNVaIGeminiAgArch] interpretContent | content="Glad police cleared that up! Two shootings today in Ottawa, " | pnov=0.000 | prpl=0.000 | pnw=0.750 | topics=[ottawa shootings, war memorial, parliament hill, public safety]
May 10, 2026 9:05:20 PM arch.CoNVaIGeminiAgArch interpretContent
INFO: [CoNVaIGeminiAgArch] interpretContent | content="Police have clarified that there were two shootings in Ottaw" | pnov=0.000 | prpl=0.000 | pnw=0.650 | topics=[ottawa shootings, war memorial, parliament hill, police clarification]
May 10, 2026 9:05:20 PM arch.CoNVaIGeminiAgArch interpretContent
INFO: [CoNVaIGeminiAgArch] interpretContent | content="Glad police cleared that up! Two shootings today in Ottawa, " | pnov=0.000 | prpl=0.000 | pnw=0.750 | topics=[ottawa shootings, war memorial, parliament hill, public safety]
May 10, 2026 9:05:20 PM arch.CoNVaIGeminiAgArch interpretContent
INFO: [CoNVaIGeminiAgArch] interpretContent | content="Glad police cleared that up! Two shootings today in Ottawa, " | pnov=0.000 | prpl=0.000 | pnw=0.750 | topics=[ottawa shootings, war memorial, parliament hill, public safety]
May 10, 2026 9:05:20 PM arch.CoNVaIGeminiAgArch interpretContent
INFO: [CoNVaIGeminiAgArch] interpretContent | content="Police have clarified that there were two shootings in Ottaw" | pnov=0.000 | prpl=0.000 | pnw=0.650 | topics=[ottawa shootings, war memorial, parliament hill, police clarification]
May 10, 2026 9:05:20 PM arch.CoNVaIGeminiAgArch interpretContent
INFO: [CoNVaIGeminiAgArch] interpretContent | content="Police have clarified that there were two shootings in Ottaw" | pnov=0.000 | prpl=0.000 | pnw=0.650 | topics=[ottawa shootings, war memorial, parliament hill, police clarification]
May 10, 2026 9:05:20 PM arch.CoNVaIGeminiAgArch interpretContent
INFO: [CoNVaIGeminiAgArch] interpretContent | content="Police have clarified that there were two shootings in Ottaw" | pnov=0.000 | prpl=0.000 | pnw=0.650 | topics=[ottawa shootings, war memorial, parliament hill, police clarification]
May 10, 2026 9:05:20 PM arch.CoNVaIGeminiAgArch interpretContent
INFO: [CoNVaIGeminiAgArch] interpretContent | content="Police have clarified that there were two shootings in Ottaw" | pnov=0.000 | prpl=0.000 | pnw=0.650 | topics=[ottawa shootings, war memorial, parliament hill, police clarification]
May 10, 2026 9:05:20 PM arch.CoNVaIGeminiAgArch interpretContent
INFO: [CoNVaIGeminiAgArch] interpretContent | content="Police have clarified that there were two shootings in Ottaw" | pnov=0.000 | prpl=0.000 | pnw=0.650 | topics=[ottawa shootings, war memorial, parliament hill, police clarification]
May 10, 2026 9:05:20 PM arch.CoNVaIGeminiAgArch interpretContent
INFO: [CoNVaIGeminiAgArch] interpretContent | content="Absolutely chilling. 2 shootings in Ottawa today - War Memor" | pnov=0.000 | prpl=0.002 | pnw=0.850 | topics=[ottawa shootings, public safety, parliament hill, war memorial]
May 10, 2026 9:05:20 PM arch.CoNVaIGeminiAgArch interpretContent
INFO: [CoNVaIGeminiAgArch] interpretContent | content="Police clarifying: the incident at the War Memorial was NOT " | pnov=0.000 | prpl=0.248 | pnw=0.750 | topics=[ottawa shooting, parliament hill, police clarification, shots fired, public safety]
May 10, 2026 9:05:20 PM arch.CoNVaIGeminiAgArch interpretContent
INFO: [CoNVaIGeminiAgArch] interpretContent | content="Exactly! Eyewitnesses said MULTIPLE shooters, then police "c" | pnov=0.000 | prpl=0.345 | pnw=0.780 | topics=[multiple shooters, police clarification, real evidence, conspiracy theory]
May 10, 2026 9:05:20 PM arch.CoNVaIGeminiAgArch interpretContent
INFO: [CoNVaIGeminiAgArch] interpretContent | content="Glad police clarified! Two shootings today in Ottawa: War Me" | pnov=0.000 | prpl=0.000 | pnw=0.750 | topics=[ottawa shootings, police clarification, parliament hill, war memorial]
May 10, 2026 9:05:20 PM arch.CoNVaIGeminiAgArch interpretContent
INFO: [CoNVaIGeminiAgArch] interpretContent | content="Police have clarified that there were two shootings in Ottaw" | pnov=0.000 | prpl=0.000 | pnw=0.650 | topics=[ottawa shootings, war memorial, parliament hill, police clarification]
May 10, 2026 9:05:20 PM arch.CoNVaIGeminiAgArch interpretContent
INFO: [CoNVaIGeminiAgArch] interpretContent | content="Police have clarified that there were two shootings in Ottaw" | pnov=0.000 | prpl=0.000 | pnw=0.650 | topics=[ottawa shootings, war memorial, parliament hill, police clarification]
May 10, 2026 9:05:20 PM arch.CoNVaIGeminiAgArch interpretContent
INFO: [CoNVaIGeminiAgArch] interpretContent | content="Police have clarified that there were two shootings in Ottaw" | pnov=0.000 | prpl=0.000 | pnw=0.650 | topics=[ottawa shootings, war memorial, parliament hill, police clarification]
May 10, 2026 9:05:20 PM arch.CoNVaIGeminiAgArch interpretContent
INFO: [CoNVaIGeminiAgArch] interpretContent | content="Police have clarified that there were two shootings in Ottaw" | pnov=0.000 | prpl=0.000 | pnw=0.650 | topics=[ottawa shootings, war memorial, parliament hill, police clarification]
May 10, 2026 9:05:20 PM arch.CoNVaIGeminiAgArch interpretContent
INFO: [CoNVaIGeminiAgArch] interpretContent | content="Police have clarified that there were two shootings in Ottaw" | pnov=0.000 | prpl=0.000 | pnw=0.650 | topics=[ottawa shootings, war memorial, parliament hill, police clarification]
May 10, 2026 9:05:20 PM arch.CoNVaIGeminiAgArch interpretContent
INFO: [CoNVaIGeminiAgArch] interpretContent | content="Good to get that clarification from police. So, two shooting" | pnov=0.000 | prpl=0.157 | pnw=0.750 | topics=[ottawa shootings, war memorial, parliament hill, public safety]
May 10, 2026 9:05:20 PM arch.CoNVaIGeminiAgArch interpretContent
INFO: [CoNVaIGeminiAgArch] interpretContent | content="Police have clarified that there were two shootings in Ottaw" | pnov=0.000 | prpl=0.000 | pnw=0.650 | topics=[ottawa shootings, war memorial, parliament hill, police clarification]
May 10, 2026 9:05:20 PM arch.CoNVaIGeminiAgArch interpretContent
INFO: [CoNVaIGeminiAgArch] interpretContent | content="Police have clarified that there were two shootings in Ottaw" | pnov=0.000 | prpl=0.000 | pnw=0.650 | topics=[ottawa shootings, war memorial, parliament hill, police clarification]
May 10, 2026 9:05:20 PM arch.CoNVaIGeminiAgArch interpretContent
INFO: [CoNVaIGeminiAgArch] interpretContent | content="Police have clarified that there were two shootings in Ottaw" | pnov=0.000 | prpl=0.000 | pnw=0.650 | topics=[ottawa shootings, war memorial, parliament hill, police clarification]
May 10, 2026 9:05:20 PM arch.CoNVaIGeminiAgArch interpretContent
INFO: [CoNVaIGeminiAgArch] interpretContent | content="Police have clarified that there were two shootings in Ottaw" | pnov=0.000 | prpl=0.000 | pnw=0.650 | topics=[ottawa shootings, war memorial, parliament hill, police clarification]
May 10, 2026 9:05:20 PM arch.CoNVaIGeminiAgArch interpretContent
INFO: [CoNVaIGeminiAgArch] interpretContent | content="Glad police cleared that up! Two shootings today in Ottawa, " | pnov=0.000 | prpl=0.000 | pnw=0.750 | topics=[ottawa shootings, war memorial, parliament hill, public safety]
May 10, 2026 9:05:20 PM arch.CoNVaIGeminiAgArch interpretContent
INFO: [CoNVaIGeminiAgArch] interpretContent | content="Police have clarified that there were two shootings in Ottaw" | pnov=0.000 | prpl=0.000 | pnw=0.650 | topics=[ottawa shootings, war memorial, parliament hill, police clarification]
May 10, 2026 9:05:20 PM arch.CoNVaIGeminiAgArch interpretContent
INFO: [CoNVaIGeminiAgArch] interpretContent | content="Police have clarified that there were two shootings in Ottaw" | pnov=0.000 | prpl=0.000 | pnw=0.650 | topics=[ottawa shootings, war memorial, parliament hill, police clarification]
May 10, 2026 9:05:20 PM arch.CoNVaIGeminiAgArch interpretContent
INFO: [CoNVaIGeminiAgArch] interpretContent | content="Unbelievable what happened today. So grateful our police are" | pnov=0.000 | prpl=0.061 | pnw=0.750 | topics=[ottawa shooting, police action, public safety, gratitude]
May 10, 2026 9:05:20 PM arch.CoNVaIGeminiAgArch interpretContent
INFO: [CoNVaIGeminiAgArch] interpretContent | content="Police have clarified that there were two shootings in Ottaw" | pnov=0.000 | prpl=0.000 | pnw=0.650 | topics=[ottawa shootings, war memorial, parliament hill, police clarification]
May 10, 2026 9:05:20 PM arch.CoNVaIGeminiAgArch interpretContent
INFO: [CoNVaIGeminiAgArch] interpretContent | content="Police have clarified that there were two shootings in Ottaw" | pnov=0.000 | prpl=0.001 | pnw=0.650 | topics=[ottawa shootings, war memorial, parliament hill, police clarification]
May 10, 2026 9:05:20 PM arch.CoNVaIGeminiAgArch interpretContent
INFO: [CoNVaIGeminiAgArch] interpretContent | content="Police have clarified that there were two shootings in Ottaw" | pnov=0.000 | prpl=0.000 | pnw=0.650 | topics=[ottawa shootings, war memorial, parliament hill, police clarification]
May 10, 2026 9:05:20 PM arch.CoNVaIGeminiAgArch interpretContent
INFO: [CoNVaIGeminiAgArch] interpretContent | content="Police have clarified that there were two shootings in Ottaw" | pnov=0.000 | prpl=0.000 | pnw=0.650 | topics=[ottawa shootings, war memorial, parliament hill, police clarification]
May 10, 2026 9:05:20 PM arch.CoNVaIGeminiAgArch interpretContent
INFO: [CoNVaIGeminiAgArch] interpretContent | content="Police have clarified that there were two shootings in Ottaw" | pnov=0.000 | prpl=0.000 | pnw=0.650 | topics=[ottawa shootings, war memorial, parliament hill, police clarification]
May 10, 2026 9:05:20 PM arch.CoNVaIGeminiAgArch interpretContent
INFO: [CoNVaIGeminiAgArch] interpretContent | content="So glad for the police clarification! 🙏 Two shootings today" | pnov=0.000 | prpl=0.142 | pnw=0.750 | topics=[ottawa shooting, police clarification, parliament hill, war memorial]
May 10, 2026 9:05:20 PM arch.CoNVaIGeminiAgArch interpretContent
INFO: [CoNVaIGeminiAgArch] interpretContent | content="Important clarification from police: Today's incidents in Ot" | pnov=0.000 | prpl=0.000 | pnw=0.750 | topics=[ottawa shooting, police clarification, parliament hill, war memorial]
May 10, 2026 9:05:20 PM arch.CoNVaIGeminiAgArch interpretContent
INFO: [CoNVaIGeminiAgArch] interpretContent | content="Police have clarified that there were two shootings in Ottaw" | pnov=0.000 | prpl=0.000 | pnw=0.650 | topics=[ottawa shootings, war memorial, parliament hill, police clarification]
May 10, 2026 9:05:20 PM arch.CoNVaIGeminiAgArch interpretContent
INFO: [CoNVaIGeminiAgArch] interpretContent | content="Absolutely chilling. 2 shootings in Ottawa today - War Memor" | pnov=0.000 | prpl=0.002 | pnw=0.850 | topics=[ottawa shootings, public safety, parliament hill, war memorial]
May 10, 2026 9:05:20 PM arch.CoNVaIGeminiAgArch interpretContent
INFO: [CoNVaIGeminiAgArch] interpretContent | content="Glad police clarified! Two shootings today in Ottawa: War Me" | pnov=0.000 | prpl=0.248 | pnw=0.750 | topics=[ottawa shootings, police clarification, parliament hill, war memorial]
May 10, 2026 9:05:20 PM arch.CoNVaIGeminiAgArch interpretContent
INFO: [CoNVaIGeminiAgArch] interpretContent | content="Police have clarified that there were two shootings in Ottaw" | pnov=0.000 | prpl=0.000 | pnw=0.650 | topics=[ottawa shootings, war memorial, parliament hill, police clarification]
May 10, 2026 9:05:20 PM arch.CoNVaIGeminiAgArch interpretContent
INFO: [CoNVaIGeminiAgArch] interpretContent | content="Police have clarified that there were two shootings in Ottaw" | pnov=0.000 | prpl=0.000 | pnw=0.650 | topics=[ottawa shootings, war memorial, parliament hill, police clarification]
May 10, 2026 9:05:20 PM arch.CoNVaIGeminiAgArch interpretContent
INFO: [CoNVaIGeminiAgArch] interpretContent | content="Police have clarified that there were two shootings in Ottaw" | pnov=0.000 | prpl=0.000 | pnw=0.650 | topics=[ottawa shootings, war memorial, parliament hill, police clarification]
May 10, 2026 9:05:20 PM arch.CoNVaIGeminiAgArch interpretContent
INFO: [CoNVaIGeminiAgArch] interpretContent | content="Police have clarified that there were two shootings in Ottaw" | pnov=0.000 | prpl=0.000 | pnw=0.650 | topics=[ottawa shootings, war memorial, parliament hill, police clarification]
May 10, 2026 9:05:20 PM arch.CoNVaIGeminiAgArch interpretContent
INFO: [CoNVaIGeminiAgArch] interpretContent | content="Police have clarified that there were two shootings in Ottaw" | pnov=0.000 | prpl=0.000 | pnw=0.650 | topics=[ottawa shootings, war memorial, parliament hill, police clarification]
May 10, 2026 9:05:20 PM arch.CoNVaIGeminiAgArch interpretContent
INFO: [CoNVaIGeminiAgArch] interpretContent | content="Police have clarified that there were two shootings in Ottaw" | pnov=0.000 | prpl=0.000 | pnw=0.650 | topics=[ottawa shootings, war memorial, parliament hill, police clarification]
May 10, 2026 9:05:20 PM arch.CoNVaIGeminiAgArch interpretContent
INFO: [CoNVaIGeminiAgArch] interpretContent | content="Police have clarified that there were two shootings in Ottaw" | pnov=0.000 | prpl=0.001 | pnw=0.650 | topics=[ottawa shootings, war memorial, parliament hill, police clarification]
May 10, 2026 9:05:20 PM arch.CoNVaIGeminiAgArch interpretContent
INFO: [CoNVaIGeminiAgArch] interpretContent | content="Police have clarified that there were two shootings in Ottaw" | pnov=0.000 | prpl=0.000 | pnw=0.650 | topics=[ottawa shootings, war memorial, parliament hill, police clarification]
May 10, 2026 9:05:20 PM arch.CoNVaIGeminiAgArch interpretContent
INFO: [CoNVaIGeminiAgArch] interpretContent | content="Police have clarified that there were two shootings in Ottaw" | pnov=0.000 | prpl=0.000 | pnw=0.650 | topics=[ottawa shootings, war memorial, parliament hill, police clarification]
May 10, 2026 9:05:20 PM arch.CoNVaIGeminiAgArch interpretContent
INFO: [CoNVaIGeminiAgArch] interpretContent | content="Police have clarified that there were two shootings in Ottaw" | pnov=0.000 | prpl=0.000 | pnw=0.650 | topics=[ottawa shootings, war memorial, parliament hill, police clarification]
May 10, 2026 9:05:20 PM arch.CoNVaIGeminiAgArch interpretContent
INFO: [CoNVaIGeminiAgArch] interpretContent | content="Police have clarified that there were two shootings in Ottaw" | pnov=0.000 | prpl=0.000 | pnw=0.650 | topics=[ottawa shootings, war memorial, parliament hill, police clarification]
May 10, 2026 9:05:20 PM arch.CoNVaIGeminiAgArch interpretContent
INFO: [CoNVaIGeminiAgArch] interpretContent | content="Glad police cleared that up! Two shootings today in Ottawa, " | pnov=0.000 | prpl=0.000 | pnw=0.750 | topics=[ottawa shootings, war memorial, parliament hill, public safety]
May 10, 2026 9:05:20 PM arch.CoNVaIGeminiAgArch interpretContent
INFO: [CoNVaIGeminiAgArch] interpretContent | content="Police have clarified that there were two shootings in Ottaw" | pnov=0.000 | prpl=0.000 | pnw=0.650 | topics=[ottawa shootings, war memorial, parliament hill, police clarification]
May 10, 2026 9:05:20 PM arch.CoNVaIGeminiAgArch interpretContent
INFO: [CoNVaIGeminiAgArch] interpretContent | content="Police have clarified that there were two shootings in Ottaw" | pnov=0.000 | prpl=0.000 | pnw=0.650 | topics=[ottawa shootings, war memorial, parliament hill, police clarification]
May 10, 2026 9:05:20 PM arch.CoNVaIGeminiAgArch interpretContent
INFO: [CoNVaIGeminiAgArch] interpretContent | content="Police have clarified that there were two shootings in Ottaw" | pnov=0.000 | prpl=0.000 | pnw=0.650 | topics=[ottawa shootings, war memorial, parliament hill, police clarification]
May 10, 2026 9:05:20 PM arch.CoNVaIGeminiAgArch interpretContent
INFO: [CoNVaIGeminiAgArch] interpretContent | content="So important police clarified the details on the #OttawaShoo" | pnov=0.000 | prpl=0.297 | pnw=0.750 | topics=[ottawa shooting, police clarification, public safety, parliament hill, war memorial]
May 10, 2026 9:05:20 PM arch.CoNVaIGeminiAgArch interpretContent
INFO: [CoNVaIGeminiAgArch] interpretContent | content="So important police clarified the details on the #OttawaShoo" | pnov=0.000 | prpl=0.134 | pnw=0.750 | topics=[ottawa shooting, police clarification, public safety, parliament hill, war memorial]
May 10, 2026 9:05:20 PM arch.CoNVaIGeminiAgArch interpretContent
INFO: [CoNVaIGeminiAgArch] interpretContent | content="Police have clarified that there were two shootings in Ottaw" | pnov=0.000 | prpl=0.000 | pnw=0.650 | topics=[ottawa shootings, war memorial, parliament hill, police clarification]
May 10, 2026 9:05:20 PM arch.CoNVaIGeminiAgArch interpretContent
INFO: [CoNVaIGeminiAgArch] interpretContent | content="Police have clarified that there were two shootings in Ottaw" | pnov=0.000 | prpl=0.000 | pnw=0.650 | topics=[ottawa shootings, war memorial, parliament hill, police clarification]
May 10, 2026 9:05:20 PM arch.CoNVaIGeminiAgArch parseDouble
WARNING: [CoNVaIGeminiAgArch] Failed to parse 'pnov': No content to map due to end-of-input
 at [Source: REDACTED (`StreamReadFeature.INCLUDE_SOURCE_IN_LOCATION` disabled); line: 1]
May 10, 2026 9:05:20 PM arch.CoNVaIGeminiAgArch interpretContent
INFO: [CoNVaIGeminiAgArch] interpretContent | content=""Multiple shooters" claims often arise in chaotic events, bu" | pnov=0.000 | prpl=0.409 | pnw=0.650 | topics=[ottawashooting, eyewitness accounts, police investigation, misinformation, verified facts]
May 10, 2026 9:05:20 PM arch.CoNVaIGeminiAgArch interpretContent
INFO: [CoNVaIGeminiAgArch] interpretContent | content="Police have clarified that there were two shootings in Ottaw" | pnov=0.000 | prpl=0.000 | pnw=0.650 | topics=[ottawa shootings, war memorial, parliament hill, police clarification]
May 10, 2026 9:05:20 PM arch.CoNVaIGeminiAgArch interpretContent
INFO: [CoNVaIGeminiAgArch] interpretContent | content="Police have clarified that there were two shootings in Ottaw" | pnov=0.000 | prpl=0.000 | pnw=0.650 | topics=[ottawa shootings, war memorial, parliament hill, police clarification]
May 10, 2026 9:05:20 PM arch.CoNVaIGeminiAgArch interpretContent
INFO: [CoNVaIGeminiAgArch] interpretContent | content="Police have clarified that there were two shootings in Ottaw" | pnov=0.000 | prpl=0.000 | pnw=0.650 | topics=[ottawa shootings, war memorial, parliament hill, police clarification]
May 10, 2026 9:05:20 PM arch.CoNVaIGeminiAgArch interpretContent
INFO: [CoNVaIGeminiAgArch] interpretContent | content="Police have clarified that there were two shootings in Ottaw" | pnov=0.000 | prpl=0.000 | pnw=0.650 | topics=[ottawa shootings, war memorial, parliament hill, police clarification]
May 10, 2026 9:05:20 PM arch.CoNVaIGeminiAgArch interpretContent
INFO: [CoNVaIGeminiAgArch] interpretContent | content="Police have clarified that there were two shootings in Ottaw" | pnov=0.000 | prpl=0.000 | pnw=0.650 | topics=[ottawa shootings, war memorial, parliament hill, police clarification]
May 10, 2026 9:05:20 PM arch.CoNVaIGeminiAgArch parseDouble
WARNING: [CoNVaIGeminiAgArch] Failed to parse 'pnov': No content to map due to end-of-input
 at [Source: REDACTED (`StreamReadFeature.INCLUDE_SOURCE_IN_LOCATION` disabled); line: 1]
May 10, 2026 9:05:20 PM arch.CoNVaIGeminiAgArch interpretContent
INFO: [CoNVaIGeminiAgArch] interpretContent | content="So important police clarified the details on the #OttawaShoo" | pnov=0.000 | prpl=0.081 | pnw=0.750 | topics=[ottawa shooting, police clarification, public safety, parliament hill, war memorial]
May 10, 2026 9:05:20 PM arch.CoNVaIGeminiAgArch parseDouble
WARNING: [CoNVaIGeminiAgArch] Failed to parse 'pnov': No content to map due to end-of-input
 at [Source: REDACTED (`StreamReadFeature.INCLUDE_SOURCE_IN_LOCATION` disabled); line: 1]
May 10, 2026 9:05:20 PM arch.CoNVaIGeminiAgArch interpretContent
INFO: [CoNVaIGeminiAgArch] interpretContent | content="Thanks for the clarification! Important to get the facts str" | pnov=0.000 | prpl=0.160 | pnw=0.750 | topics=[parliament hill, memorial, misinformation, ottawa shooting]
May 10, 2026 9:05:20 PM arch.CoNVaIGeminiAgArch parseDouble
WARNING: [CoNVaIGeminiAgArch] Failed to parse 'pnov': No content to map due to end-of-input
 at [Source: REDACTED (`StreamReadFeature.INCLUDE_SOURCE_IN_LOCATION` disabled); line: 1]
May 10, 2026 9:05:20 PM arch.CoNVaIGeminiAgArch interpretContent
INFO: [CoNVaIGeminiAgArch] interpretContent | content="Wait, *two* shootings? Police clarification said the Parliam" | pnov=0.000 | prpl=0.328 | pnw=0.750 | topics=[parliament hill shooting, war memorial, police clarification, fake news]
May 10, 2026 9:05:20 PM arch.CoNVaIGeminiAgArch parseDouble
WARNING: [CoNVaIGeminiAgArch] Failed to parse 'pnov': No content to map due to end-of-input
 at [Source: REDACTED (`StreamReadFeature.INCLUDE_SOURCE_IN_LOCATION` disabled); line: 1]
May 10, 2026 9:05:20 PM arch.CoNVaIGeminiAgArch parseDouble
WARNING: [CoNVaIGeminiAgArch] Failed to parse 'pnov': No content to map due to end-of-input
 at [Source: REDACTED (`StreamReadFeature.INCLUDE_SOURCE_IN_LOCATION` disabled); line: 1]
May 10, 2026 9:05:20 PM arch.CoNVaIGeminiAgArch interpretContent
INFO: [CoNVaIGeminiAgArch] interpretContent | content="Police CONFIRMED ONE incident, NOT two. It evolved from the " | pnov=0.000 | prpl=0.163 | pnw=0.750 | topics=[police confirmation, incident details, ottawa shooting, parliament hill]
May 10, 2026 9:05:20 PM arch.CoNVaIGeminiAgArch parseDouble
WARNING: [CoNVaIGeminiAgArch] Failed to parse 'pnov': No content to map due to end-of-input
 at [Source: REDACTED (`StreamReadFeature.INCLUDE_SOURCE_IN_LOCATION` disabled); line: 1]
May 10, 2026 9:05:20 PM arch.CoNVaIGeminiAgArch parseDouble
WARNING: [CoNVaIGeminiAgArch] Failed to parse 'pnov': No content to map due to end-of-input
 at [Source: REDACTED (`StreamReadFeature.INCLUDE_SOURCE_IN_LOCATION` disabled); line: 1]
May 10, 2026 9:05:20 PM arch.CoNVaIGeminiAgArch parseDouble
WARNING: [CoNVaIGeminiAgArch] Failed to parse 'pnov': No content to map due to end-of-input
 at [Source: REDACTED (`StreamReadFeature.INCLUDE_SOURCE_IN_LOCATION` disabled); line: 1]
May 10, 2026 9:05:20 PM arch.CoNVaIGeminiAgArch interpretContent
INFO: [CoNVaIGeminiAgArch] interpretContent | content="Umm, pretty sure that's not right. Heard from multiple sourc" | pnov=0.000 | prpl=0.371 | pnw=0.750 | topics=[ottawa shooting, parliament hill, eyewitness accounts, information sharing]
May 10, 2026 9:05:20 PM arch.CoNVaIGeminiAgArch parseDouble
WARNING: [CoNVaIGeminiAgArch] Failed to parse 'pnov': No content to map due to end-of-input
 at [Source: REDACTED (`StreamReadFeature.INCLUDE_SOURCE_IN_LOCATION` disabled); line: 1]
May 10, 2026 9:05:20 PM arch.CoNVaIGeminiAgArch parseDouble
WARNING: [CoNVaIGeminiAgArch] Failed to parse 'pnov': No content to map due to end-of-input
 at [Source: REDACTED (`StreamReadFeature.INCLUDE_SOURCE_IN_LOCATION` disabled); line: 1]
May 10, 2026 9:05:20 PM arch.CoNVaIGeminiAgArch interpretContent
INFO: [CoNVaIGeminiAgArch] interpretContent | content="Police have clarified that there were two shootings in Ottaw" | pnov=0.000 | prpl=0.005 | pnw=0.650 | topics=[ottawa shootings, war memorial, parliament hill, police clarification]
May 10, 2026 9:05:20 PM arch.CoNVaIGeminiAgArch parseDouble
WARNING: [CoNVaIGeminiAgArch] Failed to parse 'pnov': No content to map due to end-of-input
 at [Source: REDACTED (`StreamReadFeature.INCLUDE_SOURCE_IN_LOCATION` disabled); line: 1]
May 10, 2026 9:05:20 PM arch.CoNVaIGeminiAgArch parseDouble
WARNING: [CoNVaIGeminiAgArch] Failed to parse 'pnov': No content to map due to end-of-input
 at [Source: REDACTED (`StreamReadFeature.INCLUDE_SOURCE_IN_LOCATION` disabled); line: 1]
May 10, 2026 9:05:20 PM arch.CoNVaIGeminiAgArch interpretContent
INFO: [CoNVaIGeminiAgArch] interpretContent | content="You're right, it was one horrific event on Oct 22, 2014. Off" | pnov=0.000 | prpl=0.192 | pnw=0.750 | topics=[ottawa shooting, parliament hill, war memorial, oct 22 2014, ottawastrong]
May 10, 2026 9:05:20 PM arch.CoNVaIGeminiAgArch interpretContent
INFO: [CoNVaIGeminiAgArch] interpretContent | content="Good to know police clarified this. Important distinction: 2" | pnov=0.000 | prpl=0.000 | pnw=0.650 | topics=[ottawa shooting, parliament hill, war memorial, police clarification]
May 10, 2026 9:05:20 PM arch.CoNVaIGeminiAgArch interpretContent
INFO: [CoNVaIGeminiAgArch] interpretContent | content="Glad police clarified! Two shootings today in Ottawa: War Me" | pnov=0.000 | prpl=0.000 | pnw=0.750 | topics=[ottawa shootings, police clarification, parliament hill, war memorial]
May 10, 2026 9:05:20 PM arch.CoNVaIGeminiAgArch interpretContent
INFO: [CoNVaIGeminiAgArch] interpretContent | content="Police have clarified that there were two shootings in Ottaw" | pnov=0.000 | prpl=0.000 | pnw=0.650 | topics=[ottawa shootings, war memorial, parliament hill, police clarification]
May 10, 2026 9:05:20 PM arch.CoNVaIGeminiAgArch interpretContent
INFO: [CoNVaIGeminiAgArch] interpretContent | content="Glad police cleared that up! Two shootings today in Ottawa, " | pnov=0.000 | prpl=0.000 | pnw=0.750 | topics=[ottawa shootings, war memorial, parliament hill, public safety]
May 10, 2026 9:05:20 PM arch.CoNVaIGeminiAgArch parseDouble
WARNING: [CoNVaIGeminiAgArch] Failed to parse 'pnov': No content to map due to end-of-input
 at [Source: REDACTED (`StreamReadFeature.INCLUDE_SOURCE_IN_LOCATION` disabled); line: 1]
May 10, 2026 9:05:20 PM arch.CoNVaIGeminiAgArch interpretContent
INFO: [CoNVaIGeminiAgArch] interpretContent | content="Glad police cleared that up! Two shootings today in Ottawa: " | pnov=0.000 | prpl=0.066 | pnw=0.750 | topics=[ottawa shootings, parliament hill, war memorial, public safety]
May 10, 2026 9:05:20 PM arch.CoNVaIGeminiAgArch parseDouble
WARNING: [CoNVaIGeminiAgArch] Failed to parse 'pnov': No content to map due to end-of-input
 at [Source: REDACTED (`StreamReadFeature.INCLUDE_SOURCE_IN_LOCATION` disabled); line: 1]
May 10, 2026 9:05:20 PM arch.CoNVaIGeminiAgArch interpretContent
INFO: [CoNVaIGeminiAgArch] interpretContent | content="Police CONFIRMED ONE incident, NOT two. It evolved from the " | pnov=0.000 | prpl=0.005 | pnw=0.750 | topics=[police confirmation, incident details, ottawa shooting, parliament hill]
May 10, 2026 9:05:20 PM arch.CoNVaIGeminiAgArch interpretContent
INFO: [CoNVaIGeminiAgArch] interpretContent | content="Police have clarified that there were two shootings in Ottaw" | pnov=0.000 | prpl=0.000 | pnw=0.650 | topics=[ottawa shootings, war memorial, parliament hill, police clarification]
May 10, 2026 9:05:20 PM arch.CoNVaIGeminiAgArch parseDouble
WARNING: [CoNVaIGeminiAgArch] Failed to parse 'pnov': No content to map due to end-of-input
 at [Source: REDACTED (`StreamReadFeature.INCLUDE_SOURCE_IN_LOCATION` disabled); line: 1]
May 10, 2026 9:05:20 PM arch.CoNVaIGeminiAgArch interpretContent
INFO: [CoNVaIGeminiAgArch] interpretContent | content="Glad police clarified! Two shootings today in Ottawa: War Me" | pnov=0.000 | prpl=0.003 | pnw=0.750 | topics=[ottawa shootings, police clarification, parliament hill, war memorial]
May 10, 2026 9:05:20 PM arch.CoNVaIGeminiAgArch parseDouble
WARNING: [CoNVaIGeminiAgArch] Failed to parse 'pnov': No content to map due to end-of-input
 at [Source: REDACTED (`StreamReadFeature.INCLUDE_SOURCE_IN_LOCATION` disabled); line: 1]
May 10, 2026 9:05:20 PM arch.CoNVaIGeminiAgArch interpretContent
INFO: [CoNVaIGeminiAgArch] interpretContent | content="Glad police clarified! Two shootings, War Memorial & Parliam" | pnov=0.000 | prpl=0.027 | pnw=0.750 | topics=[ottawa shooting, police clarification, war memorial, parliament hill]
May 10, 2026 9:05:20 PM arch.CoNVaIGeminiAgArch parseDouble
WARNING: [CoNVaIGeminiAgArch] Failed to parse 'pnov': No content to map due to end-of-input
 at [Source: REDACTED (`StreamReadFeature.INCLUDE_SOURCE_IN_LOCATION` disabled); line: 1]
May 10, 2026 9:05:20 PM arch.CoNVaIGeminiAgArch parseDouble
WARNING: [CoNVaIGeminiAgArch] Failed to parse 'pnov': No content to map due to end-of-input
 at [Source: REDACTED (`StreamReadFeature.INCLUDE_SOURCE_IN_LOCATION` disabled); line: 1]
May 10, 2026 9:05:20 PM arch.CoNVaIGeminiAgArch interpretContent
INFO: [CoNVaIGeminiAgArch] interpretContent | content="Thanks for the clarification! Important to get the facts str" | pnov=0.000 | prpl=0.322 | pnw=0.750 | topics=[parliament hill, memorial, misinformation, ottawa shooting]
May 10, 2026 9:05:20 PM arch.CoNVaIGeminiAgArch parseDouble
WARNING: [CoNVaIGeminiAgArch] Failed to parse 'pnov': No content to map due to end-of-input
 at [Source: REDACTED (`StreamReadFeature.INCLUDE_SOURCE_IN_LOCATION` disabled); line: 1]
May 10, 2026 9:05:20 PM arch.CoNVaIGeminiAgArch parseDouble
WARNING: [CoNVaIGeminiAgArch] Failed to parse 'pnov': No content to map due to end-of-input
 at [Source: REDACTED (`StreamReadFeature.INCLUDE_SOURCE_IN_LOCATION` disabled); line: 1]
May 10, 2026 9:05:20 PM arch.CoNVaIGeminiAgArch parseDouble
WARNING: [CoNVaIGeminiAgArch] Failed to parse 'pnov': No content to map due to end-of-input
 at [Source: REDACTED (`StreamReadFeature.INCLUDE_SOURCE_IN_LOCATION` disabled); line: 1]
May 10, 2026 9:05:20 PM arch.CoNVaIGeminiAgArch interpretContent
INFO: [CoNVaIGeminiAgArch] interpretContent | content="Police have clarified that there were two shootings in Ottaw" | pnov=0.000 | prpl=0.010 | pnw=0.650 | topics=[ottawa shootings, war memorial, parliament hill, police clarification]
May 10, 2026 9:05:20 PM arch.CoNVaIGeminiAgArch parseDouble
WARNING: [CoNVaIGeminiAgArch] Failed to parse 'pnov': No content to map due to end-of-input
 at [Source: REDACTED (`StreamReadFeature.INCLUDE_SOURCE_IN_LOCATION` disabled); line: 1]
May 10, 2026 9:05:20 PM arch.CoNVaIGeminiAgArch interpretContent
INFO: [CoNVaIGeminiAgArch] interpretContent | content="Wait, TWO shootings? Pretty sure I saw reports of THREE. Whe" | pnov=0.000 | prpl=0.297 | pnw=0.750 | topics=[shooting reports, confirmation needed,  Ottawa shooting, parliament hill, war memorial]
May 10, 2026 9:05:20 PM arch.CoNVaIGeminiAgArch parseDouble
WARNING: [CoNVaIGeminiAgArch] Failed to parse 'pnov': No content to map due to end-of-input
 at [Source: REDACTED (`StreamReadFeature.INCLUDE_SOURCE_IN_LOCATION` disabled); line: 1]
May 10, 2026 9:05:20 PM arch.CoNVaIGeminiAgArch interpretContent
INFO: [CoNVaIGeminiAgArch] interpretContent | content="So important police clarified the details on the #OttawaShoo" | pnov=0.000 | prpl=0.199 | pnw=0.750 | topics=[ottawa shooting, police clarification, public safety, parliament hill, war memorial]
May 10, 2026 9:05:20 PM arch.CoNVaIGeminiAgArch parseDouble
WARNING: [CoNVaIGeminiAgArch] Failed to parse 'pnov': No content to map due to end-of-input
 at [Source: REDACTED (`StreamReadFeature.INCLUDE_SOURCE_IN_LOCATION` disabled); line: 1]
May 10, 2026 9:05:20 PM arch.CoNVaIGeminiAgArch interpretContent
INFO: [CoNVaIGeminiAgArch] interpretContent | content="So important police clarified the details on the #OttawaShoo" | pnov=0.000 | prpl=0.244 | pnw=0.750 | topics=[ottawa shooting, police clarification, public safety, parliament hill, war memorial]
May 10, 2026 9:05:20 PM arch.CoNVaIGeminiAgArch parseDouble
WARNING: [CoNVaIGeminiAgArch] Failed to parse 'pnov': No content to map due to end-of-input
 at [Source: REDACTED (`StreamReadFeature.INCLUDE_SOURCE_IN_LOCATION` disabled); line: 1]
May 10, 2026 9:05:20 PM arch.CoNVaIGeminiAgArch parseDouble
WARNING: [CoNVaIGeminiAgArch] Failed to parse 'pnov': No content to map due to end-of-input
 at [Source: REDACTED (`StreamReadFeature.INCLUDE_SOURCE_IN_LOCATION` disabled); line: 1]
May 10, 2026 9:05:20 PM arch.CoNVaIGeminiAgArch interpretContent
INFO: [CoNVaIGeminiAgArch] interpretContent | content=""Multiple shooters" claims often arise in chaotic events, bu" | pnov=0.000 | prpl=0.225 | pnw=0.650 | topics=[ottawashooting, eyewitness accounts, police investigation, misinformation, verified facts]
May 10, 2026 9:05:20 PM arch.CoNVaIGeminiAgArch parseDouble
WARNING: [CoNVaIGeminiAgArch] Failed to parse 'pnov': No content to map due to end-of-input
 at [Source: REDACTED (`StreamReadFeature.INCLUDE_SOURCE_IN_LOCATION` disabled); line: 1]
May 10, 2026 9:05:20 PM arch.CoNVaIGeminiAgArch interpretContent
INFO: [CoNVaIGeminiAgArch] interpretContent | content="Unbelievable what happened today. So grateful our police are" | pnov=0.000 | prpl=0.122 | pnw=0.750 | topics=[ottawa shooting, police action, public safety, gratitude]
May 10, 2026 9:05:20 PM arch.CoNVaIGeminiAgArch parseDouble
WARNING: [CoNVaIGeminiAgArch] Failed to parse 'pnov': No content to map due to end-of-input
 at [Source: REDACTED (`StreamReadFeature.INCLUDE_SOURCE_IN_LOCATION` disabled); line: 1]
May 10, 2026 9:05:20 PM arch.CoNVaIGeminiAgArch interpretContent
INFO: [CoNVaIGeminiAgArch] interpretContent | content="Actually, reports confirmed shots fired near Parliament AND " | pnov=0.000 | prpl=0.299 | pnw=0.750 | topics=[ottawa shooting, parliament, war memorial, verified info, rumors]
May 10, 2026 9:05:20 PM arch.CoNVaIGeminiAgArch interpretContent
INFO: [CoNVaIGeminiAgArch] interpretContent | content="Glad police clarified! Two shootings today in Ottawa: War Me" | pnov=0.000 | prpl=0.019 | pnw=0.750 | topics=[ottawa shootings, police clarification, parliament hill, war memorial]
May 10, 2026 9:05:20 PM arch.CoNVaIGeminiAgArch parseDouble
WARNING: [CoNVaIGeminiAgArch] Failed to parse 'pnov': No content to map due to end-of-input
 at [Source: REDACTED (`StreamReadFeature.INCLUDE_SOURCE_IN_LOCATION` disabled); line: 1]
May 10, 2026 9:05:20 PM arch.CoNVaIGeminiAgArch interpretContent
INFO: [CoNVaIGeminiAgArch] interpretContent | content="Thank god for the police confirmation! 2 shootings in Ottawa" | pnov=0.000 | prpl=0.013 | pnw=0.850 | topics=[ottawa shootings, police confirmation, parliament hill, war memorial]
May 10, 2026 9:05:20 PM arch.CoNVaIGeminiAgArch parseDouble
WARNING: [CoNVaIGeminiAgArch] Failed to parse 'pnov': No content to map due to end-of-input
 at [Source: REDACTED (`StreamReadFeature.INCLUDE_SOURCE_IN_LOCATION` disabled); line: 1]
May 10, 2026 9:05:20 PM arch.CoNVaIGeminiAgArch interpretContent
INFO: [CoNVaIGeminiAgArch] interpretContent | content="So important police clarified the details on the #OttawaShoo" | pnov=0.000 | prpl=0.121 | pnw=0.750 | topics=[ottawa shooting, police clarification, public safety, parliament hill, war memorial]
May 10, 2026 9:05:20 PM arch.CoNVaIGeminiAgArch parseDouble
WARNING: [CoNVaIGeminiAgArch] Failed to parse 'pnov': No content to map due to end-of-input
 at [Source: REDACTED (`StreamReadFeature.INCLUDE_SOURCE_IN_LOCATION` disabled); line: 1]
May 10, 2026 9:05:20 PM arch.CoNVaIGeminiAgArch interpretContent
INFO: [CoNVaIGeminiAgArch] interpretContent | content="So important police clarified the details on the #OttawaShoo" | pnov=0.000 | prpl=0.121 | pnw=0.750 | topics=[ottawa shooting, police clarification, public safety, parliament hill, war memorial]
May 10, 2026 9:05:20 PM arch.CoNVaIGeminiAgArch interpretContent
INFO: [CoNVaIGeminiAgArch] interpretContent | content="So important police clarified the details on the #OttawaShoo" | pnov=0.000 | prpl=0.049 | pnw=0.750 | topics=[ottawa shooting, police clarification, public safety, parliament hill, war memorial]
May 10, 2026 9:05:20 PM arch.CoNVaIGeminiAgArch interpretContent
INFO: [CoNVaIGeminiAgArch] interpretContent | content=""Multiple shooters" claims often arise in chaotic events, bu" | pnov=0.000 | prpl=0.500 | pnw=0.650 | topics=[ottawashooting, eyewitness accounts, police investigation, misinformation, verified facts]
May 10, 2026 9:05:20 PM arch.CoNVaIGeminiAgArch interpretContent
INFO: [CoNVaIGeminiAgArch] interpretContent | content="Thanks for the clarification! Important to get the facts str" | pnov=0.000 | prpl=0.239 | pnw=0.750 | topics=[parliament hill, memorial, misinformation, ottawa shooting]
May 10, 2026 9:05:20 PM arch.CoNVaIGeminiAgArch interpretContent
INFO: [CoNVaIGeminiAgArch] interpretContent | content="Thanks for the clarification! Important to get the facts str" | pnov=0.000 | prpl=0.291 | pnw=0.750 | topics=[parliament hill, memorial, misinformation, ottawa shooting]
May 10, 2026 9:05:20 PM arch.CoNVaIGeminiAgArch interpretContent
INFO: [CoNVaIGeminiAgArch] interpretContent | content="Police have clarified that there were two shootings in Ottaw" | pnov=0.000 | prpl=0.000 | pnw=0.650 | topics=[ottawa shootings, war memorial, parliament hill, police clarification]
May 10, 2026 9:05:20 PM arch.CoNVaIGeminiAgArch interpretContent
INFO: [CoNVaIGeminiAgArch] interpretContent | content="Unbelievable what happened today. So grateful our police are" | pnov=0.000 | prpl=0.122 | pnw=0.750 | topics=[ottawa shooting, police action, public safety, gratitude]
May 10, 2026 9:05:20 PM arch.CoNVaIGeminiAgArch interpretContent
INFO: [CoNVaIGeminiAgArch] interpretContent | content=""Multiple shooters" claims often arise in chaotic events, bu" | pnov=0.000 | prpl=0.452 | pnw=0.650 | topics=[ottawashooting, eyewitness accounts, police investigation, misinformation, verified facts]
May 10, 2026 9:05:20 PM arch.CoNVaIGeminiAgArch interpretContent
INFO: [CoNVaIGeminiAgArch] interpretContent | content="Actually, reports confirmed shots fired near Parliament AND " | pnov=0.000 | prpl=0.222 | pnw=0.750 | topics=[ottawa shooting, parliament, war memorial, verified info, rumors]
May 10, 2026 9:05:20 PM arch.CoNVaIGeminiAgArch interpretContent
INFO: [CoNVaIGeminiAgArch] interpretContent | content="So important police clarified the details on the #OttawaShoo" | pnov=0.000 | prpl=0.027 | pnw=0.750 | topics=[ottawa shooting, police clarification, public safety, parliament hill, war memorial]
May 10, 2026 9:05:20 PM arch.CoNVaIGeminiAgArch interpretContent
INFO: [CoNVaIGeminiAgArch] interpretContent | content="Police have clarified that there were two shootings in Ottaw" | pnov=0.000 | prpl=0.000 | pnw=0.650 | topics=[ottawa shootings, war memorial, parliament hill, police clarification]
May 10, 2026 9:05:20 PM arch.CoNVaIGeminiAgArch interpretContent
INFO: [CoNVaIGeminiAgArch] interpretContent | content="Police have clarified that there were two shootings in Ottaw" | pnov=0.000 | prpl=0.000 | pnw=0.650 | topics=[ottawa shootings, war memorial, parliament hill, police clarification]
May 10, 2026 9:05:20 PM arch.CoNVaIGeminiAgArch interpretContent
INFO: [CoNVaIGeminiAgArch] interpretContent | content="Police have clarified that there were two shootings in Ottaw" | pnov=0.000 | prpl=0.000 | pnw=0.650 | topics=[ottawa shootings, war memorial, parliament hill, police clarification]
May 10, 2026 9:05:20 PM arch.CoNVaIGeminiAgArch interpretContent
INFO: [CoNVaIGeminiAgArch] interpretContent | content="Police have clarified that there were two shootings in Ottaw" | pnov=0.000 | prpl=0.000 | pnw=0.650 | topics=[ottawa shootings, war memorial, parliament hill, police clarification]
May 10, 2026 9:05:20 PM arch.CoNVaIGeminiAgArch interpretContent
INFO: [CoNVaIGeminiAgArch] interpretContent | content="Police have clarified that there were two shootings in Ottaw" | pnov=0.000 | prpl=0.000 | pnw=0.650 | topics=[ottawa shootings, war memorial, parliament hill, police clarification]
May 10, 2026 9:05:20 PM arch.CoNVaIGeminiAgArch parseDouble
WARNING: [CoNVaIGeminiAgArch] Failed to parse 'pnov': No content to map due to end-of-input
 at [Source: REDACTED (`StreamReadFeature.INCLUDE_SOURCE_IN_LOCATION` disabled); line: 1]
May 10, 2026 9:05:20 PM arch.CoNVaIGeminiAgArch parseDouble
WARNING: [CoNVaIGeminiAgArch] Failed to parse 'pnov': No content to map due to end-of-input
 at [Source: REDACTED (`StreamReadFeature.INCLUDE_SOURCE_IN_LOCATION` disabled); line: 1]
May 10, 2026 9:05:20 PM arch.CoNVaIGeminiAgArch interpretContent
INFO: [CoNVaIGeminiAgArch] interpretContent | content="Exactly! The "clarification" was way too quick after so many" | pnov=0.000 | prpl=0.121 | pnw=0.850 | topics=[multiple shooters, cover-up, real evidence, official statements, eyewitness accounts]
May 10, 2026 9:05:20 PM arch.CoNVaIGeminiAgArch parseDouble
WARNING: [CoNVaIGeminiAgArch] Failed to parse 'pnov': No content to map due to end-of-input
 at [Source: REDACTED (`StreamReadFeature.INCLUDE_SOURCE_IN_LOCATION` disabled); line: 1]
May 10, 2026 9:05:20 PM arch.CoNVaIGeminiAgArch interpretContent
INFO: [CoNVaIGeminiAgArch] interpretContent | content="Wait, *two* shootings? Police clarification said the Parliam" | pnov=0.000 | prpl=0.243 | pnw=0.750 | topics=[parliament hill shooting, war memorial, police clarification, fake news]
May 10, 2026 9:05:20 PM arch.CoNVaIGeminiAgArch parseDouble
WARNING: [CoNVaIGeminiAgArch] Failed to parse 'pnov': No content to map due to end-of-input
 at [Source: REDACTED (`StreamReadFeature.INCLUDE_SOURCE_IN_LOCATION` disabled); line: 1]
May 10, 2026 9:05:20 PM arch.CoNVaIGeminiAgArch parseDouble
WARNING: [CoNVaIGeminiAgArch] Failed to parse 'pnov': No content to map due to end-of-input
 at [Source: REDACTED (`StreamReadFeature.INCLUDE_SOURCE_IN_LOCATION` disabled); line: 1]
May 10, 2026 9:05:20 PM arch.CoNVaIGeminiAgArch interpretContent
INFO: [CoNVaIGeminiAgArch] interpretContent | content="So relieved police clarified! 🙏 Scary to hear about the Ott" | pnov=0.000 | prpl=0.075 | pnw=0.750 | topics=[ottawa shootings, war memorial, parliament hill, police clarification]
May 10, 2026 9:05:20 PM arch.CoNVaIGeminiAgArch parseDouble
WARNING: [CoNVaIGeminiAgArch] Failed to parse 'pnov': No content to map due to end-of-input
 at [Source: REDACTED (`StreamReadFeature.INCLUDE_SOURCE_IN_LOCATION` disabled); line: 1]
May 10, 2026 9:05:20 PM arch.CoNVaIGeminiAgArch interpretContent
INFO: [CoNVaIGeminiAgArch] interpretContent | content="So glad police clarified! Essential to get the facts straigh" | pnov=0.000 | prpl=0.113 | pnw=0.750 | topics=[ottawa shootings, police clarification, safety, parliament hill]
May 10, 2026 9:05:20 PM arch.CoNVaIGeminiAgArch parseDouble
WARNING: [CoNVaIGeminiAgArch] Failed to parse 'pnov': No content to map due to end-of-input
 at [Source: REDACTED (`StreamReadFeature.INCLUDE_SOURCE_IN_LOCATION` disabled); line: 1]
May 10, 2026 9:05:20 PM arch.CoNVaIGeminiAgArch interpretContent
INFO: [CoNVaIGeminiAgArch] interpretContent | content="Glad police cleared that up! Two shootings today in Ottawa: " | pnov=0.000 | prpl=0.163 | pnw=0.750 | topics=[ottawa shootings, parliament hill, war memorial, public safety]
May 10, 2026 9:05:20 PM arch.CoNVaIGeminiAgArch parseDouble
WARNING: [CoNVaIGeminiAgArch] Failed to parse 'pnov': No content to map due to end-of-input
 at [Source: REDACTED (`StreamReadFeature.INCLUDE_SOURCE_IN_LOCATION` disabled); line: 1]
May 10, 2026 9:05:20 PM arch.CoNVaIGeminiAgArch interpretContent
INFO: [CoNVaIGeminiAgArch] interpretContent | content="So important police clarified the details on the #OttawaShoo" | pnov=0.000 | prpl=0.269 | pnw=0.750 | topics=[ottawa shooting, police clarification, public safety, parliament hill, war memorial]
May 10, 2026 9:05:20 PM arch.CoNVaIGeminiAgArch parseDouble
WARNING: [CoNVaIGeminiAgArch] Failed to parse 'pnov': No content to map due to end-of-input
 at [Source: REDACTED (`StreamReadFeature.INCLUDE_SOURCE_IN_LOCATION` disabled); line: 1]
May 10, 2026 9:05:20 PM arch.CoNVaIGeminiAgArch interpretContent
INFO: [CoNVaIGeminiAgArch] interpretContent | content="Exactly! Hearsay & "neighbor's cousin" = NO. Official report" | pnov=0.000 | prpl=0.025 | pnw=0.750 | topics=[fact-checking, misinformation, official reports, ottawashootings]
May 10, 2026 9:05:20 PM arch.CoNVaIGeminiAgArch parseDouble
WARNING: [CoNVaIGeminiAgArch] Failed to parse 'pnov': No content to map due to end-of-input
 at [Source: REDACTED (`StreamReadFeature.INCLUDE_SOURCE_IN_LOCATION` disabled); line: 1]
May 10, 2026 9:05:20 PM arch.CoNVaIGeminiAgArch interpretContent
INFO: [CoNVaIGeminiAgArch] interpretContent | content="Wait, only TWO shootings? Initial reports of three were wron" | pnov=0.000 | prpl=0.380 | pnw=0.750 | topics=[shooting numbers, cover-up, fake news, ottawa shooting]
May 10, 2026 9:05:20 PM arch.CoNVaIGeminiAgArch parseDouble
WARNING: [CoNVaIGeminiAgArch] Failed to parse 'pnov': No content to map due to end-of-input
 at [Source: REDACTED (`StreamReadFeature.INCLUDE_SOURCE_IN_LOCATION` disabled); line: 1]
May 10, 2026 9:05:20 PM arch.CoNVaIGeminiAgArch interpretContent
INFO: [CoNVaIGeminiAgArch] interpretContent | content="Police CONFIRMED ONE incident, NOT two. It evolved from the " | pnov=0.000 | prpl=0.328 | pnw=0.750 | topics=[police confirmation, incident details, ottawa shooting, parliament hill]
May 10, 2026 9:05:20 PM arch.CoNVaIGeminiAgArch parseDouble
WARNING: [CoNVaIGeminiAgArch] Failed to parse 'pnov': No content to map due to end-of-input
 at [Source: REDACTED (`StreamReadFeature.INCLUDE_SOURCE_IN_LOCATION` disabled); line: 1]
May 10, 2026 9:05:20 PM arch.CoNVaIGeminiAgArch interpretContent
INFO: [CoNVaIGeminiAgArch] interpretContent | content="So glad police confirmed the two Ottawa shootings at the War" | pnov=0.000 | prpl=0.026 | pnw=0.750 | topics=[ottawa shootings, war memorial, parliament hill, police confirmation]
May 10, 2026 9:05:20 PM arch.CoNVaIGeminiAgArch parseDouble
WARNING: [CoNVaIGeminiAgArch] Failed to parse 'pnov': No content to map due to end-of-input
 at [Source: REDACTED (`StreamReadFeature.INCLUDE_SOURCE_IN_LOCATION` disabled); line: 1]
May 10, 2026 9:05:20 PM arch.CoNVaIGeminiAgArch interpretContent
INFO: [CoNVaIGeminiAgArch] interpretContent | content="Hold up, police confirmed *two* shootings, not three? Where'" | pnov=0.000 | prpl=0.030 | pnw=0.750 | topics=[police clarification, shooting numbers, unclear situation, ottawa shooting]
May 10, 2026 9:05:20 PM arch.CoNVaIGeminiAgArch parseDouble
WARNING: [CoNVaIGeminiAgArch] Failed to parse 'pnov': No content to map due to end-of-input
 at [Source: REDACTED (`StreamReadFeature.INCLUDE_SOURCE_IN_LOCATION` disabled); line: 1]
May 10, 2026 9:05:20 PM arch.CoNVaIGeminiAgArch interpretContent
INFO: [CoNVaIGeminiAgArch] interpretContent | content=""Multiple shooters" claims often arise in chaotic events, bu" | pnov=0.000 | prpl=0.083 | pnw=0.650 | topics=[ottawashooting, eyewitness accounts, police investigation, misinformation, verified facts]
May 10, 2026 9:05:20 PM arch.CoNVaIGeminiAgArch interpretContent
INFO: [CoNVaIGeminiAgArch] interpretContent | content="Hold up, are we SURE about this? Two shootings? Seems like m" | pnov=0.000 | prpl=0.031 | pnw=0.780 | topics=[ottawa shootings, parliament hill, war memorial, fake news, confusion]
May 10, 2026 9:05:20 PM arch.CoNVaIGeminiAgArch parseDouble
WARNING: [CoNVaIGeminiAgArch] Failed to parse 'pnov': No content to map due to end-of-input
 at [Source: REDACTED (`StreamReadFeature.INCLUDE_SOURCE_IN_LOCATION` disabled); line: 1]
May 10, 2026 9:05:20 PM arch.CoNVaIGeminiAgArch interpretContent
INFO: [CoNVaIGeminiAgArch] interpretContent | content="So glad police confirmed the two Ottawa shootings at the War" | pnov=0.000 | prpl=0.166 | pnw=0.750 | topics=[ottawa shootings, war memorial, parliament hill, police confirmation]
May 10, 2026 9:05:20 PM arch.CoNVaIGeminiAgArch interpretContent
INFO: [CoNVaIGeminiAgArch] interpretContent | content=""Multiple shooters" claims often arise in chaotic events, bu" | pnov=0.000 | prpl=0.370 | pnw=0.650 | topics=[ottawashooting, eyewitness accounts, police investigation, misinformation, verified facts]
May 10, 2026 9:05:20 PM arch.CoNVaIGeminiAgArch parseDouble
WARNING: [CoNVaIGeminiAgArch] Failed to parse 'pnov': No content to map due to end-of-input
 at [Source: REDACTED (`StreamReadFeature.INCLUDE_SOURCE_IN_LOCATION` disabled); line: 1]
May 10, 2026 9:05:20 PM arch.CoNVaIGeminiAgArch interpretContent
INFO: [CoNVaIGeminiAgArch] interpretContent | content="Actually, police clarified there was *one* incident at the W" | pnov=0.000 | prpl=0.164 | pnw=0.650 | topics=[ottawa shooting, police clarification, public safety]
May 10, 2026 9:05:20 PM arch.CoNVaIGeminiAgArch parseDouble
WARNING: [CoNVaIGeminiAgArch] Failed to parse 'pnov': No content to map due to end-of-input
 at [Source: REDACTED (`StreamReadFeature.INCLUDE_SOURCE_IN_LOCATION` disabled); line: 1]
May 10, 2026 9:05:20 PM arch.CoNVaIGeminiAgArch interpretContent
INFO: [CoNVaIGeminiAgArch] interpretContent | content="Glad police clarified! Two shootings, not three. War Memoria" | pnov=0.000 | prpl=0.235 | pnw=0.750 | topics=[ottawa shooting, parliament hill, war memorial, police clarification, public safety]
May 10, 2026 9:05:20 PM arch.CoNVaIGeminiAgArch parseDouble
WARNING: [CoNVaIGeminiAgArch] Failed to parse 'pnov': No content to map due to end-of-input
 at [Source: REDACTED (`StreamReadFeature.INCLUDE_SOURCE_IN_LOCATION` disabled); line: 1]
May 10, 2026 9:05:20 PM arch.CoNVaIGeminiAgArch interpretContent
INFO: [CoNVaIGeminiAgArch] interpretContent | content="Glad police cleared that up! Two shootings today in Ottawa: " | pnov=0.000 | prpl=0.220 | pnw=0.750 | topics=[ottawa shootings, parliament hill, war memorial, public safety]
May 10, 2026 9:05:20 PM arch.CoNVaIGeminiAgArch parseDouble
WARNING: [CoNVaIGeminiAgArch] Failed to parse 'pnov': No content to map due to end-of-input
 at [Source: REDACTED (`StreamReadFeature.INCLUDE_SOURCE_IN_LOCATION` disabled); line: 1]
May 10, 2026 9:05:20 PM arch.CoNVaIGeminiAgArch interpretContent
INFO: [CoNVaIGeminiAgArch] interpretContent | content="Hold up! ✋ The police confirmed ONE incident at the War Memo" | pnov=0.000 | prpl=0.269 | pnw=0.750 | topics=[verified facts, misinformation, police incident, ottawa shooting]
May 10, 2026 9:05:20 PM arch.CoNVaIGeminiAgArch parseDouble
WARNING: [CoNVaIGeminiAgArch] Failed to parse 'pnov': No content to map due to end-of-input
 at [Source: REDACTED (`StreamReadFeature.INCLUDE_SOURCE_IN_LOCATION` disabled); line: 1]
May 10, 2026 9:05:20 PM arch.CoNVaIGeminiAgArch interpretContent
INFO: [CoNVaIGeminiAgArch] interpretContent | content="Glad police cleared that up! Two shootings today in Ottawa: " | pnov=0.000 | prpl=0.297 | pnw=0.750 | topics=[ottawa shootings, parliament hill, war memorial, public safety]
May 10, 2026 9:05:20 PM arch.CoNVaIGeminiAgArch parseDouble
WARNING: [CoNVaIGeminiAgArch] Failed to parse 'pnov': No content to map due to end-of-input
 at [Source: REDACTED (`StreamReadFeature.INCLUDE_SOURCE_IN_LOCATION` disabled); line: 1]
May 10, 2026 9:05:20 PM arch.CoNVaIGeminiAgArch interpretContent
INFO: [CoNVaIGeminiAgArch] interpretContent | content=""Multiple shooters" claims often arise in chaotic events, bu" | pnov=0.000 | prpl=0.023 | pnw=0.650 | topics=[ottawashooting, eyewitness accounts, police investigation, misinformation, verified facts]
May 10, 2026 9:05:20 PM arch.CoNVaIGeminiAgArch interpretContent
INFO: [CoNVaIGeminiAgArch] interpretContent | content="Police have clarified that there were two shootings in Ottaw" | pnov=0.000 | prpl=0.000 | pnw=0.650 | topics=[ottawa shootings, war memorial, parliament hill, police clarification]
May 10, 2026 9:05:20 PM arch.CoNVaIGeminiAgArch interpretContent
INFO: [CoNVaIGeminiAgArch] interpretContent | content="Police have clarified that there were two shootings in Ottaw" | pnov=0.000 | prpl=0.000 | pnw=0.650 | topics=[ottawa shootings, war memorial, parliament hill, police clarification]
May 10, 2026 9:05:20 PM arch.CoNVaIGeminiAgArch parseDouble
WARNING: [CoNVaIGeminiAgArch] Failed to parse 'pnov': No content to map due to end-of-input
 at [Source: REDACTED (`StreamReadFeature.INCLUDE_SOURCE_IN_LOCATION` disabled); line: 1]
May 10, 2026 9:05:20 PM arch.CoNVaIGeminiAgArch interpretContent
INFO: [CoNVaIGeminiAgArch] interpretContent | content="Glad police clarified! Two shootings today in Ottawa: War Me" | pnov=0.000 | prpl=0.002 | pnw=0.750 | topics=[ottawa shootings, police clarification, parliament hill, war memorial]
May 10, 2026 9:05:20 PM arch.CoNVaIGeminiAgArch interpretContent
INFO: [CoNVaIGeminiAgArch] interpretContent | content="Police have clarified that there were two shootings in Ottaw" | pnov=0.000 | prpl=0.000 | pnw=0.650 | topics=[ottawa shootings, war memorial, parliament hill, police clarification]
May 10, 2026 9:05:20 PM arch.CoNVaIGeminiAgArch parseDouble
WARNING: [CoNVaIGeminiAgArch] Failed to parse 'pnov': No content to map due to end-of-input
 at [Source: REDACTED (`StreamReadFeature.INCLUDE_SOURCE_IN_LOCATION` disabled); line: 1]
May 10, 2026 9:05:20 PM arch.CoNVaIGeminiAgArch interpretContent
INFO: [CoNVaIGeminiAgArch] interpretContent | content="Wow, two shootings confirmed at the War Memorial AND Parliam" | pnov=0.000 | prpl=0.244 | pnw=0.850 | topics=[ottawa shooting, war memorial, parliament hill, police clarification, public safety]
May 10, 2026 9:05:20 PM arch.CoNVaIGeminiAgArch interpretContent
INFO: [CoNVaIGeminiAgArch] interpretContent | content=""Multiple shooters" claims often arise in chaotic events, bu" | pnov=0.000 | prpl=0.136 | pnw=0.650 | topics=[ottawashooting, eyewitness accounts, police investigation, misinformation, verified facts]
May 10, 2026 9:05:20 PM arch.CoNVaIGeminiAgArch interpretContent
INFO: [CoNVaIGeminiAgArch] interpretContent | content="Police have clarified that there were two shootings in Ottaw" | pnov=0.000 | prpl=0.000 | pnw=0.650 | topics=[ottawa shootings, war memorial, parliament hill, police clarification]
May 10, 2026 9:05:20 PM arch.CoNVaIGeminiAgArch parseDouble
WARNING: [CoNVaIGeminiAgArch] Failed to parse 'pnov': No content to map due to end-of-input
 at [Source: REDACTED (`StreamReadFeature.INCLUDE_SOURCE_IN_LOCATION` disabled); line: 1]
May 10, 2026 9:05:20 PM arch.CoNVaIGeminiAgArch interpretContent
INFO: [CoNVaIGeminiAgArch] interpretContent | content="Exactly! The "clarification" was way too quick after so many" | pnov=0.000 | prpl=0.298 | pnw=0.850 | topics=[multiple shooters, cover-up, real evidence, official statements, eyewitness accounts]
May 10, 2026 9:05:20 PM arch.CoNVaIGeminiAgArch parseDouble
WARNING: [CoNVaIGeminiAgArch] Failed to parse 'pnov': No content to map due to end-of-input
 at [Source: REDACTED (`StreamReadFeature.INCLUDE_SOURCE_IN_LOCATION` disabled); line: 1]
May 10, 2026 9:05:20 PM arch.CoNVaIGeminiAgArch interpretContent
INFO: [CoNVaIGeminiAgArch] interpretContent | content="Seriously? "Clarified" two? That's not clarification, that's" | pnov=0.000 | prpl=0.003 | pnw=0.780 | topics=[ottawa shooting, parliament hill, revisionism, fear, truth matters]
May 10, 2026 9:05:20 PM arch.CoNVaIGeminiAgArch parseDouble
WARNING: [CoNVaIGeminiAgArch] Failed to parse 'pnov': No content to map due to end-of-input
 at [Source: REDACTED (`StreamReadFeature.INCLUDE_SOURCE_IN_LOCATION` disabled); line: 1]
May 10, 2026 9:05:20 PM arch.CoNVaIGeminiAgArch parseDouble
WARNING: [CoNVaIGeminiAgArch] Failed to parse 'pnov': No content to map due to end-of-input
 at [Source: REDACTED (`StreamReadFeature.INCLUDE_SOURCE_IN_LOCATION` disabled); line: 1]
May 10, 2026 9:05:20 PM arch.CoNVaIGeminiAgArch interpretContent
INFO: [CoNVaIGeminiAgArch] interpretContent | content="So important police clarified the details on the #OttawaShoo" | pnov=0.000 | prpl=0.073 | pnw=0.750 | topics=[ottawa shooting, police clarification, public safety, parliament hill, war memorial]
May 10, 2026 9:05:20 PM arch.CoNVaIGeminiAgArch parseDouble
WARNING: [CoNVaIGeminiAgArch] Failed to parse 'pnov': No content to map due to end-of-input
 at [Source: REDACTED (`StreamReadFeature.INCLUDE_SOURCE_IN_LOCATION` disabled); line: 1]
May 10, 2026 9:05:20 PM arch.CoNVaIGeminiAgArch interpretContent
INFO: [CoNVaIGeminiAgArch] interpretContent | content="So glad police clarified! 🙏 Two shootings in Ottawa today, " | pnov=0.000 | prpl=0.272 | pnw=0.750 | topics=[ottawa shootings, parliament hill, war memorial, police clarification]
May 10, 2026 9:05:20 PM arch.CoNVaIGeminiAgArch parseDouble
WARNING: [CoNVaIGeminiAgArch] Failed to parse 'pnov': No content to map due to end-of-input
 at [Source: REDACTED (`StreamReadFeature.INCLUDE_SOURCE_IN_LOCATION` disabled); line: 1]
May 10, 2026 9:05:20 PM arch.CoNVaIGeminiAgArch parseDouble
WARNING: [CoNVaIGeminiAgArch] Failed to parse 'pnov': No content to map due to end-of-input
 at [Source: REDACTED (`StreamReadFeature.INCLUDE_SOURCE_IN_LOCATION` disabled); line: 1]
May 10, 2026 9:05:20 PM arch.CoNVaIGeminiAgArch interpretContent
INFO: [CoNVaIGeminiAgArch] interpretContent | content="Glad police cleared that up! Two shootings today in Ottawa: " | pnov=0.000 | prpl=0.269 | pnw=0.750 | topics=[ottawa shootings, parliament hill, war memorial, public safety]
May 10, 2026 9:05:20 PM arch.CoNVaIGeminiAgArch interpretContent
INFO: [CoNVaIGeminiAgArch] interpretContent | content="Exactly! The "clarification" was way too quick after so many" | pnov=0.000 | prpl=0.244 | pnw=0.850 | topics=[multiple shooters, cover-up, real evidence, official statements, eyewitness accounts]
May 10, 2026 9:05:20 PM arch.CoNVaIGeminiAgArch parseDouble
WARNING: [CoNVaIGeminiAgArch] Failed to parse 'pnov': No content to map due to end-of-input
 at [Source: REDACTED (`StreamReadFeature.INCLUDE_SOURCE_IN_LOCATION` disabled); line: 1]
May 10, 2026 9:05:20 PM arch.CoNVaIGeminiAgArch interpretContent
INFO: [CoNVaIGeminiAgArch] interpretContent | content=""Multiple shooters" claims often arise in chaotic events, bu" | pnov=0.000 | prpl=0.274 | pnw=0.650 | topics=[ottawashooting, eyewitness accounts, police investigation, misinformation, verified facts]
May 10, 2026 9:05:20 PM arch.CoNVaIGeminiAgArch parseDouble
WARNING: [CoNVaIGeminiAgArch] Failed to parse 'pnov': No content to map due to end-of-input
 at [Source: REDACTED (`StreamReadFeature.INCLUDE_SOURCE_IN_LOCATION` disabled); line: 1]
May 10, 2026 9:05:20 PM arch.CoNVaIGeminiAgArch parseDouble
WARNING: [CoNVaIGeminiAgArch] Failed to parse 'pnov': No content to map due to end-of-input
 at [Source: REDACTED (`StreamReadFeature.INCLUDE_SOURCE_IN_LOCATION` disabled); line: 1]
May 10, 2026 9:05:20 PM arch.CoNVaIGeminiAgArch interpretContent
INFO: [CoNVaIGeminiAgArch] interpretContent | content="Wait, *two* shootings? Police clarification said the Parliam" | pnov=0.000 | prpl=0.490 | pnw=0.750 | topics=[parliament hill shooting, war memorial, police clarification, fake news]
May 10, 2026 9:05:20 PM arch.CoNVaIGeminiAgArch parseDouble
WARNING: [CoNVaIGeminiAgArch] Failed to parse 'pnov': No content to map due to end-of-input
 at [Source: REDACTED (`StreamReadFeature.INCLUDE_SOURCE_IN_LOCATION` disabled); line: 1]
May 10, 2026 9:05:20 PM arch.CoNVaIGeminiAgArch interpretContent
INFO: [CoNVaIGeminiAgArch] interpretContent | content=""Multiple shooters" claims often arise in chaotic events, bu" | pnov=0.000 | prpl=0.303 | pnw=0.650 | topics=[ottawashooting, eyewitness accounts, police investigation, misinformation, verified facts]
May 10, 2026 9:05:20 PM arch.CoNVaIGeminiAgArch parseDouble
WARNING: [CoNVaIGeminiAgArch] Failed to parse 'pnov': No content to map due to end-of-input
 at [Source: REDACTED (`StreamReadFeature.INCLUDE_SOURCE_IN_LOCATION` disabled); line: 1]
May 10, 2026 9:05:20 PM arch.CoNVaIGeminiAgArch interpretContent
INFO: [CoNVaIGeminiAgArch] interpretContent | content="Thanks for the clarification! Important to get the facts str" | pnov=0.000 | prpl=0.291 | pnw=0.750 | topics=[parliament hill, memorial, misinformation, ottawa shooting]
May 10, 2026 9:05:20 PM arch.CoNVaIGeminiAgArch parseDouble
WARNING: [CoNVaIGeminiAgArch] Failed to parse 'pnov': No content to map due to end-of-input
 at [Source: REDACTED (`StreamReadFeature.INCLUDE_SOURCE_IN_LOCATION` disabled); line: 1]
May 10, 2026 9:05:20 PM arch.CoNVaIGeminiAgArch interpretContent
INFO: [CoNVaIGeminiAgArch] interpretContent | content="Glad police cleared that up! Two shootings today in Ottawa: " | pnov=0.000 | prpl=0.140 | pnw=0.750 | topics=[ottawa shootings, parliament hill, war memorial, public safety]
May 10, 2026 9:05:20 PM arch.CoNVaIGeminiAgArch parseDouble
WARNING: [CoNVaIGeminiAgArch] Failed to parse 'pnov': No content to map due to end-of-input
 at [Source: REDACTED (`StreamReadFeature.INCLUDE_SOURCE_IN_LOCATION` disabled); line: 1]
May 10, 2026 9:05:20 PM arch.CoNVaIGeminiAgArch parseDouble
WARNING: [CoNVaIGeminiAgArch] Failed to parse 'pnov': No content to map due to end-of-input
 at [Source: REDACTED (`StreamReadFeature.INCLUDE_SOURCE_IN_LOCATION` disabled); line: 1]
May 10, 2026 9:05:20 PM arch.CoNVaIGeminiAgArch interpretContent
INFO: [CoNVaIGeminiAgArch] interpretContent | content="So important police clarified the details on the #OttawaShoo" | pnov=0.000 | prpl=0.033 | pnw=0.750 | topics=[ottawa shooting, police clarification, public safety, parliament hill, war memorial]
May 10, 2026 9:05:20 PM arch.CoNVaIGeminiAgArch interpretContent
INFO: [CoNVaIGeminiAgArch] interpretContent | content="So important police clarified the details on the #OttawaShoo" | pnov=0.000 | prpl=0.269 | pnw=0.750 | topics=[ottawa shooting, police clarification, public safety, parliament hill, war memorial]
May 10, 2026 9:05:20 PM arch.CoNVaIGeminiAgArch interpretContent
INFO: [CoNVaIGeminiAgArch] interpretContent | content="Good to get that clarification! Crucial that people have acc" | pnov=0.000 | prpl=0.300 | pnw=0.750 | topics=[clarification, accurate info, scary day, ottawa shooting, parliament hill]
May 10, 2026 9:05:20 PM arch.CoNVaIGeminiAgArch interpretContent
INFO: [CoNVaIGeminiAgArch] interpretContent | content="Horrified by the violence at the War Memorial & Parliament H" | pnov=0.000 | prpl=0.464 | pnw=0.850 | topics=[ottawa shooting, parliament hill, war memorial, public safety, urgent action]
May 10, 2026 9:05:20 PM arch.CoNVaIGeminiAgArch parseDouble
WARNING: [CoNVaIGeminiAgArch] Failed to parse 'pnov': No content to map due to end-of-input
 at [Source: REDACTED (`StreamReadFeature.INCLUDE_SOURCE_IN_LOCATION` disabled); line: 1]
May 10, 2026 9:05:20 PM arch.CoNVaIGeminiAgArch interpretContent
INFO: [CoNVaIGeminiAgArch] interpretContent | content="So important police clarified the details on the #OttawaShoo" | pnov=0.000 | prpl=0.081 | pnw=0.750 | topics=[ottawa shooting, police clarification, public safety, parliament hill, war memorial]
May 10, 2026 9:05:20 PM arch.CoNVaIGeminiAgArch parseDouble
WARNING: [CoNVaIGeminiAgArch] Failed to parse 'pnov': No content to map due to end-of-input
 at [Source: REDACTED (`StreamReadFeature.INCLUDE_SOURCE_IN_LOCATION` disabled); line: 1]
May 10, 2026 9:05:20 PM arch.CoNVaIGeminiAgArch interpretContent
INFO: [CoNVaIGeminiAgArch] interpretContent | content="Exactly! Eyewitnesses said MULTIPLE shooters, then police "c" | pnov=0.000 | prpl=0.127 | pnw=0.780 | topics=[multiple shooters, police clarification, real evidence, conspiracy theory]
May 10, 2026 9:05:20 PM arch.CoNVaIGeminiAgArch parseDouble
WARNING: [CoNVaIGeminiAgArch] Failed to parse 'pnov': No content to map due to end-of-input
 at [Source: REDACTED (`StreamReadFeature.INCLUDE_SOURCE_IN_LOCATION` disabled); line: 1]
May 10, 2026 9:05:20 PM arch.CoNVaIGeminiAgArch interpretContent
INFO: [CoNVaIGeminiAgArch] interpretContent | content="Police clarifying no other shootings confirmed besides Parli" | pnov=0.000 | prpl=0.039 | pnw=0.750 | topics=[police clarification, public safety, parliament hill, war memorial, ottawa shooting]
