May 08, 2026 3:06:01 PM arch.GeminiClient getResponse
INFO: [GeminiClient] Waiting for semaphore. In queue: 1 | Active calls: 0 | Available permits: 80
May 08, 2026 3:06:01 PM arch.GeminiClient getResponse
INFO: [GeminiClient] Acquired semaphore. Active calls: 1
May 08, 2026 3:06:15 PM arch.GeminiClient getResponse
INFO: [GeminiClient] Got response. Active calls: 0
May 08, 2026 3:06:15 PM arch.GeminiClient getResponse
INFO: [GeminiClient] Waiting for semaphore. In queue: 7 | Active calls: 0 | Available permits: 80
May 08, 2026 3:06:15 PM arch.GeminiClient getResponse
INFO: [GeminiClient] Waiting for semaphore. In queue: 4 | Active calls: 0 | Available permits: 80
May 08, 2026 3:06:15 PM arch.GeminiClient getResponse
INFO: [GeminiClient] Acquired semaphore. Active calls: 2
May 08, 2026 3:06:15 PM arch.GeminiClient getResponse
INFO: [GeminiClient] Waiting for semaphore. In queue: 4 | Active calls: 0 | Available permits: 80
May 08, 2026 3:06:15 PM arch.GeminiClient getResponse
INFO: [GeminiClient] Waiting for semaphore. In queue: 4 | Active calls: 0 | Available permits: 80
May 08, 2026 3:06:15 PM arch.GeminiClient getResponse
INFO: [GeminiClient] Acquired semaphore. Active calls: 4
May 08, 2026 3:06:15 PM arch.GeminiClient getResponse
INFO: [GeminiClient] Waiting for semaphore. In queue: 8 | Active calls: 0 | Available permits: 80
May 08, 2026 3:06:15 PM arch.GeminiClient getResponse
INFO: [GeminiClient] Waiting for semaphore. In queue: 6 | Active calls: 0 | Available permits: 80
May 08, 2026 3:06:15 PM arch.GeminiClient getResponse
INFO: [GeminiClient] Acquired semaphore. Active calls: 6
May 08, 2026 3:06:15 PM arch.GeminiClient getResponse
INFO: [GeminiClient] Waiting for semaphore. In queue: 4 | Active calls: 0 | Available permits: 80
May 08, 2026 3:06:15 PM arch.GeminiClient getResponse
INFO: [GeminiClient] Waiting for semaphore. In queue: 6 | Active calls: 0 | Available permits: 80
May 08, 2026 3:06:15 PM arch.GeminiClient getResponse
INFO: [GeminiClient] Acquired semaphore. Active calls: 8
May 08, 2026 3:06:15 PM arch.GeminiClient getResponse
INFO: [GeminiClient] Waiting for semaphore. In queue: 1 | Active calls: 8 | Available permits: 72
May 08, 2026 3:06:15 PM arch.GeminiClient getResponse
INFO: [GeminiClient] Acquired semaphore. Active calls: 9
May 08, 2026 3:06:15 PM arch.GeminiClient getResponse
INFO: [GeminiClient] Waiting for semaphore. In queue: 3 | Active calls: 9 | Available permits: 71
May 08, 2026 3:06:15 PM arch.GeminiClient getResponse
INFO: [GeminiClient] Acquired semaphore. Active calls: 10
May 08, 2026 3:06:15 PM arch.GeminiClient getResponse
INFO: [GeminiClient] Waiting for semaphore. In queue: 3 | Active calls: 10 | Available permits: 70
May 08, 2026 3:06:15 PM arch.GeminiClient getResponse
INFO: [GeminiClient] Acquired semaphore. Active calls: 11
May 08, 2026 3:06:15 PM arch.GeminiClient getResponse
INFO: [GeminiClient] Waiting for semaphore. In queue: 3 | Active calls: 11 | Available permits: 69
May 08, 2026 3:06:15 PM arch.GeminiClient getResponse
INFO: [GeminiClient] Acquired semaphore. Active calls: 12
May 08, 2026 3:06:15 PM arch.GeminiClient getResponse
INFO: [GeminiClient] Waiting for semaphore. In queue: 3 | Active calls: 12 | Available permits: 68
May 08, 2026 3:06:15 PM arch.GeminiClient getResponse
INFO: [GeminiClient] Waiting for semaphore. In queue: 3 | Active calls: 13 | Available permits: 67
May 08, 2026 3:06:15 PM arch.GeminiClient getResponse
INFO: [GeminiClient] Acquired semaphore. Active calls: 14
May 08, 2026 3:06:15 PM arch.GeminiClient getResponse
INFO: [GeminiClient] Waiting for semaphore. In queue: 3 | Active calls: 14 | Available permits: 66
May 08, 2026 3:06:15 PM arch.GeminiClient getResponse
INFO: [GeminiClient] Acquired semaphore. Active calls: 15
May 08, 2026 3:06:15 PM arch.GeminiClient getResponse
INFO: [GeminiClient] Acquired semaphore. Active calls: 1
May 08, 2026 3:06:15 PM arch.GeminiClient getResponse
INFO: [GeminiClient] Acquired semaphore. Active calls: 3
May 08, 2026 3:06:15 PM arch.GeminiClient getResponse
INFO: [GeminiClient] Acquired semaphore. Active calls: 5
May 08, 2026 3:06:15 PM arch.GeminiClient getResponse
INFO: [GeminiClient] Acquired semaphore. Active calls: 7
May 08, 2026 3:06:15 PM arch.GeminiClient getResponse
INFO: [GeminiClient] Waiting for semaphore. In queue: 3 | Active calls: 15 | Available permits: 65
May 08, 2026 3:06:15 PM arch.GeminiClient getResponse
INFO: [GeminiClient] Waiting for semaphore. In queue: 3 | Active calls: 9 | Available permits: 71
May 08, 2026 3:06:15 PM arch.GeminiClient getResponse
INFO: [GeminiClient] Waiting for semaphore. In queue: 3 | Active calls: 9 | Available permits: 71
May 08, 2026 3:06:15 PM arch.GeminiClient getResponse
INFO: [GeminiClient] Acquired semaphore. Active calls: 18
May 08, 2026 3:06:15 PM arch.GeminiClient getResponse
INFO: [GeminiClient] Waiting for semaphore. In queue: 1 | Active calls: 18 | Available permits: 62
May 08, 2026 3:06:15 PM arch.GeminiClient getResponse
INFO: [GeminiClient] Waiting for semaphore. In queue: 2 | Active calls: 19 | Available permits: 61
May 08, 2026 3:06:15 PM arch.GeminiClient getResponse
INFO: [GeminiClient] Acquired semaphore. Active calls: 20
May 08, 2026 3:06:15 PM arch.GeminiClient getResponse
INFO: [GeminiClient] Waiting for semaphore. In queue: 2 | Active calls: 20 | Available permits: 60
May 08, 2026 3:06:15 PM arch.GeminiClient getResponse
INFO: [GeminiClient] Acquired semaphore. Active calls: 13
May 08, 2026 3:06:15 PM arch.GeminiClient getResponse
INFO: [GeminiClient] Waiting for semaphore. In queue: 3 | Active calls: 21 | Available permits: 59
May 08, 2026 3:06:15 PM arch.GeminiClient getResponse
INFO: [GeminiClient] Waiting for semaphore. In queue: 4 | Active calls: 22 | Available permits: 58
May 08, 2026 3:06:15 PM arch.GeminiClient getResponse
INFO: [GeminiClient] Acquired semaphore. Active calls: 23
May 08, 2026 3:06:15 PM arch.GeminiClient getResponse
INFO: [GeminiClient] Waiting for semaphore. In queue: 4 | Active calls: 23 | Available permits: 57
May 08, 2026 3:06:15 PM arch.GeminiClient getResponse
INFO: [GeminiClient] Waiting for semaphore. In queue: 4 | Active calls: 24 | Available permits: 56
May 08, 2026 3:06:15 PM arch.GeminiClient getResponse
INFO: [GeminiClient] Acquired semaphore. Active calls: 25
May 08, 2026 3:06:15 PM arch.GeminiClient getResponse
INFO: [GeminiClient] Waiting for semaphore. In queue: 4 | Active calls: 25 | Available permits: 55
May 08, 2026 3:06:15 PM arch.GeminiClient getResponse
INFO: [GeminiClient] Acquired semaphore. Active calls: 26
May 08, 2026 3:06:15 PM arch.GeminiClient getResponse
INFO: [GeminiClient] Acquired semaphore. Active calls: 16
May 08, 2026 3:06:15 PM arch.GeminiClient getResponse
INFO: [GeminiClient] Acquired semaphore. Active calls: 17
May 08, 2026 3:06:15 PM arch.GeminiClient getResponse
INFO: [GeminiClient] Waiting for semaphore. In queue: 4 | Active calls: 26 | Available permits: 54
May 08, 2026 3:06:15 PM arch.GeminiClient getResponse
INFO: [GeminiClient] Acquired semaphore. Active calls: 27
May 08, 2026 3:06:15 PM arch.GeminiClient getResponse
INFO: [GeminiClient] Waiting for semaphore. In queue: 2 | Active calls: 18 | Available permits: 62
May 08, 2026 3:06:15 PM arch.GeminiClient getResponse
INFO: [GeminiClient] Acquired semaphore. Active calls: 28
May 08, 2026 3:06:15 PM arch.GeminiClient getResponse
INFO: [GeminiClient] Acquired semaphore. Active calls: 19
May 08, 2026 3:06:15 PM arch.GeminiClient getResponse
INFO: [GeminiClient] Waiting for semaphore. In queue: 4 | Active calls: 28 | Available permits: 52
May 08, 2026 3:06:15 PM arch.GeminiClient getResponse
INFO: [GeminiClient] Acquired semaphore. Active calls: 29
May 08, 2026 3:06:15 PM arch.GeminiClient getResponse
INFO: [GeminiClient] Acquired semaphore. Active calls: 21
May 08, 2026 3:06:15 PM arch.GeminiClient getResponse
INFO: [GeminiClient] Waiting for semaphore. In queue: 2 | Active calls: 21 | Available permits: 59
May 08, 2026 3:06:15 PM arch.GeminiClient getResponse
INFO: [GeminiClient] Acquired semaphore. Active calls: 30
May 08, 2026 3:06:15 PM arch.GeminiClient getResponse
INFO: [GeminiClient] Waiting for semaphore. In queue: 3 | Active calls: 30 | Available permits: 50
May 08, 2026 3:06:15 PM arch.GeminiClient getResponse
INFO: [GeminiClient] Acquired semaphore. Active calls: 31
May 08, 2026 3:06:15 PM arch.GeminiClient getResponse
INFO: [GeminiClient] Waiting for semaphore. In queue: 4 | Active calls: 21 | Available permits: 59
May 08, 2026 3:06:15 PM arch.GeminiClient getResponse
INFO: [GeminiClient] Acquired semaphore. Active calls: 22
May 08, 2026 3:06:15 PM arch.GeminiClient getResponse
INFO: [GeminiClient] Waiting for semaphore. In queue: 3 | Active calls: 32 | Available permits: 48
May 08, 2026 3:06:15 PM arch.GeminiClient getResponse
INFO: [GeminiClient] Acquired semaphore. Active calls: 33
May 08, 2026 3:06:15 PM arch.GeminiClient getResponse
INFO: [GeminiClient] Acquired semaphore. Active calls: 24
May 08, 2026 3:06:15 PM arch.GeminiClient getResponse
INFO: [GeminiClient] Waiting for semaphore. In queue: 4 | Active calls: 33 | Available permits: 47
May 08, 2026 3:06:15 PM arch.GeminiClient getResponse
INFO: [GeminiClient] Acquired semaphore. Active calls: 34
May 08, 2026 3:06:15 PM arch.GeminiClient getResponse
INFO: [GeminiClient] Waiting for semaphore. In queue: 4 | Active calls: 34 | Available permits: 46
May 08, 2026 3:06:15 PM arch.GeminiClient getResponse
INFO: [GeminiClient] Acquired semaphore. Active calls: 35
May 08, 2026 3:06:15 PM arch.GeminiClient getResponse
INFO: [GeminiClient] Waiting for semaphore. In queue: 5 | Active calls: 35 | Available permits: 45
May 08, 2026 3:06:15 PM arch.GeminiClient getResponse
INFO: [GeminiClient] Acquired semaphore. Active calls: 36
May 08, 2026 3:06:15 PM arch.GeminiClient getResponse
INFO: [GeminiClient] Waiting for semaphore. In queue: 4 | Active calls: 28 | Available permits: 52
May 08, 2026 3:06:15 PM arch.GeminiClient getResponse
INFO: [GeminiClient] Waiting for semaphore. In queue: 5 | Active calls: 37 | Available permits: 43
May 08, 2026 3:06:15 PM arch.GeminiClient getResponse
INFO: [GeminiClient] Acquired semaphore. Active calls: 38
May 08, 2026 3:06:15 PM arch.GeminiClient getResponse
INFO: [GeminiClient] Waiting for semaphore. In queue: 4 | Active calls: 30 | Available permits: 50
May 08, 2026 3:06:15 PM arch.GeminiClient getResponse
INFO: [GeminiClient] Acquired semaphore. Active calls: 39
May 08, 2026 3:06:15 PM arch.GeminiClient getResponse
INFO: [GeminiClient] Acquired semaphore. Active calls: 32
May 08, 2026 3:06:15 PM arch.GeminiClient getResponse
INFO: [GeminiClient] Waiting for semaphore. In queue: 4 | Active calls: 32 | Available permits: 48
May 08, 2026 3:06:15 PM arch.GeminiClient getResponse
INFO: [GeminiClient] Acquired semaphore. Active calls: 40
May 08, 2026 3:06:15 PM arch.GeminiClient getResponse
INFO: [GeminiClient] Waiting for semaphore. In queue: 5 | Active calls: 40 | Available permits: 40
May 08, 2026 3:06:15 PM arch.GeminiClient getResponse
INFO: [GeminiClient] Waiting for semaphore. In queue: 6 | Active calls: 41 | Available permits: 39
May 08, 2026 3:06:15 PM arch.GeminiClient getResponse
INFO: [GeminiClient] Acquired semaphore. Active calls: 42
May 08, 2026 3:06:15 PM arch.GeminiClient getResponse
INFO: [GeminiClient] Waiting for semaphore. In queue: 8 | Active calls: 42 | Available permits: 38
May 08, 2026 3:06:15 PM arch.GeminiClient getResponse
INFO: [GeminiClient] Acquired semaphore. Active calls: 43
May 08, 2026 3:06:15 PM arch.GeminiClient getResponse
INFO: [GeminiClient] Waiting for semaphore. In queue: 4 | Active calls: 35 | Available permits: 45
May 08, 2026 3:06:15 PM arch.GeminiClient getResponse
INFO: [GeminiClient] Acquired semaphore. Active calls: 44
May 08, 2026 3:06:15 PM arch.GeminiClient getResponse
INFO: [GeminiClient] Waiting for semaphore. In queue: 9 | Active calls: 44 | Available permits: 36
May 08, 2026 3:06:15 PM arch.GeminiClient getResponse
INFO: [GeminiClient] Acquired semaphore. Active calls: 45
May 08, 2026 3:06:15 PM arch.GeminiClient getResponse
INFO: [GeminiClient] Waiting for semaphore. In queue: 5 | Active calls: 36 | Available permits: 44
May 08, 2026 3:06:15 PM arch.GeminiClient getResponse
INFO: [GeminiClient] Acquired semaphore. Active calls: 46
May 08, 2026 3:06:15 PM arch.GeminiClient getResponse
INFO: [GeminiClient] Acquired semaphore. Active calls: 37
May 08, 2026 3:06:15 PM arch.GeminiClient getResponse
INFO: [GeminiClient] Waiting for semaphore. In queue: 12 | Active calls: 46 | Available permits: 34
May 08, 2026 3:06:15 PM arch.GeminiClient getResponse
INFO: [GeminiClient] Waiting for semaphore. In queue: 14 | Active calls: 47 | Available permits: 33
May 08, 2026 3:06:15 PM arch.GeminiClient getResponse
INFO: [GeminiClient] Acquired semaphore. Active calls: 48
May 08, 2026 3:06:15 PM arch.GeminiClient getResponse
INFO: [GeminiClient] Waiting for semaphore. In queue: 5 | Active calls: 39 | Available permits: 41
May 08, 2026 3:06:15 PM arch.GeminiClient getResponse
INFO: [GeminiClient] Waiting for semaphore. In queue: 5 | Active calls: 39 | Available permits: 41
May 08, 2026 3:06:15 PM arch.GeminiClient getResponse
INFO: [GeminiClient] Acquired semaphore. Active calls: 50
May 08, 2026 3:06:15 PM arch.GeminiClient getResponse
INFO: [GeminiClient] Waiting for semaphore. In queue: 6 | Active calls: 40 | Available permits: 40
May 08, 2026 3:06:15 PM arch.GeminiClient getResponse
INFO: [GeminiClient] Acquired semaphore. Active calls: 51
May 08, 2026 3:06:15 PM arch.GeminiClient getResponse
INFO: [GeminiClient] Acquired semaphore. Active calls: 41
May 08, 2026 3:06:15 PM arch.GeminiClient getResponse
INFO: [GeminiClient] Waiting for semaphore. In queue: 8 | Active calls: 42 | Available permits: 38
May 08, 2026 3:06:15 PM arch.GeminiClient getResponse
INFO: [GeminiClient] Acquired semaphore. Active calls: 52
May 08, 2026 3:06:15 PM arch.GeminiClient getResponse
INFO: [GeminiClient] Waiting for semaphore. In queue: 8 | Active calls: 42 | Available permits: 38
May 08, 2026 3:06:15 PM arch.GeminiClient getResponse
INFO: [GeminiClient] Acquired semaphore. Active calls: 53
May 08, 2026 3:06:15 PM arch.GeminiClient getResponse
INFO: [GeminiClient] Waiting for semaphore. In queue: 9 | Active calls: 42 | Available permits: 38
May 08, 2026 3:06:15 PM arch.GeminiClient getResponse
INFO: [GeminiClient] Acquired semaphore. Active calls: 54
May 08, 2026 3:06:15 PM arch.GeminiClient getResponse
INFO: [GeminiClient] Waiting for semaphore. In queue: 10 | Active calls: 44 | Available permits: 36
May 08, 2026 3:06:15 PM arch.GeminiClient getResponse
INFO: [GeminiClient] Waiting for semaphore. In queue: 8 | Active calls: 44 | Available permits: 36
May 08, 2026 3:06:15 PM arch.GeminiClient getResponse
INFO: [GeminiClient] Acquired semaphore. Active calls: 56
May 08, 2026 3:06:15 PM arch.GeminiClient getResponse
INFO: [GeminiClient] Waiting for semaphore. In queue: 11 | Active calls: 44 | Available permits: 36
May 08, 2026 3:06:15 PM arch.GeminiClient getResponse
INFO: [GeminiClient] Acquired semaphore. Active calls: 57
May 08, 2026 3:06:15 PM arch.GeminiClient getResponse
INFO: [GeminiClient] Waiting for semaphore. In queue: 11 | Active calls: 45 | Available permits: 35
May 08, 2026 3:06:15 PM arch.GeminiClient getResponse
INFO: [GeminiClient] Acquired semaphore. Active calls: 58
May 08, 2026 3:06:15 PM arch.GeminiClient getResponse
INFO: [GeminiClient] Waiting for semaphore. In queue: 6 | Active calls: 58 | Available permits: 22
May 08, 2026 3:06:15 PM arch.GeminiClient getResponse
INFO: [GeminiClient] Acquired semaphore. Active calls: 59
May 08, 2026 3:06:15 PM arch.GeminiClient getResponse
INFO: [GeminiClient] Waiting for semaphore. In queue: 11 | Active calls: 46 | Available permits: 34
May 08, 2026 3:06:15 PM arch.GeminiClient getResponse
INFO: [GeminiClient] Acquired semaphore. Active calls: 60
May 08, 2026 3:06:15 PM arch.GeminiClient getResponse
INFO: [GeminiClient] Waiting for semaphore. In queue: 14 | Active calls: 46 | Available permits: 34
May 08, 2026 3:06:15 PM arch.GeminiClient getResponse
INFO: [GeminiClient] Waiting for semaphore. In queue: 13 | Active calls: 46 | Available permits: 34
May 08, 2026 3:06:15 PM arch.GeminiClient getResponse
INFO: [GeminiClient] Acquired semaphore. Active calls: 62
May 08, 2026 3:06:15 PM arch.GeminiClient getResponse
INFO: [GeminiClient] Acquired semaphore. Active calls: 47
May 08, 2026 3:06:15 PM arch.GeminiClient getResponse
INFO: [GeminiClient] Waiting for semaphore. In queue: 15 | Active calls: 47 | Available permits: 33
May 08, 2026 3:06:15 PM arch.GeminiClient getResponse
INFO: [GeminiClient] Acquired semaphore. Active calls: 63
May 08, 2026 3:06:15 PM arch.GeminiClient getResponse
INFO: [GeminiClient] Acquired semaphore. Active calls: 49
May 08, 2026 3:06:15 PM arch.GeminiClient getResponse
INFO: [GeminiClient] Waiting for semaphore. In queue: 3 | Active calls: 63 | Available permits: 17
May 08, 2026 3:06:15 PM arch.GeminiClient getResponse
INFO: [GeminiClient] Acquired semaphore. Active calls: 64
May 08, 2026 3:06:15 PM arch.GeminiClient getResponse
INFO: [GeminiClient] Waiting for semaphore. In queue: 12 | Active calls: 51 | Available permits: 29
May 08, 2026 3:06:15 PM arch.GeminiClient getResponse
INFO: [GeminiClient] Acquired semaphore. Active calls: 65
May 08, 2026 3:06:15 PM arch.GeminiClient getResponse
INFO: [GeminiClient] Waiting for semaphore. In queue: 5 | Active calls: 65 | Available permits: 15
May 08, 2026 3:06:15 PM arch.GeminiClient getResponse
INFO: [GeminiClient] Acquired semaphore. Active calls: 66
May 08, 2026 3:06:15 PM arch.GeminiClient getResponse
INFO: [GeminiClient] Acquired semaphore. Active calls: 55
May 08, 2026 3:06:15 PM arch.GeminiClient getResponse
INFO: [GeminiClient] Waiting for semaphore. In queue: 6 | Active calls: 66 | Available permits: 14
May 08, 2026 3:06:15 PM arch.GeminiClient getResponse
INFO: [GeminiClient] Acquired semaphore. Active calls: 67
May 08, 2026 3:06:15 PM arch.GeminiClient getResponse
INFO: [GeminiClient] Waiting for semaphore. In queue: 7 | Active calls: 58 | Available permits: 22
May 08, 2026 3:06:15 PM arch.GeminiClient getResponse
INFO: [GeminiClient] Acquired semaphore. Active calls: 68
May 08, 2026 3:06:15 PM arch.GeminiClient getResponse
INFO: [GeminiClient] Acquired semaphore. Active calls: 61
May 08, 2026 3:06:15 PM arch.GeminiClient getResponse
INFO: [GeminiClient] Waiting for semaphore. In queue: 5 | Active calls: 68 | Available permits: 12
May 08, 2026 3:06:15 PM arch.GeminiClient getResponse
INFO: [GeminiClient] Acquired semaphore. Active calls: 69
May 08, 2026 3:06:15 PM arch.GeminiClient getResponse
INFO: [GeminiClient] Waiting for semaphore. In queue: 5 | Active calls: 69 | Available permits: 11
May 08, 2026 3:06:15 PM arch.GeminiClient getResponse
INFO: [GeminiClient] Acquired semaphore. Active calls: 70
May 08, 2026 3:06:15 PM arch.GeminiClient getResponse
INFO: [GeminiClient] Waiting for semaphore. In queue: 5 | Active calls: 70 | Available permits: 10
May 08, 2026 3:06:15 PM arch.GeminiClient getResponse
INFO: [GeminiClient] Acquired semaphore. Active calls: 71
May 08, 2026 3:06:15 PM arch.GeminiClient getResponse
INFO: [GeminiClient] Waiting for semaphore. In queue: 4 | Active calls: 63 | Available permits: 17
May 08, 2026 3:06:15 PM arch.GeminiClient getResponse
INFO: [GeminiClient] Acquired semaphore. Active calls: 72
May 08, 2026 3:06:15 PM arch.GeminiClient getResponse
INFO: [GeminiClient] Waiting for semaphore. In queue: 5 | Active calls: 72 | Available permits: 8
May 08, 2026 3:06:15 PM arch.GeminiClient getResponse
INFO: [GeminiClient] Acquired semaphore. Active calls: 73
May 08, 2026 3:06:15 PM arch.GeminiClient getResponse
INFO: [GeminiClient] Waiting for semaphore. In queue: 5 | Active calls: 65 | Available permits: 15
May 08, 2026 3:06:15 PM arch.GeminiClient getResponse
INFO: [GeminiClient] Acquired semaphore. Active calls: 74
May 08, 2026 3:06:15 PM arch.GeminiClient getResponse
INFO: [GeminiClient] Waiting for semaphore. In queue: 5 | Active calls: 65 | Available permits: 15
May 08, 2026 3:06:15 PM arch.GeminiClient getResponse
INFO: [GeminiClient] Acquired semaphore. Active calls: 75
May 08, 2026 3:06:15 PM arch.GeminiClient getResponse
INFO: [GeminiClient] Waiting for semaphore. In queue: 6 | Active calls: 65 | Available permits: 15
May 08, 2026 3:06:15 PM arch.GeminiClient getResponse
INFO: [GeminiClient] Acquired semaphore. Active calls: 76
May 08, 2026 3:06:15 PM arch.GeminiClient getResponse
INFO: [GeminiClient] Waiting for semaphore. In queue: 3 | Active calls: 76 | Available permits: 4
May 08, 2026 3:06:15 PM arch.GeminiClient getResponse
INFO: [GeminiClient] Acquired semaphore. Active calls: 77
May 08, 2026 3:06:15 PM arch.GeminiClient getResponse
INFO: [GeminiClient] Waiting for semaphore. In queue: 3 | Active calls: 77 | Available permits: 3
May 08, 2026 3:06:15 PM arch.GeminiClient getResponse
INFO: [GeminiClient] Acquired semaphore. Active calls: 78
May 08, 2026 3:06:15 PM arch.GeminiClient getResponse
INFO: [GeminiClient] Waiting for semaphore. In queue: 3 | Active calls: 78 | Available permits: 2
May 08, 2026 3:06:15 PM arch.GeminiClient getResponse
INFO: [GeminiClient] Acquired semaphore. Active calls: 79
May 08, 2026 3:06:15 PM arch.GeminiClient getResponse
INFO: [GeminiClient] Waiting for semaphore. In queue: 4 | Active calls: 79 | Available permits: 1
May 08, 2026 3:06:15 PM arch.GeminiClient getResponse
INFO: [GeminiClient] Acquired semaphore. Active calls: 80
May 08, 2026 3:06:15 PM arch.GeminiClient getResponse
INFO: [GeminiClient] Waiting for semaphore. In queue: 4 | Active calls: 80 | Available permits: 0
May 08, 2026 3:06:15 PM arch.GeminiClient getResponse
INFO: [GeminiClient] Waiting for semaphore. In queue: 5 | Active calls: 80 | Available permits: 0
May 08, 2026 3:06:15 PM arch.GeminiClient getResponse
INFO: [GeminiClient] Waiting for semaphore. In queue: 7 | Active calls: 80 | Available permits: 0
May 08, 2026 3:06:15 PM arch.GeminiClient getResponse
INFO: [GeminiClient] Waiting for semaphore. In queue: 5 | Active calls: 72 | Available permits: 8
May 08, 2026 3:06:15 PM arch.GeminiClient getResponse
INFO: [GeminiClient] Waiting for semaphore. In queue: 6 | Active calls: 72 | Available permits: 8
May 08, 2026 3:06:15 PM arch.GeminiClient getResponse
INFO: [GeminiClient] Waiting for semaphore. In queue: 9 | Active calls: 80 | Available permits: 0
May 08, 2026 3:06:15 PM arch.GeminiClient getResponse
INFO: [GeminiClient] Waiting for semaphore. In queue: 11 | Active calls: 80 | Available permits: 0
May 08, 2026 3:06:15 PM arch.GeminiClient getResponse
INFO: [GeminiClient] Waiting for semaphore. In queue: 13 | Active calls: 80 | Available permits: 0
May 08, 2026 3:06:15 PM arch.GeminiClient getResponse
INFO: [GeminiClient] Waiting for semaphore. In queue: 3 | Active calls: 79 | Available permits: 1
May 08, 2026 3:06:15 PM arch.GeminiClient getResponse
INFO: [GeminiClient] Waiting for semaphore. In queue: 16 | Active calls: 80 | Available permits: 0
May 08, 2026 3:06:15 PM arch.GeminiClient getResponse
INFO: [GeminiClient] Waiting for semaphore. In queue: 6 | Active calls: 80 | Available permits: 0
May 08, 2026 3:06:15 PM arch.GeminiClient getResponse
INFO: [GeminiClient] Waiting for semaphore. In queue: 19 | Active calls: 80 | Available permits: 0
May 08, 2026 3:06:15 PM arch.GeminiClient getResponse
INFO: [GeminiClient] Waiting for semaphore. In queue: 8 | Active calls: 80 | Available permits: 0
May 08, 2026 3:06:15 PM arch.GeminiClient getResponse
INFO: [GeminiClient] Waiting for semaphore. In queue: 10 | Active calls: 80 | Available permits: 0
May 08, 2026 3:06:15 PM arch.GeminiClient getResponse
INFO: [GeminiClient] Waiting for semaphore. In queue: 12 | Active calls: 80 | Available permits: 0
May 08, 2026 3:06:15 PM arch.GeminiClient getResponse
INFO: [GeminiClient] Waiting for semaphore. In queue: 14 | Active calls: 80 | Available permits: 0
May 08, 2026 3:06:15 PM arch.GeminiClient getResponse
INFO: [GeminiClient] Waiting for semaphore. In queue: 15 | Active calls: 80 | Available permits: 0
May 08, 2026 3:06:15 PM arch.GeminiClient getResponse
INFO: [GeminiClient] Waiting for semaphore. In queue: 21 | Active calls: 80 | Available permits: 0
May 08, 2026 3:06:15 PM arch.GeminiClient getResponse
INFO: [GeminiClient] Waiting for semaphore. In queue: 22 | Active calls: 80 | Available permits: 0
May 08, 2026 3:06:15 PM arch.GeminiClient getResponse
INFO: [GeminiClient] Waiting for semaphore. In queue: 17 | Active calls: 80 | Available permits: 0
May 08, 2026 3:06:15 PM arch.GeminiClient getResponse
INFO: [GeminiClient] Waiting for semaphore. In queue: 18 | Active calls: 80 | Available permits: 0
May 08, 2026 3:06:15 PM arch.GeminiClient getResponse
INFO: [GeminiClient] Waiting for semaphore. In queue: 23 | Active calls: 80 | Available permits: 0
May 08, 2026 3:06:15 PM arch.GeminiClient getResponse
INFO: [GeminiClient] Waiting for semaphore. In queue: 24 | Active calls: 80 | Available permits: 0
May 08, 2026 3:06:15 PM arch.GeminiClient getResponse
INFO: [GeminiClient] Waiting for semaphore. In queue: 26 | Active calls: 80 | Available permits: 0
May 08, 2026 3:06:15 PM arch.GeminiClient getResponse
INFO: [GeminiClient] Waiting for semaphore. In queue: 20 | Active calls: 80 | Available permits: 0
May 08, 2026 3:06:15 PM arch.GeminiClient getResponse
INFO: [GeminiClient] Waiting for semaphore. In queue: 27 | Active calls: 80 | Available permits: 0
May 08, 2026 3:06:15 PM arch.GeminiClient getResponse
INFO: [GeminiClient] Waiting for semaphore. In queue: 29 | Active calls: 80 | Available permits: 0
May 08, 2026 3:06:15 PM arch.GeminiClient getResponse
INFO: [GeminiClient] Waiting for semaphore. In queue: 30 | Active calls: 80 | Available permits: 0
May 08, 2026 3:06:15 PM arch.GeminiClient getResponse
INFO: [GeminiClient] Waiting for semaphore. In queue: 32 | Active calls: 80 | Available permits: 0
May 08, 2026 3:06:15 PM arch.GeminiClient getResponse
INFO: [GeminiClient] Waiting for semaphore. In queue: 25 | Active calls: 80 | Available permits: 0
May 08, 2026 3:06:15 PM arch.GeminiClient getResponse
INFO: [GeminiClient] Waiting for semaphore. In queue: 33 | Active calls: 80 | Available permits: 0
May 08, 2026 3:06:15 PM arch.GeminiClient getResponse
INFO: [GeminiClient] Waiting for semaphore. In queue: 28 | Active calls: 80 | Available permits: 0
May 08, 2026 3:06:15 PM arch.GeminiClient getResponse
INFO: [GeminiClient] Waiting for semaphore. In queue: 35 | Active calls: 80 | Available permits: 0
May 08, 2026 3:06:15 PM arch.GeminiClient getResponse
INFO: [GeminiClient] Waiting for semaphore. In queue: 31 | Active calls: 80 | Available permits: 0
May 08, 2026 3:06:15 PM arch.GeminiClient getResponse
INFO: [GeminiClient] Waiting for semaphore. In queue: 38 | Active calls: 80 | Available permits: 0
May 08, 2026 3:06:15 PM arch.GeminiClient getResponse
INFO: [GeminiClient] Waiting for semaphore. In queue: 40 | Active calls: 80 | Available permits: 0
May 08, 2026 3:06:15 PM arch.GeminiClient getResponse
INFO: [GeminiClient] Waiting for semaphore. In queue: 34 | Active calls: 80 | Available permits: 0
May 08, 2026 3:06:15 PM arch.GeminiClient getResponse
INFO: [GeminiClient] Waiting for semaphore. In queue: 36 | Active calls: 80 | Available permits: 0
May 08, 2026 3:06:15 PM arch.GeminiClient getResponse
INFO: [GeminiClient] Waiting for semaphore. In queue: 41 | Active calls: 80 | Available permits: 0
May 08, 2026 3:06:15 PM arch.GeminiClient getResponse
INFO: [GeminiClient] Waiting for semaphore. In queue: 37 | Active calls: 80 | Available permits: 0
May 08, 2026 3:06:15 PM arch.GeminiClient getResponse
INFO: [GeminiClient] Waiting for semaphore. In queue: 43 | Active calls: 80 | Available permits: 0
May 08, 2026 3:06:15 PM arch.GeminiClient getResponse
INFO: [GeminiClient] Waiting for semaphore. In queue: 40 | Active calls: 80 | Available permits: 0
May 08, 2026 3:06:15 PM arch.GeminiClient getResponse
INFO: [GeminiClient] Waiting for semaphore. In queue: 44 | Active calls: 80 | Available permits: 0
May 08, 2026 3:06:15 PM arch.GeminiClient getResponse
INFO: [GeminiClient] Waiting for semaphore. In queue: 42 | Active calls: 80 | Available permits: 0
May 08, 2026 3:06:15 PM arch.GeminiClient getResponse
INFO: [GeminiClient] Waiting for semaphore. In queue: 45 | Active calls: 80 | Available permits: 0
May 08, 2026 3:06:15 PM arch.GeminiClient getResponse
INFO: [GeminiClient] Waiting for semaphore. In queue: 46 | Active calls: 80 | Available permits: 0
May 08, 2026 3:06:16 PM arch.GeminiClient getResponse
INFO: [GeminiClient] Got response. Active calls: 79
May 08, 2026 3:06:16 PM arch.GeminiClient getResponse
INFO: [GeminiClient] Acquired semaphore. Active calls: 80
May 08, 2026 3:06:16 PM arch.GeminiClient getResponse
INFO: [GeminiClient] Waiting for semaphore. In queue: 46 | Active calls: 80 | Available permits: 0
May 08, 2026 3:06:16 PM arch.GeminiClient getResponse
INFO: [GeminiClient] Got response. Active calls: 79
May 08, 2026 3:06:16 PM arch.GeminiClient getResponse
INFO: [GeminiClient] Acquired semaphore. Active calls: 80
May 08, 2026 3:06:16 PM arch.GeminiClient getResponse
INFO: [GeminiClient] Got response. Active calls: 79
May 08, 2026 3:06:16 PM arch.GeminiClient getResponse
INFO: [GeminiClient] Got response. Active calls: 78
May 08, 2026 3:06:16 PM arch.GeminiClient getResponse
INFO: [GeminiClient] Got response. Active calls: 77
May 08, 2026 3:06:16 PM arch.GeminiClient getResponse
INFO: [GeminiClient] Acquired semaphore. Active calls: 78
May 08, 2026 3:06:16 PM arch.GeminiClient getResponse
INFO: [GeminiClient] Acquired semaphore. Active calls: 79
May 08, 2026 3:06:16 PM arch.GeminiClient getResponse
INFO: [GeminiClient] Acquired semaphore. Active calls: 80
May 08, 2026 3:06:16 PM arch.GeminiClient getResponse
INFO: [GeminiClient] Waiting for semaphore. In queue: 43 | Active calls: 80 | Available permits: 0
May 08, 2026 3:06:16 PM arch.GeminiClient getResponse
INFO: [GeminiClient] Waiting for semaphore. In queue: 44 | Active calls: 80 | Available permits: 0
May 08, 2026 3:06:17 PM arch.GeminiClient getResponse
INFO: [GeminiClient] Got response. Active calls: 79
May 08, 2026 3:06:17 PM arch.GeminiClient getResponse
INFO: [GeminiClient] Acquired semaphore. Active calls: 80
May 08, 2026 3:06:17 PM arch.GeminiClient getResponse
INFO: [GeminiClient] Got response. Active calls: 79
May 08, 2026 3:06:17 PM arch.GeminiClient getResponse
INFO: [GeminiClient] Acquired semaphore. Active calls: 80
May 08, 2026 3:06:17 PM arch.GeminiClient getResponse
INFO: [GeminiClient] Waiting for semaphore. In queue: 43 | Active calls: 80 | Available permits: 0
May 08, 2026 3:06:17 PM arch.GeminiClient getResponse
INFO: [GeminiClient] Got response. Active calls: 79
May 08, 2026 3:06:17 PM arch.GeminiClient getResponse
INFO: [GeminiClient] Acquired semaphore. Active calls: 80
May 08, 2026 3:06:17 PM arch.GeminiClient getResponse
INFO: [GeminiClient] Got response. Active calls: 79
May 08, 2026 3:06:17 PM arch.GeminiClient getResponse
INFO: [GeminiClient] Acquired semaphore. Active calls: 80
May 08, 2026 3:06:17 PM arch.GeminiClient getResponse
INFO: [GeminiClient] Waiting for semaphore. In queue: 42 | Active calls: 80 | Available permits: 0
May 08, 2026 3:06:17 PM arch.GeminiClient getResponse
INFO: [GeminiClient] Got response. Active calls: 79
May 08, 2026 3:06:17 PM arch.GeminiClient getResponse
INFO: [GeminiClient] Acquired semaphore. Active calls: 80
May 08, 2026 3:06:17 PM arch.GeminiClient getResponse
INFO: [GeminiClient] Got response. Active calls: 79
May 08, 2026 3:06:17 PM arch.GeminiClient getResponse
INFO: [GeminiClient] Acquired semaphore. Active calls: 80
May 08, 2026 3:06:17 PM arch.GeminiClient getResponse
INFO: [GeminiClient] Waiting for semaphore. In queue: 41 | Active calls: 80 | Available permits: 0
May 08, 2026 3:06:17 PM arch.GeminiClient getResponse
INFO: [GeminiClient] Waiting for semaphore. In queue: 42 | Active calls: 80 | Available permits: 0
May 08, 2026 3:06:17 PM arch.GeminiClient getResponse
INFO: [GeminiClient] Got response. Active calls: 79
May 08, 2026 3:06:17 PM arch.GeminiClient getResponse
INFO: [GeminiClient] Acquired semaphore. Active calls: 80
May 08, 2026 3:06:17 PM arch.GeminiClient getResponse
INFO: [GeminiClient] Waiting for semaphore. In queue: 42 | Active calls: 80 | Available permits: 0
May 08, 2026 3:06:17 PM arch.GeminiClient getResponse
INFO: [GeminiClient] Got response. Active calls: 79
May 08, 2026 3:06:17 PM arch.GeminiClient getResponse
INFO: [GeminiClient] Got response. Active calls: 78
May 08, 2026 3:06:17 PM arch.GeminiClient getResponse
INFO: [GeminiClient] Acquired semaphore. Active calls: 79
May 08, 2026 3:06:17 PM arch.GeminiClient getResponse
INFO: [GeminiClient] Acquired semaphore. Active calls: 80
May 08, 2026 3:06:17 PM arch.GeminiClient getResponse
INFO: [GeminiClient] Got response. Active calls: 79
May 08, 2026 3:06:17 PM arch.GeminiClient getResponse
INFO: [GeminiClient] Acquired semaphore. Active calls: 80
May 08, 2026 3:06:17 PM arch.GeminiClient getResponse
INFO: [GeminiClient] Waiting for semaphore. In queue: 40 | Active calls: 80 | Available permits: 0
May 08, 2026 3:06:17 PM arch.GeminiClient getResponse
INFO: [GeminiClient] Got response. Active calls: 79
May 08, 2026 3:06:17 PM arch.GeminiClient getResponse
INFO: [GeminiClient] Acquired semaphore. Active calls: 80
May 08, 2026 3:06:18 PM arch.GeminiClient getResponse
INFO: [GeminiClient] Waiting for semaphore. In queue: 40 | Active calls: 80 | Available permits: 0
May 08, 2026 3:06:18 PM arch.GeminiClient getResponse
INFO: [GeminiClient] Waiting for semaphore. In queue: 41 | Active calls: 80 | Available permits: 0
May 08, 2026 3:06:18 PM arch.GeminiClient getResponse
INFO: [GeminiClient] Got response. Active calls: 79
May 08, 2026 3:06:18 PM arch.GeminiClient getResponse
INFO: [GeminiClient] Acquired semaphore. Active calls: 80
May 08, 2026 3:06:18 PM arch.GeminiClient getResponse
INFO: [GeminiClient] Waiting for semaphore. In queue: 41 | Active calls: 80 | Available permits: 0
May 08, 2026 3:06:19 PM arch.GeminiClient getResponse
INFO: [GeminiClient] Got response. Active calls: 79
May 08, 2026 3:06:19 PM arch.GeminiClient getResponse
INFO: [GeminiClient] Acquired semaphore. Active calls: 80
May 08, 2026 3:06:19 PM arch.GeminiClient getResponse
INFO: [GeminiClient] Got response. Active calls: 79
May 08, 2026 3:06:19 PM arch.GeminiClient getResponse
INFO: [GeminiClient] Acquired semaphore. Active calls: 80
May 08, 2026 3:06:19 PM arch.GeminiClient getResponse
INFO: [GeminiClient] Waiting for semaphore. In queue: 40 | Active calls: 80 | Available permits: 0
May 08, 2026 3:06:19 PM arch.GeminiClient getResponse
INFO: [GeminiClient] Got response. Active calls: 79
May 08, 2026 3:06:19 PM arch.GeminiClient getResponse
INFO: [GeminiClient] Acquired semaphore. Active calls: 80
May 08, 2026 3:06:19 PM arch.GeminiClient getResponse
INFO: [GeminiClient] Waiting for semaphore. In queue: 40 | Active calls: 80 | Available permits: 0
May 08, 2026 3:06:20 PM arch.GeminiClient getResponse
INFO: [GeminiClient] Got response. Active calls: 79
May 08, 2026 3:06:20 PM arch.GeminiClient getResponse
INFO: [GeminiClient] Acquired semaphore. Active calls: 80
May 08, 2026 3:06:20 PM arch.GeminiClient getResponse
INFO: [GeminiClient] Waiting for semaphore. In queue: 40 | Active calls: 80 | Available permits: 0
May 08, 2026 3:06:20 PM arch.GeminiClient getResponse
INFO: [GeminiClient] Got response. Active calls: 79
May 08, 2026 3:06:20 PM arch.GeminiClient getResponse
INFO: [GeminiClient] Acquired semaphore. Active calls: 80
May 08, 2026 3:06:20 PM arch.GeminiClient getResponse
INFO: [GeminiClient] Waiting for semaphore. In queue: 40 | Active calls: 80 | Available permits: 0
May 08, 2026 3:06:20 PM arch.GeminiClient getResponse
INFO: [GeminiClient] Got response. Active calls: 79
May 08, 2026 3:06:20 PM arch.GeminiClient getResponse
INFO: [GeminiClient] Acquired semaphore. Active calls: 80
May 08, 2026 3:06:20 PM arch.GeminiClient getResponse
INFO: [GeminiClient] Got response. Active calls: 79
May 08, 2026 3:06:20 PM arch.GeminiClient getResponse
INFO: [GeminiClient] Acquired semaphore. Active calls: 80
May 08, 2026 3:06:20 PM arch.GeminiClient getResponse
INFO: [GeminiClient] Waiting for semaphore. In queue: 39 | Active calls: 80 | Available permits: 0
May 08, 2026 3:06:20 PM arch.GeminiClient getResponse
INFO: [GeminiClient] Got response. Active calls: 79
May 08, 2026 3:06:20 PM arch.GeminiClient getResponse
INFO: [GeminiClient] Acquired semaphore. Active calls: 80
May 08, 2026 3:06:20 PM arch.GeminiClient getResponse
INFO: [GeminiClient] Got response. Active calls: 79
May 08, 2026 3:06:20 PM arch.GeminiClient getResponse
INFO: [GeminiClient] Got response. Active calls: 78
May 08, 2026 3:06:20 PM arch.GeminiClient getResponse
INFO: [GeminiClient] Acquired semaphore. Active calls: 79
May 08, 2026 3:06:20 PM arch.GeminiClient getResponse
INFO: [GeminiClient] Acquired semaphore. Active calls: 80
May 08, 2026 3:06:20 PM arch.GeminiClient getResponse
INFO: [GeminiClient] Waiting for semaphore. In queue: 37 | Active calls: 80 | Available permits: 0
May 08, 2026 3:06:20 PM arch.GeminiClient getResponse
INFO: [GeminiClient] Got response. Active calls: 79
May 08, 2026 3:06:20 PM arch.GeminiClient getResponse
INFO: [GeminiClient] Acquired semaphore. Active calls: 80
May 08, 2026 3:06:20 PM arch.GeminiClient getResponse
INFO: [GeminiClient] Got response. Active calls: 79
May 08, 2026 3:06:20 PM arch.GeminiClient getResponse
INFO: [GeminiClient] Acquired semaphore. Active calls: 80
May 08, 2026 3:06:20 PM arch.GeminiClient getResponse
INFO: [GeminiClient] Waiting for semaphore. In queue: 36 | Active calls: 80 | Available permits: 0
May 08, 2026 3:06:21 PM arch.GeminiClient getResponse
INFO: [GeminiClient] Got response. Active calls: 79
May 08, 2026 3:06:21 PM arch.GeminiClient getResponse
INFO: [GeminiClient] Acquired semaphore. Active calls: 80
May 08, 2026 3:06:21 PM arch.GeminiClient getResponse
INFO: [GeminiClient] Waiting for semaphore. In queue: 36 | Active calls: 80 | Available permits: 0
May 08, 2026 3:06:21 PM arch.GeminiClient getResponse
INFO: [GeminiClient] Waiting for semaphore. In queue: 37 | Active calls: 80 | Available permits: 0
May 08, 2026 3:06:21 PM arch.GeminiClient getResponse
INFO: [GeminiClient] Got response. Active calls: 79
May 08, 2026 3:06:21 PM arch.GeminiClient getResponse
INFO: [GeminiClient] Acquired semaphore. Active calls: 80
May 08, 2026 3:06:21 PM arch.GeminiClient getResponse
INFO: [GeminiClient] Waiting for semaphore. In queue: 37 | Active calls: 80 | Available permits: 0
May 08, 2026 3:06:21 PM arch.GeminiClient getResponse
INFO: [GeminiClient] Got response. Active calls: 79
May 08, 2026 3:06:21 PM arch.GeminiClient getResponse
INFO: [GeminiClient] Acquired semaphore. Active calls: 80
May 08, 2026 3:06:21 PM arch.GeminiClient getResponse
INFO: [GeminiClient] Waiting for semaphore. In queue: 37 | Active calls: 80 | Available permits: 0
May 08, 2026 3:06:21 PM arch.GeminiClient getResponse
INFO: [GeminiClient] Got response. Active calls: 79
May 08, 2026 3:06:21 PM arch.GeminiClient getResponse
INFO: [GeminiClient] Got response. Active calls: 78
May 08, 2026 3:06:21 PM arch.GeminiClient getResponse
INFO: [GeminiClient] Acquired semaphore. Active calls: 80
May 08, 2026 3:06:21 PM arch.GeminiClient getResponse
INFO: [GeminiClient] Acquired semaphore. Active calls: 79
May 08, 2026 3:06:21 PM arch.GeminiClient getResponse
INFO: [GeminiClient] Got response. Active calls: 79
May 08, 2026 3:06:21 PM arch.GeminiClient getResponse
INFO: [GeminiClient] Acquired semaphore. Active calls: 80
May 08, 2026 3:06:21 PM arch.GeminiClient getResponse
INFO: [GeminiClient] Waiting for semaphore. In queue: 35 | Active calls: 80 | Available permits: 0
May 08, 2026 3:06:21 PM arch.GeminiClient getResponse
INFO: [GeminiClient] Waiting for semaphore. In queue: 36 | Active calls: 80 | Available permits: 0
May 08, 2026 3:06:21 PM arch.GeminiClient getResponse
INFO: [GeminiClient] Got response. Active calls: 79
May 08, 2026 3:06:21 PM arch.GeminiClient getResponse
INFO: [GeminiClient] Got response. Active calls: 78
May 08, 2026 3:06:21 PM arch.GeminiClient getResponse
INFO: [GeminiClient] Acquired semaphore. Active calls: 80
May 08, 2026 3:06:21 PM arch.GeminiClient getResponse
INFO: [GeminiClient] Acquired semaphore. Active calls: 79
May 08, 2026 3:06:21 PM arch.GeminiClient getResponse
INFO: [GeminiClient] Waiting for semaphore. In queue: 35 | Active calls: 80 | Available permits: 0
May 08, 2026 3:06:22 PM arch.GeminiClient getResponse
INFO: [GeminiClient] Got response. Active calls: 79
May 08, 2026 3:06:22 PM arch.GeminiClient getResponse
INFO: [GeminiClient] Acquired semaphore. Active calls: 80
May 08, 2026 3:06:22 PM arch.GeminiClient getResponse
INFO: [GeminiClient] Got response. Active calls: 79
May 08, 2026 3:06:22 PM arch.GeminiClient getResponse
INFO: [GeminiClient] Acquired semaphore. Active calls: 80
May 08, 2026 3:06:22 PM arch.GeminiClient getResponse
INFO: [GeminiClient] Waiting for semaphore. In queue: 34 | Active calls: 80 | Available permits: 0
May 08, 2026 3:06:22 PM arch.GeminiClient getResponse
INFO: [GeminiClient] Got response. Active calls: 79
May 08, 2026 3:06:22 PM arch.GeminiClient getResponse
INFO: [GeminiClient] Acquired semaphore. Active calls: 80
May 08, 2026 3:06:22 PM arch.GeminiClient getResponse
INFO: [GeminiClient] Got response. Active calls: 79
May 08, 2026 3:06:22 PM arch.GeminiClient getResponse
INFO: [GeminiClient] Acquired semaphore. Active calls: 80
May 08, 2026 3:06:22 PM arch.GeminiClient getResponse
INFO: [GeminiClient] Waiting for semaphore. In queue: 33 | Active calls: 80 | Available permits: 0
May 08, 2026 3:06:22 PM arch.GeminiClient getResponse
INFO: [GeminiClient] Waiting for semaphore. In queue: 34 | Active calls: 80 | Available permits: 0
May 08, 2026 3:06:22 PM arch.GeminiClient getResponse
INFO: [GeminiClient] Got response. Active calls: 79
May 08, 2026 3:06:22 PM arch.GeminiClient getResponse
INFO: [GeminiClient] Acquired semaphore. Active calls: 80
May 08, 2026 3:06:22 PM arch.GeminiClient getResponse
INFO: [GeminiClient] Waiting for semaphore. In queue: 34 | Active calls: 80 | Available permits: 0
May 08, 2026 3:06:22 PM arch.GeminiClient getResponse
INFO: [GeminiClient] Got response. Active calls: 79
May 08, 2026 3:06:22 PM arch.GeminiClient getResponse
INFO: [GeminiClient] Acquired semaphore. Active calls: 80
May 08, 2026 3:06:22 PM arch.GeminiClient getResponse
INFO: [GeminiClient] Waiting for semaphore. In queue: 34 | Active calls: 80 | Available permits: 0
May 08, 2026 3:06:22 PM arch.GeminiClient getResponse
INFO: [GeminiClient] Got response. Active calls: 79
May 08, 2026 3:06:22 PM arch.GeminiClient getResponse
INFO: [GeminiClient] Acquired semaphore. Active calls: 80
May 08, 2026 3:06:22 PM arch.GeminiClient getResponse
INFO: [GeminiClient] Got response. Active calls: 79
May 08, 2026 3:06:22 PM arch.GeminiClient getResponse
INFO: [GeminiClient] Acquired semaphore. Active calls: 80
May 08, 2026 3:06:23 PM arch.GeminiClient getResponse
INFO: [GeminiClient] Got response. Active calls: 79
May 08, 2026 3:06:23 PM arch.GeminiClient getResponse
INFO: [GeminiClient] Acquired semaphore. Active calls: 80
May 08, 2026 3:06:23 PM arch.GeminiClient getResponse
INFO: [GeminiClient] Waiting for semaphore. In queue: 32 | Active calls: 80 | Available permits: 0
May 08, 2026 3:06:23 PM arch.GeminiClient getResponse
INFO: [GeminiClient] Got response. Active calls: 79
May 08, 2026 3:06:23 PM arch.GeminiClient getResponse
INFO: [GeminiClient] Acquired semaphore. Active calls: 80
May 08, 2026 3:06:23 PM arch.GeminiClient getResponse
INFO: [GeminiClient] Waiting for semaphore. In queue: 32 | Active calls: 80 | Available permits: 0
May 08, 2026 3:06:23 PM arch.GeminiClient getResponse
INFO: [GeminiClient] Got response. Active calls: 79
May 08, 2026 3:06:23 PM arch.GeminiClient getResponse
INFO: [GeminiClient] Got response. Active calls: 78
May 08, 2026 3:06:23 PM arch.GeminiClient getResponse
INFO: [GeminiClient] Acquired semaphore. Active calls: 80
May 08, 2026 3:06:23 PM arch.GeminiClient getResponse
INFO: [GeminiClient] Acquired semaphore. Active calls: 79
May 08, 2026 3:06:23 PM arch.GeminiClient getResponse
INFO: [GeminiClient] Waiting for semaphore. In queue: 31 | Active calls: 80 | Available permits: 0
May 08, 2026 3:06:23 PM arch.GeminiClient getResponse
INFO: [GeminiClient] Waiting for semaphore. In queue: 32 | Active calls: 80 | Available permits: 0
May 08, 2026 3:06:23 PM arch.GeminiClient getResponse
INFO: [GeminiClient] Got response. Active calls: 79
May 08, 2026 3:06:23 PM arch.GeminiClient getResponse
INFO: [GeminiClient] Acquired semaphore. Active calls: 80
May 08, 2026 3:06:23 PM arch.GeminiClient getResponse
INFO: [GeminiClient] Waiting for semaphore. In queue: 32 | Active calls: 80 | Available permits: 0
May 08, 2026 3:06:23 PM arch.GeminiClient getResponse
INFO: [GeminiClient] Got response. Active calls: 79
May 08, 2026 3:06:23 PM arch.GeminiClient getResponse
INFO: [GeminiClient] Acquired semaphore. Active calls: 80
May 08, 2026 3:06:23 PM arch.GeminiClient getResponse
INFO: [GeminiClient] Got response. Active calls: 79
May 08, 2026 3:06:23 PM arch.GeminiClient getResponse
INFO: [GeminiClient] Acquired semaphore. Active calls: 80
May 08, 2026 3:06:23 PM arch.GeminiClient getResponse
INFO: [GeminiClient] Waiting for semaphore. In queue: 31 | Active calls: 80 | Available permits: 0
May 08, 2026 3:06:23 PM arch.GeminiClient getResponse
INFO: [GeminiClient] Got response. Active calls: 79
May 08, 2026 3:06:23 PM arch.GeminiClient getResponse
INFO: [GeminiClient] Acquired semaphore. Active calls: 80
May 08, 2026 3:06:23 PM arch.GeminiClient getResponse
INFO: [GeminiClient] Waiting for semaphore. In queue: 31 | Active calls: 80 | Available permits: 0
May 08, 2026 3:06:24 PM arch.GeminiClient getResponse
INFO: [GeminiClient] Waiting for semaphore. In queue: 32 | Active calls: 80 | Available permits: 0
May 08, 2026 3:06:24 PM arch.GeminiClient getResponse
INFO: [GeminiClient] Got response. Active calls: 79
May 08, 2026 3:06:24 PM arch.GeminiClient getResponse
INFO: [GeminiClient] Acquired semaphore. Active calls: 80
May 08, 2026 3:06:24 PM arch.GeminiClient getResponse
INFO: [GeminiClient] Waiting for semaphore. In queue: 32 | Active calls: 80 | Available permits: 0
May 08, 2026 3:06:24 PM arch.GeminiClient getResponse
INFO: [GeminiClient] Waiting for semaphore. In queue: 33 | Active calls: 80 | Available permits: 0
May 08, 2026 3:06:24 PM arch.GeminiClient getResponse
INFO: [GeminiClient] Got response. Active calls: 79
May 08, 2026 3:06:24 PM arch.GeminiClient getResponse
INFO: [GeminiClient] Acquired semaphore. Active calls: 80
May 08, 2026 3:06:24 PM arch.GeminiClient getResponse
INFO: [GeminiClient] Waiting for semaphore. In queue: 33 | Active calls: 80 | Available permits: 0
May 08, 2026 3:06:24 PM arch.GeminiClient getResponse
INFO: [GeminiClient] Got response. Active calls: 79
May 08, 2026 3:06:24 PM arch.GeminiClient getResponse
INFO: [GeminiClient] Acquired semaphore. Active calls: 80
May 08, 2026 3:06:25 PM arch.GeminiClient getResponse
INFO: [GeminiClient] Got response. Active calls: 79
May 08, 2026 3:06:25 PM arch.GeminiClient getResponse
INFO: [GeminiClient] Acquired semaphore. Active calls: 80
May 08, 2026 3:06:25 PM arch.GeminiClient getResponse
INFO: [GeminiClient] Waiting for semaphore. In queue: 32 | Active calls: 80 | Available permits: 0
May 08, 2026 3:06:25 PM arch.GeminiClient getResponse
INFO: [GeminiClient] Waiting for semaphore. In queue: 33 | Active calls: 80 | Available permits: 0
May 08, 2026 3:06:25 PM arch.GeminiClient getResponse
INFO: [GeminiClient] Got response. Active calls: 79
May 08, 2026 3:06:25 PM arch.GeminiClient getResponse
INFO: [GeminiClient] Got response. Active calls: 78
May 08, 2026 3:06:25 PM arch.GeminiClient getResponse
INFO: [GeminiClient] Acquired semaphore. Active calls: 80
May 08, 2026 3:06:25 PM arch.GeminiClient getResponse
INFO: [GeminiClient] Acquired semaphore. Active calls: 79
May 08, 2026 3:06:25 PM arch.GeminiClient getResponse
INFO: [GeminiClient] Waiting for semaphore. In queue: 32 | Active calls: 80 | Available permits: 0
May 08, 2026 3:06:25 PM arch.GeminiClient getResponse
INFO: [GeminiClient] Waiting for semaphore. In queue: 33 | Active calls: 80 | Available permits: 0
May 08, 2026 3:06:25 PM arch.GeminiClient getResponse
INFO: [GeminiClient] Got response. Active calls: 79
May 08, 2026 3:06:25 PM arch.GeminiClient getResponse
INFO: [GeminiClient] Acquired semaphore. Active calls: 80
May 08, 2026 3:06:25 PM arch.GeminiClient getResponse
INFO: [GeminiClient] Waiting for semaphore. In queue: 33 | Active calls: 80 | Available permits: 0
May 08, 2026 3:06:25 PM arch.GeminiClient getResponse
INFO: [GeminiClient] Got response. Active calls: 79
May 08, 2026 3:06:25 PM arch.GeminiClient getResponse
INFO: [GeminiClient] Acquired semaphore. Active calls: 80
May 08, 2026 3:06:25 PM arch.GeminiClient getResponse
INFO: [GeminiClient] Waiting for semaphore. In queue: 33 | Active calls: 80 | Available permits: 0
May 08, 2026 3:06:25 PM arch.GeminiClient getResponse
INFO: [GeminiClient] Got response. Active calls: 79
May 08, 2026 3:06:25 PM arch.GeminiClient getResponse
INFO: [GeminiClient] Acquired semaphore. Active calls: 80
May 08, 2026 3:06:25 PM arch.GeminiClient getResponse
INFO: [GeminiClient] Waiting for semaphore. In queue: 33 | Active calls: 80 | Available permits: 0
May 08, 2026 3:06:25 PM arch.GeminiClient getResponse
INFO: [GeminiClient] Got response. Active calls: 79
May 08, 2026 3:06:25 PM arch.GeminiClient getResponse
INFO: [GeminiClient] Acquired semaphore. Active calls: 80
May 08, 2026 3:06:25 PM arch.GeminiClient getResponse
INFO: [GeminiClient] Waiting for semaphore. In queue: 33 | Active calls: 80 | Available permits: 0
May 08, 2026 3:06:25 PM arch.GeminiClient getResponse
INFO: [GeminiClient] Got response. Active calls: 79
May 08, 2026 3:06:25 PM arch.GeminiClient getResponse
INFO: [GeminiClient] Acquired semaphore. Active calls: 80
May 08, 2026 3:06:25 PM arch.GeminiClient getResponse
INFO: [GeminiClient] Waiting for semaphore. In queue: 33 | Active calls: 80 | Available permits: 0
May 08, 2026 3:06:25 PM arch.GeminiClient getResponse
INFO: [GeminiClient] Got response. Active calls: 79
May 08, 2026 3:06:25 PM arch.GeminiClient getResponse
INFO: [GeminiClient] Acquired semaphore. Active calls: 80
May 08, 2026 3:06:25 PM arch.GeminiClient getResponse
INFO: [GeminiClient] Waiting for semaphore. In queue: 33 | Active calls: 80 | Available permits: 0
May 08, 2026 3:06:25 PM arch.GeminiClient getResponse
INFO: [GeminiClient] Waiting for semaphore. In queue: 34 | Active calls: 80 | Available permits: 0
May 08, 2026 3:06:26 PM arch.GeminiClient getResponse
INFO: [GeminiClient] Got response. Active calls: 79
May 08, 2026 3:06:26 PM arch.GeminiClient getResponse
INFO: [GeminiClient] Acquired semaphore. Active calls: 78
May 08, 2026 3:06:26 PM arch.GeminiClient getResponse
INFO: [GeminiClient] Got response. Active calls: 78
May 08, 2026 3:06:26 PM arch.GeminiClient getResponse
INFO: [GeminiClient] Got response. Active calls: 77
May 08, 2026 3:06:26 PM arch.GeminiClient getResponse
INFO: [GeminiClient] Acquired semaphore. Active calls: 80
May 08, 2026 3:06:26 PM arch.GeminiClient getResponse
INFO: [GeminiClient] Acquired semaphore. Active calls: 79
May 08, 2026 3:06:26 PM arch.GeminiClient getResponse
INFO: [GeminiClient] Waiting for semaphore. In queue: 32 | Active calls: 80 | Available permits: 0
May 08, 2026 3:06:26 PM arch.GeminiClient getResponse
INFO: [GeminiClient] Waiting for semaphore. In queue: 33 | Active calls: 80 | Available permits: 0
May 08, 2026 3:06:26 PM arch.GeminiClient getResponse
INFO: [GeminiClient] Got response. Active calls: 79
May 08, 2026 3:06:26 PM arch.GeminiClient getResponse
INFO: [GeminiClient] Acquired semaphore. Active calls: 79
May 08, 2026 3:06:26 PM arch.GeminiClient getResponse
INFO: [GeminiClient] Got response. Active calls: 78
May 08, 2026 3:06:26 PM arch.GeminiClient getResponse
INFO: [GeminiClient] Acquired semaphore. Active calls: 80
May 08, 2026 3:06:26 PM arch.GeminiClient getResponse
INFO: [GeminiClient] Waiting for semaphore. In queue: 32 | Active calls: 80 | Available permits: 0
May 08, 2026 3:06:26 PM arch.GeminiClient getResponse
INFO: [GeminiClient] Waiting for semaphore. In queue: 33 | Active calls: 80 | Available permits: 0
May 08, 2026 3:06:26 PM arch.GeminiClient getResponse
INFO: [GeminiClient] Got response. Active calls: 79
May 08, 2026 3:06:26 PM arch.GeminiClient getResponse
INFO: [GeminiClient] Acquired semaphore. Active calls: 80
May 08, 2026 3:06:27 PM arch.GeminiClient getResponse
INFO: [GeminiClient] Waiting for semaphore. In queue: 33 | Active calls: 80 | Available permits: 0
May 08, 2026 3:06:27 PM arch.GeminiClient getResponse
INFO: [GeminiClient] Got response. Active calls: 79
May 08, 2026 3:06:27 PM arch.GeminiClient getResponse
INFO: [GeminiClient] Acquired semaphore. Active calls: 80
May 08, 2026 3:06:27 PM arch.GeminiClient getResponse
INFO: [GeminiClient] Got response. Active calls: 79
May 08, 2026 3:06:27 PM arch.GeminiClient getResponse
INFO: [GeminiClient] Acquired semaphore. Active calls: 80
May 08, 2026 3:06:27 PM arch.GeminiClient getResponse
INFO: [GeminiClient] Got response. Active calls: 79
May 08, 2026 3:06:27 PM arch.GeminiClient getResponse
INFO: [GeminiClient] Got response. Active calls: 78
May 08, 2026 3:06:27 PM arch.GeminiClient getResponse
INFO: [GeminiClient] Acquired semaphore. Active calls: 79
May 08, 2026 3:06:27 PM arch.GeminiClient getResponse
INFO: [GeminiClient] Acquired semaphore. Active calls: 80
May 08, 2026 3:06:27 PM arch.GeminiClient getResponse
INFO: [GeminiClient] Waiting for semaphore. In queue: 30 | Active calls: 80 | Available permits: 0
May 08, 2026 3:06:27 PM arch.GeminiClient getResponse
INFO: [GeminiClient] Waiting for semaphore. In queue: 31 | Active calls: 80 | Available permits: 0
May 08, 2026 3:06:27 PM arch.GeminiClient getResponse
INFO: [GeminiClient] Got response. Active calls: 79
May 08, 2026 3:06:27 PM arch.GeminiClient getResponse
INFO: [GeminiClient] Acquired semaphore. Active calls: 80
May 08, 2026 3:06:27 PM arch.GeminiClient getResponse
INFO: [GeminiClient] Waiting for semaphore. In queue: 31 | Active calls: 80 | Available permits: 0
May 08, 2026 3:06:27 PM arch.GeminiClient getResponse
INFO: [GeminiClient] Got response. Active calls: 79
May 08, 2026 3:06:27 PM arch.GeminiClient getResponse
INFO: [GeminiClient] Acquired semaphore. Active calls: 80
May 08, 2026 3:06:27 PM arch.GeminiClient getResponse
INFO: [GeminiClient] Got response. Active calls: 79
May 08, 2026 3:06:27 PM arch.GeminiClient getResponse
INFO: [GeminiClient] Acquired semaphore. Active calls: 80
May 08, 2026 3:06:27 PM arch.GeminiClient getResponse
INFO: [GeminiClient] Waiting for semaphore. In queue: 30 | Active calls: 80 | Available permits: 0
May 08, 2026 3:06:28 PM arch.GeminiClient getResponse
INFO: [GeminiClient] Got response. Active calls: 79
May 08, 2026 3:06:28 PM arch.GeminiClient getResponse
INFO: [GeminiClient] Acquired semaphore. Active calls: 80
May 08, 2026 3:06:28 PM arch.GeminiClient getResponse
INFO: [GeminiClient] Waiting for semaphore. In queue: 30 | Active calls: 80 | Available permits: 0
May 08, 2026 3:06:28 PM arch.GeminiClient getResponse
INFO: [GeminiClient] Waiting for semaphore. In queue: 31 | Active calls: 80 | Available permits: 0
May 08, 2026 3:06:28 PM arch.GeminiClient getResponse
INFO: [GeminiClient] Got response. Active calls: 79
May 08, 2026 3:06:28 PM arch.GeminiClient getResponse
INFO: [GeminiClient] Acquired semaphore. Active calls: 80
May 08, 2026 3:06:28 PM arch.GeminiClient getResponse
INFO: [GeminiClient] Waiting for semaphore. In queue: 31 | Active calls: 80 | Available permits: 0
May 08, 2026 3:06:28 PM arch.GeminiClient getResponse
INFO: [GeminiClient] Waiting for semaphore. In queue: 32 | Active calls: 80 | Available permits: 0
May 08, 2026 3:06:28 PM arch.GeminiClient lambda$static$1
INFO: [WATCHDOG] permits=0 activeGemini=80 waitingForSemaphore=32 executorQueueSize=0 executorActiveThreads=80
May 08, 2026 3:06:28 PM arch.GeminiClient getResponse
INFO: [GeminiClient] Got response. Active calls: 79
May 08, 2026 3:06:28 PM arch.GeminiClient getResponse
INFO: [GeminiClient] Acquired semaphore. Active calls: 80
May 08, 2026 3:06:28 PM arch.GeminiClient getResponse
INFO: [GeminiClient] Waiting for semaphore. In queue: 32 | Active calls: 80 | Available permits: 0
May 08, 2026 3:06:28 PM arch.GeminiClient getResponse
INFO: [GeminiClient] Got response. Active calls: 79
May 08, 2026 3:06:28 PM arch.GeminiClient getResponse
INFO: [GeminiClient] Acquired semaphore. Active calls: 80
May 08, 2026 3:06:28 PM arch.GeminiClient getResponse
INFO: [GeminiClient] Got response. Active calls: 79
May 08, 2026 3:06:28 PM arch.GeminiClient getResponse
INFO: [GeminiClient] Acquired semaphore. Active calls: 80
May 08, 2026 3:06:28 PM arch.GeminiClient getResponse
INFO: [GeminiClient] Waiting for semaphore. In queue: 31 | Active calls: 80 | Available permits: 0
May 08, 2026 3:06:28 PM arch.GeminiClient getResponse
INFO: [GeminiClient] Waiting for semaphore. In queue: 32 | Active calls: 80 | Available permits: 0
May 08, 2026 3:06:28 PM arch.GeminiClient getResponse
INFO: [GeminiClient] Got response. Active calls: 79
May 08, 2026 3:06:28 PM arch.GeminiClient getResponse
INFO: [GeminiClient] Acquired semaphore. Active calls: 80
May 08, 2026 3:06:28 PM arch.GeminiClient getResponse
INFO: [GeminiClient] Waiting for semaphore. In queue: 32 | Active calls: 80 | Available permits: 0
May 08, 2026 3:06:28 PM arch.GeminiClient getResponse
INFO: [GeminiClient] Waiting for semaphore. In queue: 33 | Active calls: 80 | Available permits: 0
May 08, 2026 3:06:28 PM arch.GeminiClient getResponse
INFO: [GeminiClient] Got response. Active calls: 79
May 08, 2026 3:06:28 PM arch.GeminiClient getResponse
INFO: [GeminiClient] Acquired semaphore. Active calls: 80
May 08, 2026 3:06:28 PM arch.GeminiClient getResponse
INFO: [GeminiClient] Waiting for semaphore. In queue: 33 | Active calls: 80 | Available permits: 0
May 08, 2026 3:06:28 PM arch.GeminiClient getResponse
INFO: [GeminiClient] Got response. Active calls: 79
May 08, 2026 3:06:28 PM arch.GeminiClient getResponse
INFO: [GeminiClient] Acquired semaphore. Active calls: 80
May 08, 2026 3:06:28 PM arch.GeminiClient getResponse
INFO: [GeminiClient] Waiting for semaphore. In queue: 33 | Active calls: 80 | Available permits: 0
May 08, 2026 3:06:28 PM arch.GeminiClient getResponse
INFO: [GeminiClient] Got response. Active calls: 79
May 08, 2026 3:06:28 PM arch.GeminiClient getResponse
INFO: [GeminiClient] Acquired semaphore. Active calls: 80
May 08, 2026 3:06:28 PM arch.GeminiClient getResponse
INFO: [GeminiClient] Got response. Active calls: 79
May 08, 2026 3:06:28 PM arch.GeminiClient getResponse
INFO: [GeminiClient] Acquired semaphore. Active calls: 80
May 08, 2026 3:06:29 PM arch.GeminiClient getResponse
INFO: [GeminiClient] Waiting for semaphore. In queue: 32 | Active calls: 80 | Available permits: 0
May 08, 2026 3:06:29 PM arch.GeminiClient getResponse
INFO: [GeminiClient] Got response. Active calls: 79
May 08, 2026 3:06:29 PM arch.GeminiClient getResponse
INFO: [GeminiClient] Acquired semaphore. Active calls: 80
May 08, 2026 3:06:29 PM arch.GeminiClient getResponse
INFO: [GeminiClient] Waiting for semaphore. In queue: 32 | Active calls: 80 | Available permits: 0
May 08, 2026 3:06:29 PM arch.GeminiClient getResponse
INFO: [GeminiClient] Waiting for semaphore. In queue: 33 | Active calls: 80 | Available permits: 0
May 08, 2026 3:06:29 PM arch.GeminiClient getResponse
INFO: [GeminiClient] Waiting for semaphore. In queue: 34 | Active calls: 80 | Available permits: 0
May 08, 2026 3:06:29 PM arch.GeminiClient getResponse
INFO: [GeminiClient] Got response. Active calls: 79
May 08, 2026 3:06:29 PM arch.GeminiClient getResponse
INFO: [GeminiClient] Acquired semaphore. Active calls: 80
May 08, 2026 3:06:29 PM arch.GeminiClient getResponse
INFO: [GeminiClient] Waiting for semaphore. In queue: 34 | Active calls: 80 | Available permits: 0
May 08, 2026 3:06:29 PM arch.GeminiClient getResponse
INFO: [GeminiClient] Waiting for semaphore. In queue: 35 | Active calls: 80 | Available permits: 0
May 08, 2026 3:06:29 PM arch.GeminiClient getResponse
INFO: [GeminiClient] Waiting for semaphore. In queue: 36 | Active calls: 80 | Available permits: 0
May 08, 2026 3:06:29 PM arch.GeminiClient getResponse
INFO: [GeminiClient] Got response. Active calls: 79
May 08, 2026 3:06:29 PM arch.GeminiClient getResponse
INFO: [GeminiClient] Acquired semaphore. Active calls: 80
May 08, 2026 3:06:29 PM arch.GeminiClient getResponse
INFO: [GeminiClient] Waiting for semaphore. In queue: 37 | Active calls: 80 | Available permits: 0
May 08, 2026 3:06:29 PM arch.GeminiClient getResponse
INFO: [GeminiClient] Waiting for semaphore. In queue: 37 | Active calls: 80 | Available permits: 0
May 08, 2026 3:06:29 PM arch.GeminiClient getResponse
INFO: [GeminiClient] Waiting for semaphore. In queue: 38 | Active calls: 80 | Available permits: 0
May 08, 2026 3:06:29 PM arch.GeminiClient getResponse
INFO: [GeminiClient] Waiting for semaphore. In queue: 39 | Active calls: 80 | Available permits: 0
May 08, 2026 3:06:29 PM arch.GeminiClient getResponse
INFO: [GeminiClient] Waiting for semaphore. In queue: 41 | Active calls: 80 | Available permits: 0
May 08, 2026 3:06:29 PM arch.GeminiClient getResponse
INFO: [GeminiClient] Waiting for semaphore. In queue: 40 | Active calls: 80 | Available permits: 0
May 08, 2026 3:06:29 PM arch.GeminiClient getResponse
INFO: [GeminiClient] Waiting for semaphore. In queue: 42 | Active calls: 80 | Available permits: 0
May 08, 2026 3:06:29 PM arch.GeminiClient getResponse
INFO: [GeminiClient] Waiting for semaphore. In queue: 43 | Active calls: 80 | Available permits: 0
May 08, 2026 3:06:29 PM arch.GeminiClient getResponse
INFO: [GeminiClient] Got response. Active calls: 79
May 08, 2026 3:06:29 PM arch.GeminiClient getResponse
INFO: [GeminiClient] Acquired semaphore. Active calls: 80
May 08, 2026 3:06:29 PM arch.GeminiClient getResponse
INFO: [GeminiClient] Got response. Active calls: 79
May 08, 2026 3:06:29 PM arch.GeminiClient getResponse
INFO: [GeminiClient] Acquired semaphore. Active calls: 80
May 08, 2026 3:06:29 PM arch.GeminiClient getResponse
INFO: [GeminiClient] Waiting for semaphore. In queue: 42 | Active calls: 80 | Available permits: 0
May 08, 2026 3:06:29 PM arch.GeminiClient getResponse
INFO: [GeminiClient] Waiting for semaphore. In queue: 43 | Active calls: 80 | Available permits: 0
May 08, 2026 3:06:29 PM arch.GeminiClient getResponse
INFO: [GeminiClient] Got response. Active calls: 79
May 08, 2026 3:06:29 PM arch.GeminiClient getResponse
INFO: [GeminiClient] Acquired semaphore. Active calls: 80
May 08, 2026 3:06:29 PM arch.GeminiClient getResponse
INFO: [GeminiClient] Waiting for semaphore. In queue: 43 | Active calls: 80 | Available permits: 0
May 08, 2026 3:06:30 PM arch.GeminiClient getResponse
INFO: [GeminiClient] Got response. Active calls: 79
May 08, 2026 3:06:30 PM arch.GeminiClient getResponse
INFO: [GeminiClient] Acquired semaphore. Active calls: 80
May 08, 2026 3:06:30 PM arch.GeminiClient getResponse
INFO: [GeminiClient] Waiting for semaphore. In queue: 43 | Active calls: 80 | Available permits: 0
May 08, 2026 3:06:30 PM arch.GeminiClient getResponse
INFO: [GeminiClient] Got response. Active calls: 79
May 08, 2026 3:06:30 PM arch.GeminiClient getResponse
INFO: [GeminiClient] Got response. Active calls: 78
May 08, 2026 3:06:30 PM arch.GeminiClient getResponse
INFO: [GeminiClient] Acquired semaphore. Active calls: 79
May 08, 2026 3:06:30 PM arch.GeminiClient getResponse
INFO: [GeminiClient] Acquired semaphore. Active calls: 80
May 08, 2026 3:06:30 PM arch.GeminiClient getResponse
INFO: [GeminiClient] Got response. Active calls: 79
May 08, 2026 3:06:30 PM arch.GeminiClient getResponse
INFO: [GeminiClient] Acquired semaphore. Active calls: 80
May 08, 2026 3:06:30 PM arch.GeminiClient getResponse
INFO: [GeminiClient] Waiting for semaphore. In queue: 41 | Active calls: 80 | Available permits: 0
May 08, 2026 3:06:30 PM arch.GeminiClient getResponse
INFO: [GeminiClient] Waiting for semaphore. In queue: 42 | Active calls: 80 | Available permits: 0
May 08, 2026 3:06:30 PM arch.GeminiClient getResponse
INFO: [GeminiClient] Waiting for semaphore. In queue: 43 | Active calls: 80 | Available permits: 0
May 08, 2026 3:06:30 PM arch.GeminiClient getResponse
INFO: [GeminiClient] Got response. Active calls: 79
May 08, 2026 3:06:30 PM arch.GeminiClient getResponse
INFO: [GeminiClient] Acquired semaphore. Active calls: 80
May 08, 2026 3:06:30 PM arch.GeminiClient getResponse
INFO: [GeminiClient] Waiting for semaphore. In queue: 43 | Active calls: 80 | Available permits: 0
May 08, 2026 3:06:31 PM arch.GeminiClient getResponse
INFO: [GeminiClient] Got response. Active calls: 79
May 08, 2026 3:06:31 PM arch.GeminiClient getResponse
INFO: [GeminiClient] Acquired semaphore. Active calls: 80
May 08, 2026 3:06:31 PM arch.GeminiClient getResponse
INFO: [GeminiClient] Got response. Active calls: 79
May 08, 2026 3:06:31 PM arch.GeminiClient getResponse
INFO: [GeminiClient] Acquired semaphore. Active calls: 80
May 08, 2026 3:06:31 PM arch.GeminiClient getResponse
INFO: [GeminiClient] Waiting for semaphore. In queue: 42 | Active calls: 80 | Available permits: 0
May 08, 2026 3:06:31 PM arch.GeminiClient getResponse
INFO: [GeminiClient] Waiting for semaphore. In queue: 43 | Active calls: 80 | Available permits: 0
May 08, 2026 3:06:31 PM arch.GeminiClient getResponse
INFO: [GeminiClient] Waiting for semaphore. In queue: 44 | Active calls: 80 | Available permits: 0
May 08, 2026 3:06:31 PM arch.GeminiClient getResponse
INFO: [GeminiClient] Got response. Active calls: 79
May 08, 2026 3:06:31 PM arch.GeminiClient getResponse
INFO: [GeminiClient] Got response. Active calls: 78
May 08, 2026 3:06:31 PM arch.GeminiClient getResponse
INFO: [GeminiClient] Acquired semaphore. Active calls: 80
May 08, 2026 3:06:31 PM arch.GeminiClient getResponse
INFO: [GeminiClient] Acquired semaphore. Active calls: 79
May 08, 2026 3:06:31 PM arch.GeminiClient getResponse
INFO: [GeminiClient] Waiting for semaphore. In queue: 43 | Active calls: 80 | Available permits: 0
May 08, 2026 3:06:31 PM arch.GeminiClient getResponse
INFO: [GeminiClient] Got response. Active calls: 79
May 08, 2026 3:06:31 PM arch.GeminiClient getResponse
INFO: [GeminiClient] Acquired semaphore. Active calls: 80
May 08, 2026 3:06:31 PM arch.GeminiClient getResponse
INFO: [GeminiClient] Waiting for semaphore. In queue: 43 | Active calls: 80 | Available permits: 0
May 08, 2026 3:06:31 PM arch.GeminiClient getResponse
INFO: [GeminiClient] Waiting for semaphore. In queue: 44 | Active calls: 80 | Available permits: 0
May 08, 2026 3:06:31 PM arch.GeminiClient getResponse
INFO: [GeminiClient] Waiting for semaphore. In queue: 45 | Active calls: 80 | Available permits: 0
May 08, 2026 3:06:31 PM arch.GeminiClient getResponse
INFO: [GeminiClient] Got response. Active calls: 79
May 08, 2026 3:06:31 PM arch.GeminiClient getResponse
INFO: [GeminiClient] Acquired semaphore. Active calls: 80
May 08, 2026 3:06:31 PM arch.GeminiClient getResponse
INFO: [GeminiClient] Got response. Active calls: 79
May 08, 2026 3:06:31 PM arch.GeminiClient getResponse
INFO: [GeminiClient] Acquired semaphore. Active calls: 80
May 08, 2026 3:06:31 PM arch.GeminiClient getResponse
INFO: [GeminiClient] Waiting for semaphore. In queue: 44 | Active calls: 80 | Available permits: 0
May 08, 2026 3:06:31 PM arch.GeminiClient getResponse
INFO: [GeminiClient] Waiting for semaphore. In queue: 45 | Active calls: 80 | Available permits: 0
May 08, 2026 3:06:31 PM arch.GeminiClient getResponse
INFO: [GeminiClient] Got response. Active calls: 79
May 08, 2026 3:06:31 PM arch.GeminiClient getResponse
INFO: [GeminiClient] Acquired semaphore. Active calls: 80
May 08, 2026 3:06:31 PM arch.GeminiClient getResponse
INFO: [GeminiClient] Waiting for semaphore. In queue: 45 | Active calls: 80 | Available permits: 0
May 08, 2026 3:06:31 PM arch.GeminiClient getResponse
INFO: [GeminiClient] Got response. Active calls: 79
May 08, 2026 3:06:31 PM arch.GeminiClient getResponse
INFO: [GeminiClient] Acquired semaphore. Active calls: 80
May 08, 2026 3:06:31 PM arch.GeminiClient getResponse
INFO: [GeminiClient] Got response. Active calls: 79
May 08, 2026 3:06:31 PM arch.GeminiClient getResponse
INFO: [GeminiClient] Got response. Active calls: 78
May 08, 2026 3:06:31 PM arch.GeminiClient getResponse
INFO: [GeminiClient] Acquired semaphore. Active calls: 79
May 08, 2026 3:06:31 PM arch.GeminiClient getResponse
INFO: [GeminiClient] Acquired semaphore. Active calls: 80
May 08, 2026 3:06:31 PM arch.GeminiClient getResponse
INFO: [GeminiClient] Waiting for semaphore. In queue: 43 | Active calls: 80 | Available permits: 0
May 08, 2026 3:06:31 PM arch.GeminiClient getResponse
INFO: [GeminiClient] Got response. Active calls: 79
May 08, 2026 3:06:31 PM arch.GeminiClient getResponse
INFO: [GeminiClient] Acquired semaphore. Active calls: 80
May 08, 2026 3:06:31 PM arch.GeminiClient getResponse
INFO: [GeminiClient] Waiting for semaphore. In queue: 43 | Active calls: 80 | Available permits: 0
May 08, 2026 3:06:32 PM arch.GeminiClient getResponse
INFO: [GeminiClient] Got response. Active calls: 79
May 08, 2026 3:06:32 PM arch.GeminiClient getResponse
INFO: [GeminiClient] Acquired semaphore. Active calls: 80
May 08, 2026 3:06:32 PM arch.GeminiClient getResponse
INFO: [GeminiClient] Waiting for semaphore. In queue: 43 | Active calls: 80 | Available permits: 0
May 08, 2026 3:06:32 PM arch.GeminiClient getResponse
INFO: [GeminiClient] Got response. Active calls: 79
May 08, 2026 3:06:32 PM arch.GeminiClient getResponse
INFO: [GeminiClient] Acquired semaphore. Active calls: 80
May 08, 2026 3:06:32 PM arch.GeminiClient getResponse
INFO: [GeminiClient] Waiting for semaphore. In queue: 43 | Active calls: 80 | Available permits: 0
May 08, 2026 3:06:32 PM arch.GeminiClient getResponse
INFO: [GeminiClient] Got response. Active calls: 79
May 08, 2026 3:06:32 PM arch.GeminiClient getResponse
INFO: [GeminiClient] Acquired semaphore. Active calls: 80
May 08, 2026 3:06:32 PM arch.GeminiClient getResponse
INFO: [GeminiClient] Waiting for semaphore. In queue: 43 | Active calls: 80 | Available permits: 0
May 08, 2026 3:06:32 PM arch.GeminiClient getResponse
INFO: [GeminiClient] Got response. Active calls: 79
May 08, 2026 3:06:32 PM arch.GeminiClient getResponse
INFO: [GeminiClient] Acquired semaphore. Active calls: 80
May 08, 2026 3:06:32 PM arch.GeminiClient getResponse
INFO: [GeminiClient] Waiting for semaphore. In queue: 43 | Active calls: 80 | Available permits: 0
May 08, 2026 3:06:32 PM arch.GeminiClient getResponse
INFO: [GeminiClient] Waiting for semaphore. In queue: 44 | Active calls: 80 | Available permits: 0
May 08, 2026 3:06:32 PM arch.GeminiClient getResponse
INFO: [GeminiClient] Waiting for semaphore. In queue: 45 | Active calls: 80 | Available permits: 0
May 08, 2026 3:06:32 PM arch.GeminiClient getResponse
INFO: [GeminiClient] Waiting for semaphore. In queue: 46 | Active calls: 80 | Available permits: 0
May 08, 2026 3:06:32 PM arch.GeminiClient getResponse
INFO: [GeminiClient] Got response. Active calls: 79
May 08, 2026 3:06:32 PM arch.GeminiClient getResponse
INFO: [GeminiClient] Acquired semaphore. Active calls: 80
May 08, 2026 3:06:32 PM arch.GeminiClient getResponse
INFO: [GeminiClient] Waiting for semaphore. In queue: 46 | Active calls: 80 | Available permits: 0
May 08, 2026 3:06:32 PM arch.GeminiClient getResponse
INFO: [GeminiClient] Got response. Active calls: 79
May 08, 2026 3:06:32 PM arch.GeminiClient getResponse
INFO: [GeminiClient] Acquired semaphore. Active calls: 80
May 08, 2026 3:06:32 PM arch.GeminiClient getResponse
INFO: [GeminiClient] Waiting for semaphore. In queue: 46 | Active calls: 80 | Available permits: 0
May 08, 2026 3:06:32 PM arch.GeminiClient getResponse
INFO: [GeminiClient] Got response. Active calls: 79
May 08, 2026 3:06:32 PM arch.GeminiClient getResponse
INFO: [GeminiClient] Acquired semaphore. Active calls: 80
May 08, 2026 3:06:32 PM arch.GeminiClient getResponse
INFO: [GeminiClient] Waiting for semaphore. In queue: 46 | Active calls: 80 | Available permits: 0
May 08, 2026 3:06:32 PM arch.GeminiClient getResponse
INFO: [GeminiClient] Waiting for semaphore. In queue: 47 | Active calls: 80 | Available permits: 0
May 08, 2026 3:06:32 PM arch.GeminiClient getResponse
INFO: [GeminiClient] Waiting for semaphore. In queue: 48 | Active calls: 80 | Available permits: 0
May 08, 2026 3:06:32 PM arch.GeminiClient getResponse
INFO: [GeminiClient] Waiting for semaphore. In queue: 49 | Active calls: 80 | Available permits: 0
May 08, 2026 3:06:32 PM arch.GeminiClient getResponse
INFO: [GeminiClient] Waiting for semaphore. In queue: 50 | Active calls: 80 | Available permits: 0
May 08, 2026 3:06:32 PM arch.GeminiClient getResponse
INFO: [GeminiClient] Waiting for semaphore. In queue: 51 | Active calls: 80 | Available permits: 0
May 08, 2026 3:06:33 PM arch.GeminiClient getResponse
INFO: [GeminiClient] Got response. Active calls: 79
May 08, 2026 3:06:33 PM arch.GeminiClient getResponse
INFO: [GeminiClient] Acquired semaphore. Active calls: 80
May 08, 2026 3:06:33 PM arch.GeminiClient getResponse
INFO: [GeminiClient] Waiting for semaphore. In queue: 51 | Active calls: 80 | Available permits: 0
May 08, 2026 3:06:33 PM arch.GeminiClient getResponse
INFO: [GeminiClient] Waiting for semaphore. In queue: 52 | Active calls: 80 | Available permits: 0
May 08, 2026 3:06:33 PM arch.GeminiClient getResponse
INFO: [GeminiClient] Got response. Active calls: 79
May 08, 2026 3:06:33 PM arch.GeminiClient getResponse
INFO: [GeminiClient] Acquired semaphore. Active calls: 80
May 08, 2026 3:06:33 PM arch.GeminiClient getResponse
INFO: [GeminiClient] Waiting for semaphore. In queue: 52 | Active calls: 80 | Available permits: 0
May 08, 2026 3:06:33 PM arch.GeminiClient getResponse
INFO: [GeminiClient] Got response. Active calls: 79
May 08, 2026 3:06:33 PM arch.GeminiClient getResponse
INFO: [GeminiClient] Acquired semaphore. Active calls: 80
May 08, 2026 3:06:33 PM arch.GeminiClient getResponse
INFO: [GeminiClient] Waiting for semaphore. In queue: 52 | Active calls: 80 | Available permits: 0
May 08, 2026 3:06:33 PM arch.GeminiClient getResponse
INFO: [GeminiClient] Got response. Active calls: 79
May 08, 2026 3:06:33 PM arch.GeminiClient getResponse
INFO: [GeminiClient] Acquired semaphore. Active calls: 80
May 08, 2026 3:06:33 PM arch.GeminiClient getResponse
INFO: [GeminiClient] Waiting for semaphore. In queue: 52 | Active calls: 80 | Available permits: 0
May 08, 2026 3:06:33 PM arch.GeminiClient getResponse
INFO: [GeminiClient] Got response. Active calls: 79
May 08, 2026 3:06:33 PM arch.GeminiClient getResponse
INFO: [GeminiClient] Acquired semaphore. Active calls: 80
May 08, 2026 3:06:33 PM arch.GeminiClient getResponse
INFO: [GeminiClient] Waiting for semaphore. In queue: 52 | Active calls: 80 | Available permits: 0
May 08, 2026 3:06:33 PM arch.GeminiClient getResponse
INFO: [GeminiClient] Waiting for semaphore. In queue: 53 | Active calls: 80 | Available permits: 0
May 08, 2026 3:06:33 PM arch.GeminiClient getResponse
INFO: [GeminiClient] Got response. Active calls: 79
May 08, 2026 3:06:33 PM arch.GeminiClient getResponse
INFO: [GeminiClient] Acquired semaphore. Active calls: 80
May 08, 2026 3:06:33 PM arch.GeminiClient getResponse
INFO: [GeminiClient] Waiting for semaphore. In queue: 53 | Active calls: 80 | Available permits: 0
May 08, 2026 3:06:33 PM arch.GeminiClient getResponse
INFO: [GeminiClient] Got response. Active calls: 79
May 08, 2026 3:06:33 PM arch.GeminiClient getResponse
INFO: [GeminiClient] Acquired semaphore. Active calls: 80
May 08, 2026 3:06:33 PM arch.GeminiClient getResponse
INFO: [GeminiClient] Waiting for semaphore. In queue: 53 | Active calls: 80 | Available permits: 0
May 08, 2026 3:06:33 PM arch.GeminiClient getResponse
INFO: [GeminiClient] Got response. Active calls: 79
May 08, 2026 3:06:33 PM arch.GeminiClient getResponse
INFO: [GeminiClient] Acquired semaphore. Active calls: 80
May 08, 2026 3:06:33 PM arch.GeminiClient getResponse
INFO: [GeminiClient] Waiting for semaphore. In queue: 53 | Active calls: 80 | Available permits: 0
May 08, 2026 3:06:33 PM arch.GeminiClient getResponse
INFO: [GeminiClient] Got response. Active calls: 79
May 08, 2026 3:06:33 PM arch.GeminiClient getResponse
INFO: [GeminiClient] Acquired semaphore. Active calls: 80
May 08, 2026 3:06:33 PM arch.GeminiClient getResponse
INFO: [GeminiClient] Waiting for semaphore. In queue: 53 | Active calls: 80 | Available permits: 0
May 08, 2026 3:06:33 PM arch.GeminiClient getResponse
INFO: [GeminiClient] Got response. Active calls: 79
May 08, 2026 3:06:33 PM arch.GeminiClient getResponse
INFO: [GeminiClient] Acquired semaphore. Active calls: 80
May 08, 2026 3:06:33 PM arch.GeminiClient getResponse
INFO: [GeminiClient] Waiting for semaphore. In queue: 53 | Active calls: 80 | Available permits: 0
May 08, 2026 3:06:34 PM arch.GeminiClient getResponse
INFO: [GeminiClient] Got response. Active calls: 79
May 08, 2026 3:06:34 PM arch.GeminiClient getResponse
INFO: [GeminiClient] Acquired semaphore. Active calls: 80
May 08, 2026 3:06:34 PM arch.GeminiClient getResponse
INFO: [GeminiClient] Waiting for semaphore. In queue: 53 | Active calls: 80 | Available permits: 0
May 08, 2026 3:06:34 PM arch.GeminiClient getResponse
INFO: [GeminiClient] Got response. Active calls: 79
May 08, 2026 3:06:34 PM arch.GeminiClient getResponse
INFO: [GeminiClient] Acquired semaphore. Active calls: 80
May 08, 2026 3:06:34 PM arch.GeminiClient getResponse
INFO: [GeminiClient] Waiting for semaphore. In queue: 53 | Active calls: 80 | Available permits: 0
May 08, 2026 3:06:34 PM arch.GeminiClient getResponse
INFO: [GeminiClient] Waiting for semaphore. In queue: 54 | Active calls: 80 | Available permits: 0
May 08, 2026 3:06:34 PM arch.GeminiClient getResponse
INFO: [GeminiClient] Got response. Active calls: 79
May 08, 2026 3:06:34 PM arch.GeminiClient getResponse
INFO: [GeminiClient] Acquired semaphore. Active calls: 80
May 08, 2026 3:06:34 PM arch.GeminiClient getResponse
INFO: [GeminiClient] Waiting for semaphore. In queue: 54 | Active calls: 80 | Available permits: 0
May 08, 2026 3:06:34 PM arch.GeminiClient getResponse
INFO: [GeminiClient] Got response. Active calls: 79
May 08, 2026 3:06:34 PM arch.GeminiClient getResponse
INFO: [GeminiClient] Acquired semaphore. Active calls: 80
May 08, 2026 3:06:34 PM arch.GeminiClient getResponse
INFO: [GeminiClient] Got response. Active calls: 79
May 08, 2026 3:06:34 PM arch.GeminiClient getResponse
INFO: [GeminiClient] Acquired semaphore. Active calls: 80
May 08, 2026 3:06:34 PM arch.GeminiClient getResponse
INFO: [GeminiClient] Waiting for semaphore. In queue: 53 | Active calls: 80 | Available permits: 0
May 08, 2026 3:06:34 PM arch.GeminiClient getResponse
INFO: [GeminiClient] Waiting for semaphore. In queue: 54 | Active calls: 80 | Available permits: 0
May 08, 2026 3:06:34 PM arch.GeminiClient getResponse
INFO: [GeminiClient] Waiting for semaphore. In queue: 55 | Active calls: 80 | Available permits: 0
May 08, 2026 3:06:34 PM arch.GeminiClient getResponse
INFO: [GeminiClient] Waiting for semaphore. In queue: 56 | Active calls: 80 | Available permits: 0
May 08, 2026 3:06:34 PM arch.GeminiClient getResponse
INFO: [GeminiClient] Waiting for semaphore. In queue: 57 | Active calls: 80 | Available permits: 0
May 08, 2026 3:06:34 PM arch.GeminiClient getResponse
INFO: [GeminiClient] Got response. Active calls: 79
May 08, 2026 3:06:34 PM arch.GeminiClient getResponse
INFO: [GeminiClient] Acquired semaphore. Active calls: 80
May 08, 2026 3:06:34 PM arch.GeminiClient getResponse
INFO: [GeminiClient] Waiting for semaphore. In queue: 57 | Active calls: 80 | Available permits: 0
May 08, 2026 3:06:34 PM arch.GeminiClient getResponse
INFO: [GeminiClient] Got response. Active calls: 79
May 08, 2026 3:06:34 PM arch.GeminiClient getResponse
INFO: [GeminiClient] Acquired semaphore. Active calls: 80
May 08, 2026 3:06:34 PM arch.GeminiClient getResponse
INFO: [GeminiClient] Waiting for semaphore. In queue: 57 | Active calls: 80 | Available permits: 0
May 08, 2026 3:06:35 PM arch.GeminiClient getResponse
INFO: [GeminiClient] Got response. Active calls: 79
May 08, 2026 3:06:35 PM arch.GeminiClient getResponse
INFO: [GeminiClient] Acquired semaphore. Active calls: 80
May 08, 2026 3:06:35 PM arch.GeminiClient getResponse
INFO: [GeminiClient] Waiting for semaphore. In queue: 57 | Active calls: 80 | Available permits: 0
May 08, 2026 3:06:35 PM arch.GeminiClient getResponse
INFO: [GeminiClient] Got response. Active calls: 79
May 08, 2026 3:06:35 PM arch.GeminiClient getResponse
INFO: [GeminiClient] Got response. Active calls: 78
May 08, 2026 3:06:35 PM arch.GeminiClient getResponse
INFO: [GeminiClient] Acquired semaphore. Active calls: 79
May 08, 2026 3:06:35 PM arch.GeminiClient getResponse
INFO: [GeminiClient] Acquired semaphore. Active calls: 80
May 08, 2026 3:06:35 PM arch.GeminiClient getResponse
INFO: [GeminiClient] Waiting for semaphore. In queue: 56 | Active calls: 80 | Available permits: 0
May 08, 2026 3:06:35 PM arch.GeminiClient getResponse
INFO: [GeminiClient] Waiting for semaphore. In queue: 57 | Active calls: 80 | Available permits: 0
May 08, 2026 3:06:35 PM arch.GeminiClient getResponse
INFO: [GeminiClient] Got response. Active calls: 79
May 08, 2026 3:06:35 PM arch.GeminiClient getResponse
INFO: [GeminiClient] Acquired semaphore. Active calls: 80
May 08, 2026 3:06:35 PM arch.GeminiClient getResponse
INFO: [GeminiClient] Waiting for semaphore. In queue: 57 | Active calls: 80 | Available permits: 0
May 08, 2026 3:06:35 PM arch.GeminiClient getResponse
INFO: [GeminiClient] Got response. Active calls: 79
May 08, 2026 3:06:35 PM arch.GeminiClient getResponse
INFO: [GeminiClient] Acquired semaphore. Active calls: 80
May 08, 2026 3:06:35 PM arch.GeminiClient getResponse
INFO: [GeminiClient] Waiting for semaphore. In queue: 57 | Active calls: 80 | Available permits: 0
May 08, 2026 3:06:35 PM arch.GeminiClient getResponse
INFO: [GeminiClient] Waiting for semaphore. In queue: 58 | Active calls: 80 | Available permits: 0
May 08, 2026 3:06:35 PM arch.GeminiClient getResponse
INFO: [GeminiClient] Got response. Active calls: 79
May 08, 2026 3:06:35 PM arch.GeminiClient getResponse
INFO: [GeminiClient] Acquired semaphore. Active calls: 80
May 08, 2026 3:06:35 PM arch.GeminiClient getResponse
INFO: [GeminiClient] Got response. Active calls: 79
May 08, 2026 3:06:35 PM arch.GeminiClient getResponse
INFO: [GeminiClient] Acquired semaphore. Active calls: 80
May 08, 2026 3:06:35 PM arch.GeminiClient getResponse
INFO: [GeminiClient] Waiting for semaphore. In queue: 57 | Active calls: 80 | Available permits: 0
May 08, 2026 3:06:35 PM arch.GeminiClient getResponse
INFO: [GeminiClient] Waiting for semaphore. In queue: 58 | Active calls: 80 | Available permits: 0
May 08, 2026 3:06:35 PM arch.GeminiClient getResponse
INFO: [GeminiClient] Got response. Active calls: 79
May 08, 2026 3:06:35 PM arch.GeminiClient getResponse
INFO: [GeminiClient] Acquired semaphore. Active calls: 80
May 08, 2026 3:06:35 PM arch.GeminiClient getResponse
INFO: [GeminiClient] Waiting for semaphore. In queue: 58 | Active calls: 80 | Available permits: 0
May 08, 2026 3:06:35 PM arch.GeminiClient getResponse
INFO: [GeminiClient] Got response. Active calls: 79
May 08, 2026 3:06:35 PM arch.GeminiClient getResponse
INFO: [GeminiClient] Got response. Active calls: 78
May 08, 2026 3:06:35 PM arch.GeminiClient getResponse
INFO: [GeminiClient] Acquired semaphore. Active calls: 79
May 08, 2026 3:06:35 PM arch.GeminiClient getResponse
INFO: [GeminiClient] Acquired semaphore. Active calls: 80
May 08, 2026 3:06:35 PM arch.GeminiClient getResponse
INFO: [GeminiClient] Waiting for semaphore. In queue: 57 | Active calls: 80 | Available permits: 0
May 08, 2026 3:06:35 PM arch.GeminiClient getResponse
INFO: [GeminiClient] Got response. Active calls: 79
May 08, 2026 3:06:35 PM arch.GeminiClient getResponse
INFO: [GeminiClient] Acquired semaphore. Active calls: 80
May 08, 2026 3:06:35 PM arch.GeminiClient getResponse
INFO: [GeminiClient] Waiting for semaphore. In queue: 57 | Active calls: 80 | Available permits: 0
May 08, 2026 3:06:35 PM arch.GeminiClient getResponse
INFO: [GeminiClient] Waiting for semaphore. In queue: 58 | Active calls: 80 | Available permits: 0
May 08, 2026 3:06:35 PM arch.GeminiClient getResponse
INFO: [GeminiClient] Waiting for semaphore. In queue: 59 | Active calls: 80 | Available permits: 0
May 08, 2026 3:06:36 PM arch.GeminiClient getResponse
INFO: [GeminiClient] Got response. Active calls: 79
May 08, 2026 3:06:36 PM arch.GeminiClient getResponse
INFO: [GeminiClient] Got response. Active calls: 78
May 08, 2026 3:06:36 PM arch.GeminiClient getResponse
INFO: [GeminiClient] Acquired semaphore. Active calls: 80
May 08, 2026 3:06:36 PM arch.GeminiClient getResponse
INFO: [GeminiClient] Acquired semaphore. Active calls: 79
May 08, 2026 3:06:36 PM arch.GeminiClient getResponse
INFO: [GeminiClient] Waiting for semaphore. In queue: 58 | Active calls: 80 | Available permits: 0
May 08, 2026 3:06:36 PM arch.GeminiClient getResponse
INFO: [GeminiClient] Got response. Active calls: 79
May 08, 2026 3:06:36 PM arch.GeminiClient getResponse
INFO: [GeminiClient] Acquired semaphore. Active calls: 80
May 08, 2026 3:06:36 PM arch.GeminiClient getResponse
INFO: [GeminiClient] Waiting for semaphore. In queue: 58 | Active calls: 80 | Available permits: 0
May 08, 2026 3:06:36 PM arch.GeminiClient getResponse
INFO: [GeminiClient] Got response. Active calls: 79
May 08, 2026 3:06:36 PM arch.GeminiClient getResponse
INFO: [GeminiClient] Acquired semaphore. Active calls: 80
May 08, 2026 3:06:36 PM arch.GeminiClient getResponse
INFO: [GeminiClient] Waiting for semaphore. In queue: 58 | Active calls: 80 | Available permits: 0
May 08, 2026 3:06:36 PM arch.GeminiClient getResponse
INFO: [GeminiClient] Got response. Active calls: 79
May 08, 2026 3:06:36 PM arch.GeminiClient getResponse
INFO: [GeminiClient] Acquired semaphore. Active calls: 80
May 08, 2026 3:06:36 PM arch.GeminiClient getResponse
INFO: [GeminiClient] Waiting for semaphore. In queue: 58 | Active calls: 80 | Available permits: 0
May 08, 2026 3:06:36 PM arch.GeminiClient getResponse
INFO: [GeminiClient] Waiting for semaphore. In queue: 59 | Active calls: 80 | Available permits: 0
May 08, 2026 3:06:36 PM arch.GeminiClient getResponse
INFO: [GeminiClient] Got response. Active calls: 79
May 08, 2026 3:06:36 PM arch.GeminiClient getResponse
INFO: [GeminiClient] Acquired semaphore. Active calls: 80
May 08, 2026 3:06:36 PM arch.GeminiClient getResponse
INFO: [GeminiClient] Waiting for semaphore. In queue: 59 | Active calls: 80 | Available permits: 0
May 08, 2026 3:06:36 PM arch.GeminiClient getResponse
INFO: [GeminiClient] Got response. Active calls: 79
May 08, 2026 3:06:36 PM arch.GeminiClient getResponse
INFO: [GeminiClient] Acquired semaphore. Active calls: 80
May 08, 2026 3:06:36 PM arch.GeminiClient getResponse
INFO: [GeminiClient] Waiting for semaphore. In queue: 59 | Active calls: 80 | Available permits: 0
May 08, 2026 3:06:36 PM arch.GeminiClient getResponse
INFO: [GeminiClient] Got response. Active calls: 79
May 08, 2026 3:06:36 PM arch.GeminiClient getResponse
INFO: [GeminiClient] Got response. Active calls: 78
May 08, 2026 3:06:36 PM arch.GeminiClient getResponse
INFO: [GeminiClient] Acquired semaphore. Active calls: 79
May 08, 2026 3:06:36 PM arch.GeminiClient getResponse
INFO: [GeminiClient] Acquired semaphore. Active calls: 80
May 08, 2026 3:06:36 PM arch.GeminiClient getResponse
INFO: [GeminiClient] Got response. Active calls: 79
May 08, 2026 3:06:36 PM arch.GeminiClient getResponse
INFO: [GeminiClient] Acquired semaphore. Active calls: 80
May 08, 2026 3:06:36 PM arch.GeminiClient getResponse
INFO: [GeminiClient] Waiting for semaphore. In queue: 57 | Active calls: 80 | Available permits: 0
May 08, 2026 3:06:36 PM arch.GeminiClient getResponse
INFO: [GeminiClient] Waiting for semaphore. In queue: 58 | Active calls: 80 | Available permits: 0
May 08, 2026 3:06:36 PM arch.GeminiClient getResponse
INFO: [GeminiClient] Waiting for semaphore. In queue: 59 | Active calls: 80 | Available permits: 0
May 08, 2026 3:06:36 PM arch.GeminiClient getResponse
INFO: [GeminiClient] Got response. Active calls: 79
May 08, 2026 3:06:36 PM arch.GeminiClient getResponse
INFO: [GeminiClient] Acquired semaphore. Active calls: 80
May 08, 2026 3:06:36 PM arch.GeminiClient getResponse
INFO: [GeminiClient] Waiting for semaphore. In queue: 59 | Active calls: 80 | Available permits: 0
May 08, 2026 3:06:37 PM arch.GeminiClient getResponse
INFO: [GeminiClient] Got response. Active calls: 79
May 08, 2026 3:06:37 PM arch.GeminiClient getResponse
INFO: [GeminiClient] Acquired semaphore. Active calls: 80
May 08, 2026 3:06:37 PM arch.GeminiClient getResponse
INFO: [GeminiClient] Got response. Active calls: 79
May 08, 2026 3:06:37 PM arch.GeminiClient getResponse
INFO: [GeminiClient] Acquired semaphore. Active calls: 80
May 08, 2026 3:06:37 PM arch.GeminiClient getResponse
INFO: [GeminiClient] Waiting for semaphore. In queue: 58 | Active calls: 80 | Available permits: 0
May 08, 2026 3:06:37 PM arch.GeminiClient getResponse
INFO: [GeminiClient] Waiting for semaphore. In queue: 59 | Active calls: 80 | Available permits: 0
May 08, 2026 3:06:37 PM arch.GeminiClient getResponse
INFO: [GeminiClient] Got response. Active calls: 79
May 08, 2026 3:06:37 PM arch.GeminiClient getResponse
INFO: [GeminiClient] Acquired semaphore. Active calls: 80
May 08, 2026 3:06:37 PM arch.GeminiClient getResponse
INFO: [GeminiClient] Waiting for semaphore. In queue: 59 | Active calls: 80 | Available permits: 0
May 08, 2026 3:06:37 PM arch.GeminiClient getResponse
INFO: [GeminiClient] Waiting for semaphore. In queue: 60 | Active calls: 80 | Available permits: 0
May 08, 2026 3:06:37 PM arch.GeminiClient getResponse
INFO: [GeminiClient] Got response. Active calls: 79
May 08, 2026 3:06:37 PM arch.GeminiClient getResponse
INFO: [GeminiClient] Acquired semaphore. Active calls: 80
May 08, 2026 3:06:37 PM arch.GeminiClient getResponse
INFO: [GeminiClient] Waiting for semaphore. In queue: 61 | Active calls: 80 | Available permits: 0
May 08, 2026 3:06:37 PM arch.GeminiClient getResponse
INFO: [GeminiClient] Waiting for semaphore. In queue: 61 | Active calls: 80 | Available permits: 0
May 08, 2026 3:06:37 PM arch.GeminiClient getResponse
INFO: [GeminiClient] Waiting for semaphore. In queue: 62 | Active calls: 80 | Available permits: 0
May 08, 2026 3:06:37 PM arch.GeminiClient getResponse
INFO: [GeminiClient] Waiting for semaphore. In queue: 63 | Active calls: 80 | Available permits: 0
May 08, 2026 3:06:37 PM arch.GeminiClient getResponse
INFO: [GeminiClient] Waiting for semaphore. In queue: 64 | Active calls: 80 | Available permits: 0
May 08, 2026 3:06:37 PM arch.GeminiClient getResponse
INFO: [GeminiClient] Waiting for semaphore. In queue: 65 | Active calls: 80 | Available permits: 0
May 08, 2026 3:06:37 PM arch.GeminiClient getResponse
INFO: [GeminiClient] Waiting for semaphore. In queue: 66 | Active calls: 80 | Available permits: 0
May 08, 2026 3:06:37 PM arch.GeminiClient getResponse
INFO: [GeminiClient] Got response. Active calls: 79
May 08, 2026 3:06:37 PM arch.GeminiClient getResponse
INFO: [GeminiClient] Acquired semaphore. Active calls: 80
May 08, 2026 3:06:37 PM arch.GeminiClient getResponse
INFO: [GeminiClient] Waiting for semaphore. In queue: 66 | Active calls: 80 | Available permits: 0
May 08, 2026 3:06:37 PM arch.GeminiClient getResponse
INFO: [GeminiClient] Got response. Active calls: 79
May 08, 2026 3:06:37 PM arch.GeminiClient getResponse
INFO: [GeminiClient] Acquired semaphore. Active calls: 80
May 08, 2026 3:06:37 PM arch.GeminiClient getResponse
INFO: [GeminiClient] Waiting for semaphore. In queue: 66 | Active calls: 80 | Available permits: 0
May 08, 2026 3:06:37 PM arch.GeminiClient getResponse
INFO: [GeminiClient] Waiting for semaphore. In queue: 67 | Active calls: 80 | Available permits: 0
May 08, 2026 3:06:37 PM arch.GeminiClient getResponse
INFO: [GeminiClient] Got response. Active calls: 79
May 08, 2026 3:06:37 PM arch.GeminiClient getResponse
INFO: [GeminiClient] Acquired semaphore. Active calls: 80
May 08, 2026 3:06:37 PM arch.GeminiClient getResponse
INFO: [GeminiClient] Waiting for semaphore. In queue: 67 | Active calls: 80 | Available permits: 0
May 08, 2026 3:06:37 PM arch.GeminiClient getResponse
INFO: [GeminiClient] Got response. Active calls: 79
May 08, 2026 3:06:37 PM arch.GeminiClient getResponse
INFO: [GeminiClient] Acquired semaphore. Active calls: 80
May 08, 2026 3:06:38 PM arch.GeminiClient getResponse
INFO: [GeminiClient] Waiting for semaphore. In queue: 67 | Active calls: 80 | Available permits: 0
May 08, 2026 3:06:38 PM arch.GeminiClient getResponse
INFO: [GeminiClient] Got response. Active calls: 79
May 08, 2026 3:06:38 PM arch.GeminiClient getResponse
INFO: [GeminiClient] Got response. Active calls: 77
May 08, 2026 3:06:38 PM arch.GeminiClient getResponse
INFO: [GeminiClient] Got response. Active calls: 78
May 08, 2026 3:06:38 PM arch.GeminiClient getResponse
INFO: [GeminiClient] Acquired semaphore. Active calls: 78
May 08, 2026 3:06:38 PM arch.GeminiClient getResponse
INFO: [GeminiClient] Acquired semaphore. Active calls: 79
May 08, 2026 3:06:38 PM arch.GeminiClient getResponse
INFO: [GeminiClient] Acquired semaphore. Active calls: 80
May 08, 2026 3:06:38 PM arch.GeminiClient getResponse
INFO: [GeminiClient] Waiting for semaphore. In queue: 65 | Active calls: 80 | Available permits: 0
May 08, 2026 3:06:38 PM arch.GeminiClient getResponse
INFO: [GeminiClient] Waiting for semaphore. In queue: 66 | Active calls: 80 | Available permits: 0
May 08, 2026 3:06:38 PM arch.GeminiClient getResponse
INFO: [GeminiClient] Waiting for semaphore. In queue: 67 | Active calls: 80 | Available permits: 0
May 08, 2026 3:06:38 PM arch.GeminiClient getResponse
INFO: [GeminiClient] Got response. Active calls: 79
May 08, 2026 3:06:38 PM arch.GeminiClient getResponse
INFO: [GeminiClient] Acquired semaphore. Active calls: 80
May 08, 2026 3:06:38 PM arch.GeminiClient getResponse
INFO: [GeminiClient] Got response. Active calls: 79
May 08, 2026 3:06:38 PM arch.GeminiClient getResponse
INFO: [GeminiClient] Acquired semaphore. Active calls: 80
May 08, 2026 3:06:38 PM arch.GeminiClient getResponse
INFO: [GeminiClient] Waiting for semaphore. In queue: 66 | Active calls: 80 | Available permits: 0
May 08, 2026 3:06:38 PM arch.GeminiClient getResponse
INFO: [GeminiClient] Waiting for semaphore. In queue: 67 | Active calls: 80 | Available permits: 0
May 08, 2026 3:06:38 PM arch.GeminiClient getResponse
INFO: [GeminiClient] Got response. Active calls: 79
May 08, 2026 3:06:38 PM arch.GeminiClient getResponse
INFO: [GeminiClient] Acquired semaphore. Active calls: 80
May 08, 2026 3:06:38 PM arch.GeminiClient getResponse
INFO: [GeminiClient] Got response. Active calls: 78
May 08, 2026 3:06:38 PM arch.GeminiClient getResponse
INFO: [GeminiClient] Got response. Active calls: 79
May 08, 2026 3:06:38 PM arch.GeminiClient getResponse
INFO: [GeminiClient] Acquired semaphore. Active calls: 79
May 08, 2026 3:06:38 PM arch.GeminiClient getResponse
INFO: [GeminiClient] Acquired semaphore. Active calls: 80
May 08, 2026 3:06:38 PM arch.GeminiClient getResponse
INFO: [GeminiClient] Waiting for semaphore. In queue: 65 | Active calls: 80 | Available permits: 0
May 08, 2026 3:06:38 PM arch.GeminiClient getResponse
INFO: [GeminiClient] Waiting for semaphore. In queue: 66 | Active calls: 80 | Available permits: 0
May 08, 2026 3:06:38 PM arch.GeminiClient getResponse
INFO: [GeminiClient] Waiting for semaphore. In queue: 67 | Active calls: 80 | Available permits: 0
May 08, 2026 3:06:38 PM arch.GeminiClient getResponse
INFO: [GeminiClient] Got response. Active calls: 78
May 08, 2026 3:06:38 PM arch.GeminiClient getResponse
INFO: [GeminiClient] Got response. Active calls: 79
May 08, 2026 3:06:38 PM arch.GeminiClient getResponse
INFO: [GeminiClient] Acquired semaphore. Active calls: 79
May 08, 2026 3:06:38 PM arch.GeminiClient getResponse
INFO: [GeminiClient] Acquired semaphore. Active calls: 80
May 08, 2026 3:06:38 PM arch.GeminiClient getResponse
INFO: [GeminiClient] Waiting for semaphore. In queue: 66 | Active calls: 80 | Available permits: 0
May 08, 2026 3:06:38 PM arch.GeminiClient getResponse
INFO: [GeminiClient] Waiting for semaphore. In queue: 67 | Active calls: 80 | Available permits: 0
May 08, 2026 3:06:38 PM arch.GeminiClient getResponse
INFO: [GeminiClient] Got response. Active calls: 79
May 08, 2026 3:06:38 PM arch.GeminiClient getResponse
INFO: [GeminiClient] Acquired semaphore. Active calls: 80
May 08, 2026 3:06:38 PM arch.GeminiClient getResponse
INFO: [GeminiClient] Waiting for semaphore. In queue: 67 | Active calls: 80 | Available permits: 0
May 08, 2026 3:06:39 PM arch.GeminiClient getResponse
INFO: [GeminiClient] Got response. Active calls: 79
May 08, 2026 3:06:39 PM arch.GeminiClient getResponse
INFO: [GeminiClient] Acquired semaphore. Active calls: 80
May 08, 2026 3:06:39 PM arch.GeminiClient getResponse
INFO: [GeminiClient] Waiting for semaphore. In queue: 67 | Active calls: 80 | Available permits: 0
May 08, 2026 3:06:39 PM arch.GeminiClient getResponse
INFO: [GeminiClient] Waiting for semaphore. In queue: 68 | Active calls: 80 | Available permits: 0
May 08, 2026 3:06:39 PM arch.GeminiClient getResponse
INFO: [GeminiClient] Waiting for semaphore. In queue: 69 | Active calls: 80 | Available permits: 0
May 08, 2026 3:06:39 PM arch.GeminiClient getResponse
INFO: [GeminiClient] Got response. Active calls: 78
May 08, 2026 3:06:39 PM arch.GeminiClient getResponse
INFO: [GeminiClient] Got response. Active calls: 79
May 08, 2026 3:06:39 PM arch.GeminiClient getResponse
INFO: [GeminiClient] Acquired semaphore. Active calls: 79
May 08, 2026 3:06:39 PM arch.GeminiClient getResponse
INFO: [GeminiClient] Acquired semaphore. Active calls: 80
May 08, 2026 3:06:39 PM arch.GeminiClient getResponse
INFO: [GeminiClient] Waiting for semaphore. In queue: 68 | Active calls: 80 | Available permits: 0
May 08, 2026 3:06:39 PM arch.GeminiClient getResponse
INFO: [GeminiClient] Got response. Active calls: 79
May 08, 2026 3:06:39 PM arch.GeminiClient getResponse
INFO: [GeminiClient] Acquired semaphore. Active calls: 80
May 08, 2026 3:06:39 PM arch.GeminiClient getResponse
INFO: [GeminiClient] Waiting for semaphore. In queue: 68 | Active calls: 80 | Available permits: 0
May 08, 2026 3:06:39 PM arch.GeminiClient getResponse
INFO: [GeminiClient] Waiting for semaphore. In queue: 69 | Active calls: 80 | Available permits: 0
May 08, 2026 3:06:39 PM arch.GeminiClient getResponse
INFO: [GeminiClient] Got response. Active calls: 79
May 08, 2026 3:06:39 PM arch.GeminiClient getResponse
INFO: [GeminiClient] Acquired semaphore. Active calls: 80
May 08, 2026 3:06:39 PM arch.GeminiClient getResponse
INFO: [GeminiClient] Waiting for semaphore. In queue: 69 | Active calls: 80 | Available permits: 0
May 08, 2026 3:06:39 PM arch.GeminiClient getResponse
INFO: [GeminiClient] Waiting for semaphore. In queue: 70 | Active calls: 80 | Available permits: 0
May 08, 2026 3:06:39 PM arch.GeminiClient getResponse
INFO: [GeminiClient] Got response. Active calls: 79
May 08, 2026 3:06:39 PM arch.GeminiClient getResponse
INFO: [GeminiClient] Acquired semaphore. Active calls: 80
May 08, 2026 3:06:39 PM arch.GeminiClient getResponse
INFO: [GeminiClient] Got response. Active calls: 79
May 08, 2026 3:06:39 PM arch.GeminiClient getResponse
INFO: [GeminiClient] Acquired semaphore. Active calls: 80
May 08, 2026 3:06:39 PM arch.GeminiClient getResponse
INFO: [GeminiClient] Waiting for semaphore. In queue: 69 | Active calls: 80 | Available permits: 0
May 08, 2026 3:06:39 PM arch.GeminiClient getResponse
INFO: [GeminiClient] Waiting for semaphore. In queue: 70 | Active calls: 80 | Available permits: 0
May 08, 2026 3:06:39 PM arch.GeminiClient getResponse
INFO: [GeminiClient] Got response. Active calls: 79
May 08, 2026 3:06:39 PM arch.GeminiClient getResponse
INFO: [GeminiClient] Acquired semaphore. Active calls: 80
May 08, 2026 3:06:39 PM arch.GeminiClient getResponse
INFO: [GeminiClient] Waiting for semaphore. In queue: 70 | Active calls: 80 | Available permits: 0
May 08, 2026 3:06:39 PM arch.GeminiClient getResponse
INFO: [GeminiClient] Got response. Active calls: 79
May 08, 2026 3:06:39 PM arch.GeminiClient getResponse
INFO: [GeminiClient] Acquired semaphore. Active calls: 80
May 08, 2026 3:06:39 PM arch.GeminiClient getResponse
INFO: [GeminiClient] Waiting for semaphore. In queue: 70 | Active calls: 80 | Available permits: 0
May 08, 2026 3:06:39 PM arch.GeminiClient getResponse
INFO: [GeminiClient] Waiting for semaphore. In queue: 71 | Active calls: 80 | Available permits: 0
May 08, 2026 3:06:39 PM arch.GeminiClient getResponse
INFO: [GeminiClient] Got response. Active calls: 79
May 08, 2026 3:06:39 PM arch.GeminiClient getResponse
INFO: [GeminiClient] Got response. Active calls: 78
May 08, 2026 3:06:39 PM arch.GeminiClient getResponse
INFO: [GeminiClient] Acquired semaphore. Active calls: 79
May 08, 2026 3:06:39 PM arch.GeminiClient getResponse
INFO: [GeminiClient] Acquired semaphore. Active calls: 80
May 08, 2026 3:06:39 PM arch.GeminiClient getResponse
INFO: [GeminiClient] Waiting for semaphore. In queue: 70 | Active calls: 80 | Available permits: 0
May 08, 2026 3:06:39 PM arch.GeminiClient getResponse
INFO: [GeminiClient] Waiting for semaphore. In queue: 71 | Active calls: 80 | Available permits: 0
May 08, 2026 3:06:40 PM arch.GeminiClient getResponse
INFO: [GeminiClient] Got response. Active calls: 79
May 08, 2026 3:06:40 PM arch.GeminiClient getResponse
INFO: [GeminiClient] Acquired semaphore. Active calls: 80
May 08, 2026 3:06:40 PM arch.GeminiClient getResponse
INFO: [GeminiClient] Waiting for semaphore. In queue: 71 | Active calls: 80 | Available permits: 0
May 08, 2026 3:06:40 PM arch.GeminiClient getResponse
INFO: [GeminiClient] Got response. Active calls: 79
May 08, 2026 3:06:40 PM arch.GeminiClient getResponse
INFO: [GeminiClient] Got response. Active calls: 78
May 08, 2026 3:06:40 PM arch.GeminiClient getResponse
INFO: [GeminiClient] Acquired semaphore. Active calls: 79
May 08, 2026 3:06:40 PM arch.GeminiClient getResponse
INFO: [GeminiClient] Acquired semaphore. Active calls: 80
May 08, 2026 3:06:40 PM arch.GeminiClient getResponse
INFO: [GeminiClient] Waiting for semaphore. In queue: 70 | Active calls: 80 | Available permits: 0
May 08, 2026 3:06:40 PM arch.GeminiClient getResponse
INFO: [GeminiClient] Waiting for semaphore. In queue: 71 | Active calls: 80 | Available permits: 0
May 08, 2026 3:06:40 PM arch.GeminiClient getResponse
INFO: [GeminiClient] Got response. Active calls: 79
May 08, 2026 3:06:40 PM arch.GeminiClient getResponse
INFO: [GeminiClient] Acquired semaphore. Active calls: 80
May 08, 2026 3:06:40 PM arch.GeminiClient getResponse
INFO: [GeminiClient] Waiting for semaphore. In queue: 71 | Active calls: 80 | Available permits: 0
May 08, 2026 3:06:40 PM arch.GeminiClient getResponse
INFO: [GeminiClient] Got response. Active calls: 79
May 08, 2026 3:06:40 PM arch.GeminiClient getResponse
INFO: [GeminiClient] Acquired semaphore. Active calls: 80
May 08, 2026 3:06:40 PM arch.GeminiClient getResponse
INFO: [GeminiClient] Waiting for semaphore. In queue: 71 | Active calls: 80 | Available permits: 0
May 08, 2026 3:06:40 PM arch.GeminiClient getResponse
INFO: [GeminiClient] Got response. Active calls: 79
May 08, 2026 3:06:40 PM arch.GeminiClient getResponse
INFO: [GeminiClient] Acquired semaphore. Active calls: 80
May 08, 2026 3:06:40 PM arch.GeminiClient getResponse
INFO: [GeminiClient] Waiting for semaphore. In queue: 71 | Active calls: 80 | Available permits: 0
May 08, 2026 3:06:40 PM arch.GeminiClient getResponse
INFO: [GeminiClient] Waiting for semaphore. In queue: 72 | Active calls: 80 | Available permits: 0
May 08, 2026 3:06:40 PM arch.GeminiClient getResponse
INFO: [GeminiClient] Got response. Active calls: 79
May 08, 2026 3:06:40 PM arch.GeminiClient getResponse
INFO: [GeminiClient] Acquired semaphore. Active calls: 80
May 08, 2026 3:06:40 PM arch.GeminiClient getResponse
INFO: [GeminiClient] Waiting for semaphore. In queue: 72 | Active calls: 80 | Available permits: 0
May 08, 2026 3:06:40 PM arch.GeminiClient getResponse
INFO: [GeminiClient] Got response. Active calls: 79
May 08, 2026 3:06:40 PM arch.GeminiClient getResponse
INFO: [GeminiClient] Acquired semaphore. Active calls: 80
May 08, 2026 3:06:40 PM arch.GeminiClient getResponse
INFO: [GeminiClient] Waiting for semaphore. In queue: 72 | Active calls: 80 | Available permits: 0
May 08, 2026 3:06:41 PM arch.GeminiClient getResponse
INFO: [GeminiClient] Got response. Active calls: 79
May 08, 2026 3:06:41 PM arch.GeminiClient getResponse
INFO: [GeminiClient] Acquired semaphore. Active calls: 80
May 08, 2026 3:06:41 PM arch.GeminiClient getResponse
INFO: [GeminiClient] Waiting for semaphore. In queue: 72 | Active calls: 80 | Available permits: 0
May 08, 2026 3:06:41 PM arch.GeminiClient getResponse
INFO: [GeminiClient] Waiting for semaphore. In queue: 73 | Active calls: 80 | Available permits: 0
May 08, 2026 3:06:41 PM arch.GeminiClient getResponse
INFO: [GeminiClient] Got response. Active calls: 79
May 08, 2026 3:06:41 PM arch.GeminiClient getResponse
INFO: [GeminiClient] Acquired semaphore. Active calls: 80
May 08, 2026 3:06:41 PM arch.GeminiClient getResponse
INFO: [GeminiClient] Waiting for semaphore. In queue: 73 | Active calls: 80 | Available permits: 0
May 08, 2026 3:06:41 PM arch.GeminiClient getResponse
INFO: [GeminiClient] Got response. Active calls: 79
May 08, 2026 3:06:41 PM arch.GeminiClient getResponse
INFO: [GeminiClient] Acquired semaphore. Active calls: 80
May 08, 2026 3:06:41 PM arch.GeminiClient getResponse
INFO: [GeminiClient] Waiting for semaphore. In queue: 73 | Active calls: 80 | Available permits: 0
May 08, 2026 3:06:42 PM arch.GeminiClient getResponse
INFO: [GeminiClient] Got response. Active calls: 79
May 08, 2026 3:06:42 PM arch.GeminiClient getResponse
INFO: [GeminiClient] Acquired semaphore. Active calls: 80
May 08, 2026 3:06:42 PM arch.GeminiClient getResponse
INFO: [GeminiClient] Waiting for semaphore. In queue: 73 | Active calls: 80 | Available permits: 0
May 08, 2026 3:06:42 PM arch.GeminiClient getResponse
INFO: [GeminiClient] Waiting for semaphore. In queue: 74 | Active calls: 80 | Available permits: 0
May 08, 2026 3:06:42 PM arch.GeminiClient getResponse
INFO: [GeminiClient] Got response. Active calls: 79
May 08, 2026 3:06:42 PM arch.GeminiClient getResponse
INFO: [GeminiClient] Acquired semaphore. Active calls: 80
May 08, 2026 3:06:42 PM arch.GeminiClient getResponse
INFO: [GeminiClient] Waiting for semaphore. In queue: 74 | Active calls: 80 | Available permits: 0
May 08, 2026 3:06:42 PM arch.GeminiClient getResponse
INFO: [GeminiClient] Waiting for semaphore. In queue: 75 | Active calls: 80 | Available permits: 0
May 08, 2026 3:06:42 PM arch.GeminiClient getResponse
INFO: [GeminiClient] Waiting for semaphore. In queue: 76 | Active calls: 80 | Available permits: 0
May 08, 2026 3:06:42 PM arch.GeminiClient getResponse
INFO: [GeminiClient] Got response. Active calls: 79
May 08, 2026 3:06:42 PM arch.GeminiClient getResponse
INFO: [GeminiClient] Acquired semaphore. Active calls: 80
May 08, 2026 3:06:42 PM arch.GeminiClient getResponse
INFO: [GeminiClient] Waiting for semaphore. In queue: 76 | Active calls: 80 | Available permits: 0
May 08, 2026 3:06:42 PM arch.GeminiClient getResponse
INFO: [GeminiClient] Got response. Active calls: 79
May 08, 2026 3:06:42 PM arch.GeminiClient getResponse
INFO: [GeminiClient] Acquired semaphore. Active calls: 80
May 08, 2026 3:06:42 PM arch.GeminiClient getResponse
INFO: [GeminiClient] Waiting for semaphore. In queue: 76 | Active calls: 80 | Available permits: 0
May 08, 2026 3:06:42 PM arch.GeminiClient getResponse
INFO: [GeminiClient] Got response. Active calls: 79
May 08, 2026 3:06:42 PM arch.GeminiClient getResponse
INFO: [GeminiClient] Acquired semaphore. Active calls: 80
May 08, 2026 3:06:42 PM arch.GeminiClient getResponse
INFO: [GeminiClient] Got response. Active calls: 79
May 08, 2026 3:06:42 PM arch.GeminiClient getResponse
INFO: [GeminiClient] Acquired semaphore. Active calls: 80
May 08, 2026 3:06:42 PM arch.GeminiClient getResponse
INFO: [GeminiClient] Waiting for semaphore. In queue: 75 | Active calls: 80 | Available permits: 0
May 08, 2026 3:06:42 PM arch.GeminiClient getResponse
INFO: [GeminiClient] Waiting for semaphore. In queue: 76 | Active calls: 80 | Available permits: 0
May 08, 2026 3:06:42 PM arch.GeminiClient getResponse
INFO: [GeminiClient] Got response. Active calls: 79
May 08, 2026 3:06:42 PM arch.GeminiClient getResponse
INFO: [GeminiClient] Acquired semaphore. Active calls: 80
May 08, 2026 3:06:42 PM arch.GeminiClient getResponse
INFO: [GeminiClient] Waiting for semaphore. In queue: 76 | Active calls: 80 | Available permits: 0
May 08, 2026 3:06:43 PM arch.GeminiClient getResponse
INFO: [GeminiClient] Got response. Active calls: 79
May 08, 2026 3:06:43 PM arch.GeminiClient getResponse
INFO: [GeminiClient] Got response. Active calls: 78
May 08, 2026 3:06:43 PM arch.GeminiClient getResponse
INFO: [GeminiClient] Acquired semaphore. Active calls: 79
May 08, 2026 3:06:43 PM arch.GeminiClient getResponse
INFO: [GeminiClient] Acquired semaphore. Active calls: 80
May 08, 2026 3:06:43 PM arch.GeminiClient getResponse
INFO: [GeminiClient] Waiting for semaphore. In queue: 75 | Active calls: 80 | Available permits: 0
May 08, 2026 3:06:43 PM arch.GeminiClient getResponse
INFO: [GeminiClient] Waiting for semaphore. In queue: 76 | Active calls: 80 | Available permits: 0
May 08, 2026 3:06:43 PM arch.GeminiClient getResponse
INFO: [GeminiClient] Got response. Active calls: 79
May 08, 2026 3:06:43 PM arch.GeminiClient getResponse
INFO: [GeminiClient] Got response. Active calls: 78
May 08, 2026 3:06:43 PM arch.GeminiClient getResponse
INFO: [GeminiClient] Acquired semaphore. Active calls: 80
May 08, 2026 3:06:43 PM arch.GeminiClient getResponse
INFO: [GeminiClient] Got response. Active calls: 79
May 08, 2026 3:06:43 PM arch.GeminiClient getResponse
INFO: [GeminiClient] Acquired semaphore. Active calls: 79
May 08, 2026 3:06:43 PM arch.GeminiClient getResponse
INFO: [GeminiClient] Acquired semaphore. Active calls: 80
May 08, 2026 3:06:43 PM arch.GeminiClient getResponse
INFO: [GeminiClient] Waiting for semaphore. In queue: 74 | Active calls: 80 | Available permits: 0
May 08, 2026 3:06:43 PM arch.GeminiClient getResponse
INFO: [GeminiClient] Got response. Active calls: 79
May 08, 2026 3:06:43 PM arch.GeminiClient getResponse
INFO: [GeminiClient] Acquired semaphore. Active calls: 80
May 08, 2026 3:06:43 PM arch.GeminiClient getResponse
INFO: [GeminiClient] Waiting for semaphore. In queue: 74 | Active calls: 80 | Available permits: 0
May 08, 2026 3:06:43 PM arch.GeminiClient getResponse
INFO: [GeminiClient] Waiting for semaphore. In queue: 75 | Active calls: 80 | Available permits: 0
May 08, 2026 3:06:43 PM arch.GeminiClient getResponse
INFO: [GeminiClient] Got response. Active calls: 79
May 08, 2026 3:06:43 PM arch.GeminiClient getResponse
INFO: [GeminiClient] Acquired semaphore. Active calls: 80
May 08, 2026 3:06:43 PM arch.GeminiClient getResponse
INFO: [GeminiClient] Waiting for semaphore. In queue: 75 | Active calls: 80 | Available permits: 0
May 08, 2026 3:06:43 PM arch.GeminiClient getResponse
INFO: [GeminiClient] Waiting for semaphore. In queue: 76 | Active calls: 80 | Available permits: 0
May 08, 2026 3:06:43 PM arch.GeminiClient getResponse
INFO: [GeminiClient] Got response. Active calls: 79
May 08, 2026 3:06:43 PM arch.GeminiClient getResponse
INFO: [GeminiClient] Acquired semaphore. Active calls: 80
May 08, 2026 3:06:43 PM arch.GeminiClient getResponse
INFO: [GeminiClient] Waiting for semaphore. In queue: 76 | Active calls: 80 | Available permits: 0
May 08, 2026 3:06:43 PM arch.GeminiClient getResponse
INFO: [GeminiClient] Waiting for semaphore. In queue: 77 | Active calls: 80 | Available permits: 0
May 08, 2026 3:06:43 PM arch.GeminiClient getResponse
INFO: [GeminiClient] Got response. Active calls: 79
May 08, 2026 3:06:43 PM arch.GeminiClient getResponse
INFO: [GeminiClient] Acquired semaphore. Active calls: 80
May 08, 2026 3:06:43 PM arch.GeminiClient getResponse
INFO: [GeminiClient] Waiting for semaphore. In queue: 77 | Active calls: 80 | Available permits: 0
May 08, 2026 3:06:43 PM arch.GeminiClient getResponse
INFO: [GeminiClient] Got response. Active calls: 79
May 08, 2026 3:06:43 PM arch.GeminiClient getResponse
INFO: [GeminiClient] Acquired semaphore. Active calls: 80
May 08, 2026 3:06:43 PM arch.GeminiClient getResponse
INFO: [GeminiClient] Got response. Active calls: 79
May 08, 2026 3:06:43 PM arch.GeminiClient getResponse
INFO: [GeminiClient] Acquired semaphore. Active calls: 80
May 08, 2026 3:06:43 PM arch.GeminiClient getResponse
INFO: [GeminiClient] Waiting for semaphore. In queue: 76 | Active calls: 80 | Available permits: 0
May 08, 2026 3:06:43 PM arch.GeminiClient getResponse
INFO: [GeminiClient] Got response. Active calls: 79
May 08, 2026 3:06:43 PM arch.GeminiClient getResponse
INFO: [GeminiClient] Acquired semaphore. Active calls: 80
May 08, 2026 3:06:43 PM arch.GeminiClient getResponse
INFO: [GeminiClient] Waiting for semaphore. In queue: 76 | Active calls: 80 | Available permits: 0
May 08, 2026 3:06:44 PM arch.GeminiClient getResponse
INFO: [GeminiClient] Waiting for semaphore. In queue: 77 | Active calls: 80 | Available permits: 0
May 08, 2026 3:06:44 PM arch.GeminiClient getResponse
INFO: [GeminiClient] Waiting for semaphore. In queue: 78 | Active calls: 80 | Available permits: 0
May 08, 2026 3:06:44 PM arch.GeminiClient getResponse
INFO: [GeminiClient] Got response. Active calls: 79
May 08, 2026 3:06:44 PM arch.GeminiClient getResponse
INFO: [GeminiClient] Acquired semaphore. Active calls: 80
May 08, 2026 3:06:44 PM arch.GeminiClient getResponse
INFO: [GeminiClient] Got response. Active calls: 79
May 08, 2026 3:06:44 PM arch.GeminiClient getResponse
INFO: [GeminiClient] Acquired semaphore. Active calls: 80
May 08, 2026 3:06:44 PM arch.GeminiClient getResponse
INFO: [GeminiClient] Waiting for semaphore. In queue: 77 | Active calls: 80 | Available permits: 0
May 08, 2026 3:06:44 PM arch.GeminiClient getResponse
INFO: [GeminiClient] Waiting for semaphore. In queue: 78 | Active calls: 80 | Available permits: 0
May 08, 2026 3:06:44 PM arch.GeminiClient getResponse
INFO: [GeminiClient] Got response. Active calls: 79
May 08, 2026 3:06:44 PM arch.GeminiClient getResponse
INFO: [GeminiClient] Acquired semaphore. Active calls: 80
May 08, 2026 3:06:44 PM arch.GeminiClient getResponse
INFO: [GeminiClient] Waiting for semaphore. In queue: 78 | Active calls: 80 | Available permits: 0
May 08, 2026 3:06:44 PM arch.GeminiClient getResponse
INFO: [GeminiClient] Got response. Active calls: 79
May 08, 2026 3:06:44 PM arch.GeminiClient getResponse
INFO: [GeminiClient] Acquired semaphore. Active calls: 80
May 08, 2026 3:06:44 PM arch.GeminiClient getResponse
INFO: [GeminiClient] Waiting for semaphore. In queue: 78 | Active calls: 80 | Available permits: 0
May 08, 2026 3:06:44 PM arch.GeminiClient getResponse
INFO: [GeminiClient] Got response. Active calls: 79
May 08, 2026 3:06:44 PM arch.GeminiClient getResponse
INFO: [GeminiClient] Acquired semaphore. Active calls: 80
May 08, 2026 3:06:44 PM arch.GeminiClient getResponse
INFO: [GeminiClient] Got response. Active calls: 79
May 08, 2026 3:06:44 PM arch.GeminiClient getResponse
INFO: [GeminiClient] Acquired semaphore. Active calls: 80
May 08, 2026 3:06:44 PM arch.GeminiClient getResponse
INFO: [GeminiClient] Got response. Active calls: 79
May 08, 2026 3:06:44 PM arch.GeminiClient getResponse
INFO: [GeminiClient] Acquired semaphore. Active calls: 80
May 08, 2026 3:06:44 PM arch.GeminiClient getResponse
INFO: [GeminiClient] Waiting for semaphore. In queue: 76 | Active calls: 80 | Available permits: 0
May 08, 2026 3:06:44 PM arch.GeminiClient getResponse
INFO: [GeminiClient] Waiting for semaphore. In queue: 77 | Active calls: 80 | Available permits: 0
May 08, 2026 3:06:44 PM arch.GeminiClient getResponse
INFO: [GeminiClient] Waiting for semaphore. In queue: 78 | Active calls: 80 | Available permits: 0
May 08, 2026 3:06:44 PM arch.GeminiClient getResponse
INFO: [GeminiClient] Got response. Active calls: 79
May 08, 2026 3:06:44 PM arch.GeminiClient getResponse
INFO: [GeminiClient] Acquired semaphore. Active calls: 80
May 08, 2026 3:06:44 PM arch.GeminiClient getResponse
INFO: [GeminiClient] Waiting for semaphore. In queue: 78 | Active calls: 80 | Available permits: 0
May 08, 2026 3:06:44 PM arch.GeminiClient getResponse
INFO: [GeminiClient] Got response. Active calls: 78
May 08, 2026 3:06:44 PM arch.GeminiClient getResponse
INFO: [GeminiClient] Got response. Active calls: 79
May 08, 2026 3:06:44 PM arch.GeminiClient getResponse
INFO: [GeminiClient] Acquired semaphore. Active calls: 79
May 08, 2026 3:06:44 PM arch.GeminiClient getResponse
INFO: [GeminiClient] Acquired semaphore. Active calls: 80
May 08, 2026 3:06:44 PM arch.GeminiClient getResponse
INFO: [GeminiClient] Got response. Active calls: 79
May 08, 2026 3:06:44 PM arch.GeminiClient getResponse
INFO: [GeminiClient] Acquired semaphore. Active calls: 80
May 08, 2026 3:06:44 PM arch.GeminiClient getResponse
INFO: [GeminiClient] Waiting for semaphore. In queue: 76 | Active calls: 80 | Available permits: 0
May 08, 2026 3:06:44 PM arch.GeminiClient getResponse
INFO: [GeminiClient] Waiting for semaphore. In queue: 77 | Active calls: 80 | Available permits: 0
May 08, 2026 3:06:44 PM arch.GeminiClient getResponse
INFO: [GeminiClient] Got response. Active calls: 79
May 08, 2026 3:06:44 PM arch.GeminiClient getResponse
INFO: [GeminiClient] Acquired semaphore. Active calls: 80
May 08, 2026 3:06:44 PM arch.GeminiClient getResponse
INFO: [GeminiClient] Waiting for semaphore. In queue: 77 | Active calls: 80 | Available permits: 0
May 08, 2026 3:06:44 PM arch.GeminiClient getResponse
INFO: [GeminiClient] Waiting for semaphore. In queue: 78 | Active calls: 80 | Available permits: 0
May 08, 2026 3:06:45 PM arch.GeminiClient getResponse
INFO: [GeminiClient] Got response. Active calls: 79
May 08, 2026 3:06:45 PM arch.GeminiClient getResponse
INFO: [GeminiClient] Acquired semaphore. Active calls: 80
May 08, 2026 3:06:45 PM arch.GeminiClient getResponse
INFO: [GeminiClient] Waiting for semaphore. In queue: 78 | Active calls: 80 | Available permits: 0
May 08, 2026 3:06:45 PM arch.GeminiClient getResponse
INFO: [GeminiClient] Got response. Active calls: 79
May 08, 2026 3:06:45 PM arch.GeminiClient getResponse
INFO: [GeminiClient] Acquired semaphore. Active calls: 80
May 08, 2026 3:06:45 PM arch.GeminiClient getResponse
INFO: [GeminiClient] Waiting for semaphore. In queue: 78 | Active calls: 80 | Available permits: 0
May 08, 2026 3:06:45 PM arch.GeminiClient getResponse
INFO: [GeminiClient] Got response. Active calls: 79
May 08, 2026 3:06:45 PM arch.GeminiClient getResponse
INFO: [GeminiClient] Acquired semaphore. Active calls: 80
May 08, 2026 3:06:45 PM arch.GeminiClient getResponse
INFO: [GeminiClient] Waiting for semaphore. In queue: 78 | Active calls: 80 | Available permits: 0
May 08, 2026 3:06:45 PM arch.GeminiClient getResponse
INFO: [GeminiClient] Got response. Active calls: 79
May 08, 2026 3:06:45 PM arch.GeminiClient getResponse
INFO: [GeminiClient] Acquired semaphore. Active calls: 80
May 08, 2026 3:06:45 PM arch.GeminiClient getResponse
INFO: [GeminiClient] Waiting for semaphore. In queue: 78 | Active calls: 80 | Available permits: 0
May 08, 2026 3:06:45 PM arch.GeminiClient getResponse
INFO: [GeminiClient] Got response. Active calls: 79
May 08, 2026 3:06:45 PM arch.GeminiClient getResponse
INFO: [GeminiClient] Acquired semaphore. Active calls: 80
May 08, 2026 3:06:45 PM arch.GeminiClient getResponse
INFO: [GeminiClient] Waiting for semaphore. In queue: 78 | Active calls: 80 | Available permits: 0
May 08, 2026 3:06:45 PM arch.GeminiClient getResponse
INFO: [GeminiClient] Got response. Active calls: 79
May 08, 2026 3:06:45 PM arch.GeminiClient getResponse
INFO: [GeminiClient] Acquired semaphore. Active calls: 80
May 08, 2026 3:06:45 PM arch.GeminiClient getResponse
INFO: [GeminiClient] Got response. Active calls: 79
May 08, 2026 3:06:45 PM arch.GeminiClient getResponse
INFO: [GeminiClient] Acquired semaphore. Active calls: 80
May 08, 2026 3:06:45 PM arch.GeminiClient getResponse
INFO: [GeminiClient] Got response. Active calls: 79
May 08, 2026 3:06:45 PM arch.GeminiClient getResponse
INFO: [GeminiClient] Acquired semaphore. Active calls: 80
May 08, 2026 3:06:45 PM arch.GeminiClient getResponse
INFO: [GeminiClient] Waiting for semaphore. In queue: 76 | Active calls: 80 | Available permits: 0
May 08, 2026 3:06:45 PM arch.GeminiClient getResponse
INFO: [GeminiClient] Got response. Active calls: 79
May 08, 2026 3:06:45 PM arch.GeminiClient getResponse
INFO: [GeminiClient] Acquired semaphore. Active calls: 80
May 08, 2026 3:06:45 PM arch.GeminiClient getResponse
INFO: [GeminiClient] Waiting for semaphore. In queue: 76 | Active calls: 80 | Available permits: 0
May 08, 2026 3:06:45 PM arch.GeminiClient getResponse
INFO: [GeminiClient] Waiting for semaphore. In queue: 77 | Active calls: 80 | Available permits: 0
May 08, 2026 3:06:45 PM arch.GeminiClient getResponse
INFO: [GeminiClient] Waiting for semaphore. In queue: 78 | Active calls: 80 | Available permits: 0
May 08, 2026 3:06:45 PM arch.GeminiClient getResponse
INFO: [GeminiClient] Got response. Active calls: 79
May 08, 2026 3:06:45 PM arch.GeminiClient getResponse
INFO: [GeminiClient] Acquired semaphore. Active calls: 80
May 08, 2026 3:06:45 PM arch.GeminiClient getResponse
INFO: [GeminiClient] Waiting for semaphore. In queue: 78 | Active calls: 80 | Available permits: 0
May 08, 2026 3:06:45 PM arch.GeminiClient getResponse
WARNING: [GeminiClient] TIMEOUT. Active: 79
May 08, 2026 3:06:45 PM arch.GeminiClient getResponse
INFO: [GeminiClient] Waiting for semaphore. In queue: 79 | Active calls: 79 | Available permits: 1
May 08, 2026 3:06:45 PM arch.GeminiClient getResponse
INFO: [GeminiClient] Acquired semaphore. Active calls: 80
May 08, 2026 3:06:45 PM arch.GeminiClient getResponse
INFO: [GeminiClient] Got response. Active calls: 79
May 08, 2026 3:06:45 PM arch.GeminiClient getResponse
INFO: [GeminiClient] Acquired semaphore. Active calls: 80
May 08, 2026 3:06:45 PM arch.GeminiClient getResponse
INFO: [GeminiClient] Waiting for semaphore. In queue: 78 | Active calls: 80 | Available permits: 0
May 08, 2026 3:06:45 PM arch.GeminiClient getResponse
WARNING: [GeminiClient] TIMEOUT. Active: 79
May 08, 2026 3:06:45 PM arch.GeminiClient getResponse
INFO: [GeminiClient] Waiting for semaphore. In queue: 79 | Active calls: 79 | Available permits: 1
May 08, 2026 3:06:45 PM arch.GeminiClient getResponse
INFO: [GeminiClient] Acquired semaphore. Active calls: 80
May 08, 2026 3:06:45 PM arch.GeminiClient getResponse
WARNING: [GeminiClient] TIMEOUT. Active: 79
May 08, 2026 3:06:45 PM arch.GeminiClient getResponse
INFO: [GeminiClient] Waiting for semaphore. In queue: 79 | Active calls: 79 | Available permits: 1
May 08, 2026 3:06:45 PM arch.GeminiClient getResponse
INFO: [GeminiClient] Acquired semaphore. Active calls: 80
May 08, 2026 3:06:45 PM arch.GeminiClient getResponse
INFO: [GeminiClient] Got response. Active calls: 79
May 08, 2026 3:06:45 PM arch.GeminiClient getResponse
INFO: [GeminiClient] Acquired semaphore. Active calls: 80
May 08, 2026 3:06:45 PM arch.GeminiClient getResponse
WARNING: [GeminiClient] TIMEOUT. Active: 79
May 08, 2026 3:06:45 PM arch.GeminiClient getResponse
INFO: [GeminiClient] Waiting for semaphore. In queue: 78 | Active calls: 79 | Available permits: 1
May 08, 2026 3:06:45 PM arch.GeminiClient getResponse
INFO: [GeminiClient] Acquired semaphore. Active calls: 80
May 08, 2026 3:06:45 PM arch.GeminiClient getResponse
INFO: [GeminiClient] Waiting for semaphore. In queue: 78 | Active calls: 80 | Available permits: 0
May 08, 2026 3:06:46 PM arch.GeminiClient getResponse
INFO: [GeminiClient] Got response. Active calls: 79
May 08, 2026 3:06:46 PM arch.GeminiClient getResponse
INFO: [GeminiClient] Acquired semaphore. Active calls: 80
May 08, 2026 3:06:46 PM arch.GeminiClient getResponse
INFO: [GeminiClient] Waiting for semaphore. In queue: 78 | Active calls: 80 | Available permits: 0
May 08, 2026 3:06:46 PM arch.GeminiClient getResponse
INFO: [GeminiClient] Got response. Active calls: 79
May 08, 2026 3:06:46 PM arch.GeminiClient getResponse
INFO: [GeminiClient] Acquired semaphore. Active calls: 80
May 08, 2026 3:06:46 PM arch.GeminiClient getResponse
INFO: [GeminiClient] Waiting for semaphore. In queue: 78 | Active calls: 80 | Available permits: 0
May 08, 2026 3:06:46 PM arch.GeminiClient getResponse
INFO: [GeminiClient] Got response. Active calls: 79
May 08, 2026 3:06:46 PM arch.GeminiClient getResponse
INFO: [GeminiClient] Acquired semaphore. Active calls: 80
May 08, 2026 3:06:46 PM arch.GeminiClient getResponse
INFO: [GeminiClient] Waiting for semaphore. In queue: 78 | Active calls: 80 | Available permits: 0
May 08, 2026 3:06:46 PM arch.GeminiClient getResponse
INFO: [GeminiClient] Waiting for semaphore. In queue: 79 | Active calls: 80 | Available permits: 0
May 08, 2026 3:06:46 PM arch.GeminiClient getResponse
INFO: [GeminiClient] Waiting for semaphore. In queue: 80 | Active calls: 80 | Available permits: 0
May 08, 2026 3:06:46 PM arch.GeminiClient getResponse
INFO: [GeminiClient] Got response. Active calls: 79
May 08, 2026 3:06:46 PM arch.GeminiClient getResponse
INFO: [GeminiClient] Got response. Active calls: 78
May 08, 2026 3:06:46 PM arch.GeminiClient getResponse
INFO: [GeminiClient] Acquired semaphore. Active calls: 79
May 08, 2026 3:06:46 PM arch.GeminiClient getResponse
INFO: [GeminiClient] Acquired semaphore. Active calls: 80
May 08, 2026 3:06:46 PM arch.GeminiClient getResponse
INFO: [GeminiClient] Waiting for semaphore. In queue: 79 | Active calls: 80 | Available permits: 0
May 08, 2026 3:06:46 PM arch.GeminiClient getResponse
INFO: [GeminiClient] Got response. Active calls: 79
May 08, 2026 3:06:46 PM arch.GeminiClient getResponse
INFO: [GeminiClient] Got response. Active calls: 78
May 08, 2026 3:06:46 PM arch.GeminiClient getResponse
INFO: [GeminiClient] Acquired semaphore. Active calls: 79
May 08, 2026 3:06:46 PM arch.GeminiClient getResponse
INFO: [GeminiClient] Acquired semaphore. Active calls: 80
May 08, 2026 3:06:46 PM arch.GeminiClient getResponse
INFO: [GeminiClient] Waiting for semaphore. In queue: 78 | Active calls: 80 | Available permits: 0
May 08, 2026 3:06:46 PM arch.GeminiClient getResponse
INFO: [GeminiClient] Waiting for semaphore. In queue: 79 | Active calls: 80 | Available permits: 0
May 08, 2026 3:06:46 PM arch.GeminiClient getResponse
INFO: [GeminiClient] Waiting for semaphore. In queue: 80 | Active calls: 80 | Available permits: 0
May 08, 2026 3:06:46 PM arch.GeminiClient getResponse
INFO: [GeminiClient] Waiting for semaphore. In queue: 81 | Active calls: 80 | Available permits: 0
May 08, 2026 3:06:46 PM arch.GeminiClient getResponse
INFO: [GeminiClient] Waiting for semaphore. In queue: 82 | Active calls: 80 | Available permits: 0
May 08, 2026 3:06:46 PM arch.GeminiClient getResponse
INFO: [GeminiClient] Got response. Active calls: 79
May 08, 2026 3:06:46 PM arch.GeminiClient getResponse
INFO: [GeminiClient] Acquired semaphore. Active calls: 80
May 08, 2026 3:06:46 PM arch.GeminiClient getResponse
INFO: [GeminiClient] Waiting for semaphore. In queue: 82 | Active calls: 80 | Available permits: 0
May 08, 2026 3:06:46 PM arch.GeminiClient getResponse
INFO: [GeminiClient] Waiting for semaphore. In queue: 83 | Active calls: 80 | Available permits: 0
May 08, 2026 3:06:46 PM arch.GeminiClient getResponse
INFO: [GeminiClient] Got response. Active calls: 79
May 08, 2026 3:06:46 PM arch.GeminiClient getResponse
INFO: [GeminiClient] Got response. Active calls: 78
May 08, 2026 3:06:46 PM arch.GeminiClient getResponse
INFO: [GeminiClient] Acquired semaphore. Active calls: 79
May 08, 2026 3:06:46 PM arch.GeminiClient getResponse
INFO: [GeminiClient] Acquired semaphore. Active calls: 80
May 08, 2026 3:06:46 PM arch.GeminiClient getResponse
INFO: [GeminiClient] Waiting for semaphore. In queue: 82 | Active calls: 80 | Available permits: 0
May 08, 2026 3:06:46 PM arch.GeminiClient getResponse
INFO: [GeminiClient] Waiting for semaphore. In queue: 83 | Active calls: 80 | Available permits: 0
May 08, 2026 3:06:46 PM arch.GeminiClient getResponse
INFO: [GeminiClient] Got response. Active calls: 79
May 08, 2026 3:06:46 PM arch.GeminiClient getResponse
INFO: [GeminiClient] Acquired semaphore. Active calls: 80
May 08, 2026 3:06:46 PM arch.GeminiClient getResponse
INFO: [GeminiClient] Got response. Active calls: 79
May 08, 2026 3:06:46 PM arch.GeminiClient getResponse
INFO: [GeminiClient] Acquired semaphore. Active calls: 80
May 08, 2026 3:06:46 PM arch.GeminiClient getResponse
INFO: [GeminiClient] Waiting for semaphore. In queue: 82 | Active calls: 80 | Available permits: 0
May 08, 2026 3:06:46 PM arch.GeminiClient getResponse
INFO: [GeminiClient] Waiting for semaphore. In queue: 83 | Active calls: 80 | Available permits: 0
May 08, 2026 3:06:46 PM arch.GeminiClient getResponse
INFO: [GeminiClient] Waiting for semaphore. In queue: 84 | Active calls: 80 | Available permits: 0
May 08, 2026 3:06:46 PM arch.GeminiClient getResponse
INFO: [GeminiClient] Got response. Active calls: 79
May 08, 2026 3:06:46 PM arch.GeminiClient getResponse
INFO: [GeminiClient] Acquired semaphore. Active calls: 80
May 08, 2026 3:06:46 PM arch.GeminiClient getResponse
INFO: [GeminiClient] Waiting for semaphore. In queue: 84 | Active calls: 80 | Available permits: 0
May 08, 2026 3:06:46 PM arch.GeminiClient getResponse
INFO: [GeminiClient] Got response. Active calls: 79
May 08, 2026 3:06:46 PM arch.GeminiClient getResponse
INFO: [GeminiClient] Acquired semaphore. Active calls: 80
May 08, 2026 3:06:46 PM arch.GeminiClient getResponse
INFO: [GeminiClient] Waiting for semaphore. In queue: 84 | Active calls: 80 | Available permits: 0
May 08, 2026 3:06:47 PM arch.GeminiClient getResponse
INFO: [GeminiClient] Got response. Active calls: 79
May 08, 2026 3:06:47 PM arch.GeminiClient getResponse
INFO: [GeminiClient] Acquired semaphore. Active calls: 80
May 08, 2026 3:06:47 PM arch.GeminiClient getResponse
INFO: [GeminiClient] Got response. Active calls: 79
May 08, 2026 3:06:47 PM arch.GeminiClient getResponse
INFO: [GeminiClient] Got response. Active calls: 78
May 08, 2026 3:06:47 PM arch.GeminiClient getResponse
INFO: [GeminiClient] Acquired semaphore. Active calls: 80
May 08, 2026 3:06:47 PM arch.GeminiClient getResponse
INFO: [GeminiClient] Acquired semaphore. Active calls: 79
May 08, 2026 3:06:47 PM arch.GeminiClient getResponse
INFO: [GeminiClient] Waiting for semaphore. In queue: 82 | Active calls: 80 | Available permits: 0
May 08, 2026 3:06:47 PM arch.GeminiClient getResponse
INFO: [GeminiClient] Waiting for semaphore. In queue: 83 | Active calls: 80 | Available permits: 0
May 08, 2026 3:06:47 PM arch.GeminiClient getResponse
INFO: [GeminiClient] Waiting for semaphore. In queue: 84 | Active calls: 80 | Available permits: 0
May 08, 2026 3:06:47 PM arch.GeminiClient getResponse
WARNING: [GeminiClient] TIMEOUT. Active: 79
May 08, 2026 3:06:47 PM arch.GeminiClient getResponse
INFO: [GeminiClient] Waiting for semaphore. In queue: 85 | Active calls: 79 | Available permits: 1
May 08, 2026 3:06:47 PM arch.GeminiClient getResponse
INFO: [GeminiClient] Acquired semaphore. Active calls: 80
May 08, 2026 3:06:47 PM arch.GeminiClient getResponse
INFO: [GeminiClient] Waiting for semaphore. In queue: 85 | Active calls: 80 | Available permits: 0
May 08, 2026 3:06:47 PM arch.GeminiClient getResponse
INFO: [GeminiClient] Got response. Active calls: 79
May 08, 2026 3:06:47 PM arch.GeminiClient getResponse
INFO: [GeminiClient] Acquired semaphore. Active calls: 80
May 08, 2026 3:06:47 PM arch.GeminiClient getResponse
INFO: [GeminiClient] Waiting for semaphore. In queue: 85 | Active calls: 80 | Available permits: 0
May 08, 2026 3:06:47 PM arch.GeminiClient getResponse
INFO: [GeminiClient] Got response. Active calls: 79
May 08, 2026 3:06:47 PM arch.GeminiClient getResponse
INFO: [GeminiClient] Acquired semaphore. Active calls: 80
May 08, 2026 3:06:47 PM arch.GeminiClient getResponse
INFO: [GeminiClient] Waiting for semaphore. In queue: 85 | Active calls: 80 | Available permits: 0
May 08, 2026 3:06:47 PM arch.GeminiClient getResponse
INFO: [GeminiClient] Waiting for semaphore. In queue: 86 | Active calls: 80 | Available permits: 0
May 08, 2026 3:06:47 PM arch.GeminiClient getResponse
INFO: [GeminiClient] Got response. Active calls: 79
May 08, 2026 3:06:47 PM arch.GeminiClient getResponse
INFO: [GeminiClient] Got response. Active calls: 77
May 08, 2026 3:06:47 PM arch.GeminiClient getResponse
INFO: [GeminiClient] Got response. Active calls: 78
May 08, 2026 3:06:47 PM arch.GeminiClient getResponse
INFO: [GeminiClient] Acquired semaphore. Active calls: 78
May 08, 2026 3:06:47 PM arch.GeminiClient getResponse
INFO: [GeminiClient] Acquired semaphore. Active calls: 79
May 08, 2026 3:06:47 PM arch.GeminiClient getResponse
INFO: [GeminiClient] Acquired semaphore. Active calls: 80
May 08, 2026 3:06:47 PM arch.GeminiClient getResponse
INFO: [GeminiClient] Waiting for semaphore. In queue: 84 | Active calls: 80 | Available permits: 0
May 08, 2026 3:06:47 PM arch.GeminiClient getResponse
INFO: [GeminiClient] Waiting for semaphore. In queue: 85 | Active calls: 80 | Available permits: 0
May 08, 2026 3:06:47 PM arch.GeminiClient getResponse
INFO: [GeminiClient] Waiting for semaphore. In queue: 86 | Active calls: 80 | Available permits: 0
May 08, 2026 3:06:47 PM arch.GeminiClient getResponse
INFO: [GeminiClient] Got response. Active calls: 79
May 08, 2026 3:06:47 PM arch.GeminiClient getResponse
INFO: [GeminiClient] Acquired semaphore. Active calls: 80
May 08, 2026 3:06:47 PM arch.GeminiClient getResponse
INFO: [GeminiClient] Waiting for semaphore. In queue: 86 | Active calls: 80 | Available permits: 0
May 08, 2026 3:06:47 PM arch.GeminiClient getResponse
INFO: [GeminiClient] Waiting for semaphore. In queue: 87 | Active calls: 80 | Available permits: 0
May 08, 2026 3:06:47 PM arch.GeminiClient getResponse
INFO: [GeminiClient] Got response. Active calls: 79
May 08, 2026 3:06:47 PM arch.GeminiClient getResponse
INFO: [GeminiClient] Acquired semaphore. Active calls: 80
May 08, 2026 3:06:47 PM arch.GeminiClient getResponse
INFO: [GeminiClient] Waiting for semaphore. In queue: 87 | Active calls: 80 | Available permits: 0
May 08, 2026 3:06:47 PM arch.GeminiClient getResponse
INFO: [GeminiClient] Got response. Active calls: 79
May 08, 2026 3:06:47 PM arch.GeminiClient getResponse
INFO: [GeminiClient] Acquired semaphore. Active calls: 80
May 08, 2026 3:06:47 PM arch.GeminiClient getResponse
INFO: [GeminiClient] Waiting for semaphore. In queue: 87 | Active calls: 80 | Available permits: 0
May 08, 2026 3:06:47 PM arch.GeminiClient getResponse
INFO: [GeminiClient] Got response. Active calls: 79
May 08, 2026 3:06:47 PM arch.GeminiClient getResponse
INFO: [GeminiClient] Acquired semaphore. Active calls: 80
May 08, 2026 3:06:47 PM arch.GeminiClient getResponse
INFO: [GeminiClient] Got response. Active calls: 79
May 08, 2026 3:06:47 PM arch.GeminiClient getResponse
INFO: [GeminiClient] Acquired semaphore. Active calls: 80
May 08, 2026 3:06:48 PM arch.GeminiClient getResponse
INFO: [GeminiClient] Got response. Active calls: 79
May 08, 2026 3:06:48 PM arch.GeminiClient getResponse
INFO: [GeminiClient] Acquired semaphore. Active calls: 80
May 08, 2026 3:06:48 PM arch.GeminiClient getResponse
INFO: [GeminiClient] Waiting for semaphore. In queue: 85 | Active calls: 80 | Available permits: 0
May 08, 2026 3:06:48 PM arch.GeminiClient getResponse
INFO: [GeminiClient] Waiting for semaphore. In queue: 86 | Active calls: 80 | Available permits: 0
May 08, 2026 3:06:48 PM arch.GeminiClient getResponse
INFO: [GeminiClient] Waiting for semaphore. In queue: 87 | Active calls: 80 | Available permits: 0
May 08, 2026 3:06:48 PM arch.GeminiClient getResponse
INFO: [GeminiClient] Got response. Active calls: 79
May 08, 2026 3:06:48 PM arch.GeminiClient getResponse
INFO: [GeminiClient] Acquired semaphore. Active calls: 80
May 08, 2026 3:06:48 PM arch.GeminiClient getResponse
INFO: [GeminiClient] Waiting for semaphore. In queue: 87 | Active calls: 80 | Available permits: 0
May 08, 2026 3:06:48 PM arch.GeminiClient getResponse
INFO: [GeminiClient] Got response. Active calls: 79
May 08, 2026 3:06:48 PM arch.GeminiClient getResponse
INFO: [GeminiClient] Acquired semaphore. Active calls: 80
May 08, 2026 3:06:48 PM arch.GeminiClient getResponse
INFO: [GeminiClient] Waiting for semaphore. In queue: 87 | Active calls: 80 | Available permits: 0
May 08, 2026 3:06:48 PM arch.GeminiClient getResponse
INFO: [GeminiClient] Got response. Active calls: 79
May 08, 2026 3:06:48 PM arch.GeminiClient getResponse
INFO: [GeminiClient] Acquired semaphore. Active calls: 80
May 08, 2026 3:06:48 PM arch.GeminiClient getResponse
INFO: [GeminiClient] Waiting for semaphore. In queue: 87 | Active calls: 80 | Available permits: 0
May 08, 2026 3:06:48 PM arch.GeminiClient getResponse
INFO: [GeminiClient] Got response. Active calls: 79
May 08, 2026 3:06:48 PM arch.GeminiClient getResponse
INFO: [GeminiClient] Acquired semaphore. Active calls: 80
May 08, 2026 3:06:48 PM arch.GeminiClient getResponse
INFO: [GeminiClient] Waiting for semaphore. In queue: 87 | Active calls: 80 | Available permits: 0
May 08, 2026 3:06:48 PM arch.GeminiClient getResponse
INFO: [GeminiClient] Got response. Active calls: 79
May 08, 2026 3:06:48 PM arch.GeminiClient getResponse
INFO: [GeminiClient] Acquired semaphore. Active calls: 80
May 08, 2026 3:06:48 PM arch.GeminiClient getResponse
INFO: [GeminiClient] Waiting for semaphore. In queue: 87 | Active calls: 80 | Available permits: 0
May 08, 2026 3:06:48 PM arch.GeminiClient getResponse
INFO: [GeminiClient] Got response. Active calls: 79
May 08, 2026 3:06:48 PM arch.GeminiClient getResponse
INFO: [GeminiClient] Acquired semaphore. Active calls: 80
May 08, 2026 3:06:48 PM arch.GeminiClient getResponse
INFO: [GeminiClient] Waiting for semaphore. In queue: 87 | Active calls: 80 | Available permits: 0
May 08, 2026 3:06:48 PM arch.GeminiClient getResponse
INFO: [GeminiClient] Got response. Active calls: 79
May 08, 2026 3:06:48 PM arch.GeminiClient getResponse
INFO: [GeminiClient] Acquired semaphore. Active calls: 80
May 08, 2026 3:06:48 PM arch.GeminiClient getResponse
INFO: [GeminiClient] Waiting for semaphore. In queue: 87 | Active calls: 80 | Available permits: 0
May 08, 2026 3:06:49 PM arch.GeminiClient getResponse
INFO: [GeminiClient] Got response. Active calls: 79
May 08, 2026 3:06:49 PM arch.GeminiClient getResponse
INFO: [GeminiClient] Acquired semaphore. Active calls: 80
May 08, 2026 3:06:49 PM arch.GeminiClient getResponse
INFO: [GeminiClient] Waiting for semaphore. In queue: 87 | Active calls: 80 | Available permits: 0
May 08, 2026 3:06:49 PM arch.GeminiClient getResponse
INFO: [GeminiClient] Got response. Active calls: 79
May 08, 2026 3:06:49 PM arch.GeminiClient getResponse
INFO: [GeminiClient] Acquired semaphore. Active calls: 80
May 08, 2026 3:06:49 PM arch.GeminiClient getResponse
INFO: [GeminiClient] Waiting for semaphore. In queue: 87 | Active calls: 80 | Available permits: 0
May 08, 2026 3:06:49 PM arch.GeminiClient getResponse
INFO: [GeminiClient] Got response. Active calls: 79
May 08, 2026 3:06:49 PM arch.GeminiClient getResponse
INFO: [GeminiClient] Acquired semaphore. Active calls: 80
May 08, 2026 3:06:49 PM arch.GeminiClient getResponse
INFO: [GeminiClient] Waiting for semaphore. In queue: 87 | Active calls: 80 | Available permits: 0
May 08, 2026 3:06:49 PM arch.GeminiClient getResponse
INFO: [GeminiClient] Got response. Active calls: 79
May 08, 2026 3:06:49 PM arch.GeminiClient getResponse
INFO: [GeminiClient] Acquired semaphore. Active calls: 80
May 08, 2026 3:06:49 PM arch.GeminiClient getResponse
INFO: [GeminiClient] Waiting for semaphore. In queue: 87 | Active calls: 80 | Available permits: 0
May 08, 2026 3:06:49 PM arch.GeminiClient getResponse
INFO: [GeminiClient] Got response. Active calls: 79
May 08, 2026 3:06:49 PM arch.GeminiClient getResponse
INFO: [GeminiClient] Acquired semaphore. Active calls: 80
May 08, 2026 3:06:49 PM arch.GeminiClient getResponse
INFO: [GeminiClient] Waiting for semaphore. In queue: 87 | Active calls: 80 | Available permits: 0
May 08, 2026 3:06:49 PM arch.GeminiClient getResponse
INFO: [GeminiClient] Got response. Active calls: 79
May 08, 2026 3:06:49 PM arch.GeminiClient getResponse
INFO: [GeminiClient] Acquired semaphore. Active calls: 80
May 08, 2026 3:06:49 PM arch.GeminiClient getResponse
INFO: [GeminiClient] Waiting for semaphore. In queue: 87 | Active calls: 80 | Available permits: 0
May 08, 2026 3:06:49 PM arch.GeminiClient getResponse
INFO: [GeminiClient] Got response. Active calls: 79
May 08, 2026 3:06:49 PM arch.GeminiClient getResponse
INFO: [GeminiClient] Acquired semaphore. Active calls: 80
May 08, 2026 3:06:49 PM arch.GeminiClient getResponse
INFO: [GeminiClient] Waiting for semaphore. In queue: 87 | Active calls: 80 | Available permits: 0
May 08, 2026 3:06:49 PM arch.GeminiClient getResponse
INFO: [GeminiClient] Got response. Active calls: 79
May 08, 2026 3:06:49 PM arch.GeminiClient getResponse
INFO: [GeminiClient] Acquired semaphore. Active calls: 80
May 08, 2026 3:06:49 PM arch.GeminiClient getResponse
INFO: [GeminiClient] Waiting for semaphore. In queue: 87 | Active calls: 80 | Available permits: 0
May 08, 2026 3:06:49 PM arch.GeminiClient getResponse
INFO: [GeminiClient] Got response. Active calls: 79
May 08, 2026 3:06:49 PM arch.GeminiClient getResponse
INFO: [GeminiClient] Acquired semaphore. Active calls: 80
May 08, 2026 3:06:49 PM arch.GeminiClient getResponse
INFO: [GeminiClient] Waiting for semaphore. In queue: 87 | Active calls: 80 | Available permits: 0
May 08, 2026 3:06:49 PM arch.GeminiClient getResponse
INFO: [GeminiClient] Got response. Active calls: 79
May 08, 2026 3:06:49 PM arch.GeminiClient getResponse
INFO: [GeminiClient] Acquired semaphore. Active calls: 80
May 08, 2026 3:06:49 PM arch.GeminiClient getResponse
INFO: [GeminiClient] Waiting for semaphore. In queue: 87 | Active calls: 80 | Available permits: 0
May 08, 2026 3:06:49 PM arch.GeminiClient getResponse
INFO: [GeminiClient] Got response. Active calls: 79
May 08, 2026 3:06:49 PM arch.GeminiClient getResponse
INFO: [GeminiClient] Acquired semaphore. Active calls: 80
May 08, 2026 3:06:49 PM arch.GeminiClient getResponse
INFO: [GeminiClient] Waiting for semaphore. In queue: 87 | Active calls: 80 | Available permits: 0
May 08, 2026 3:06:50 PM arch.GeminiClient getResponse
INFO: [GeminiClient] Got response. Active calls: 79
May 08, 2026 3:06:50 PM arch.GeminiClient getResponse
INFO: [GeminiClient] Acquired semaphore. Active calls: 80
May 08, 2026 3:06:50 PM arch.GeminiClient getResponse
INFO: [GeminiClient] Waiting for semaphore. In queue: 87 | Active calls: 80 | Available permits: 0
May 08, 2026 3:06:50 PM arch.GeminiClient getResponse
INFO: [GeminiClient] Got response. Active calls: 79
May 08, 2026 3:06:50 PM arch.GeminiClient getResponse
INFO: [GeminiClient] Acquired semaphore. Active calls: 80
May 08, 2026 3:06:50 PM arch.GeminiClient getResponse
INFO: [GeminiClient] Waiting for semaphore. In queue: 87 | Active calls: 80 | Available permits: 0
May 08, 2026 3:06:50 PM arch.GeminiClient getResponse
INFO: [GeminiClient] Got response. Active calls: 79
May 08, 2026 3:06:50 PM arch.GeminiClient getResponse
INFO: [GeminiClient] Got response. Active calls: 78
May 08, 2026 3:06:50 PM arch.GeminiClient getResponse
INFO: [GeminiClient] Acquired semaphore. Active calls: 79
May 08, 2026 3:06:50 PM arch.GeminiClient getResponse
INFO: [GeminiClient] Acquired semaphore. Active calls: 80
May 08, 2026 3:06:50 PM arch.GeminiClient getResponse
INFO: [GeminiClient] Waiting for semaphore. In queue: 86 | Active calls: 80 | Available permits: 0
May 08, 2026 3:06:50 PM arch.GeminiClient getResponse
INFO: [GeminiClient] Waiting for semaphore. In queue: 87 | Active calls: 80 | Available permits: 0
May 08, 2026 3:06:50 PM arch.GeminiClient getResponse
INFO: [GeminiClient] Got response. Active calls: 79
May 08, 2026 3:06:50 PM arch.GeminiClient getResponse
INFO: [GeminiClient] Acquired semaphore. Active calls: 80
May 08, 2026 3:06:50 PM arch.GeminiClient getResponse
INFO: [GeminiClient] Got response. Active calls: 79
May 08, 2026 3:06:50 PM arch.GeminiClient getResponse
INFO: [GeminiClient] Acquired semaphore. Active calls: 80
May 08, 2026 3:06:50 PM arch.GeminiClient getResponse
INFO: [GeminiClient] Waiting for semaphore. In queue: 86 | Active calls: 80 | Available permits: 0
May 08, 2026 3:06:50 PM arch.GeminiClient getResponse
INFO: [GeminiClient] Waiting for semaphore. In queue: 87 | Active calls: 80 | Available permits: 0
May 08, 2026 3:06:50 PM arch.GeminiClient getResponse
INFO: [GeminiClient] Got response. Active calls: 79
May 08, 2026 3:06:50 PM arch.GeminiClient getResponse
INFO: [GeminiClient] Acquired semaphore. Active calls: 80
May 08, 2026 3:06:50 PM arch.GeminiClient getResponse
INFO: [GeminiClient] Waiting for semaphore. In queue: 87 | Active calls: 80 | Available permits: 0
May 08, 2026 3:06:50 PM arch.GeminiClient getResponse
INFO: [GeminiClient] Got response. Active calls: 79
May 08, 2026 3:06:50 PM arch.GeminiClient getResponse
INFO: [GeminiClient] Acquired semaphore. Active calls: 80
May 08, 2026 3:06:50 PM arch.GeminiClient getResponse
INFO: [GeminiClient] Waiting for semaphore. In queue: 87 | Active calls: 80 | Available permits: 0
May 08, 2026 3:06:50 PM arch.GeminiClient getResponse
INFO: [GeminiClient] Waiting for semaphore. In queue: 88 | Active calls: 80 | Available permits: 0
May 08, 2026 3:06:50 PM arch.GeminiClient getResponse
INFO: [GeminiClient] Waiting for semaphore. In queue: 89 | Active calls: 80 | Available permits: 0
May 08, 2026 3:06:50 PM arch.GeminiClient getResponse
INFO: [GeminiClient] Got response. Active calls: 79
May 08, 2026 3:06:50 PM arch.GeminiClient getResponse
INFO: [GeminiClient] Acquired semaphore. Active calls: 80
May 08, 2026 3:06:50 PM arch.GeminiClient getResponse
INFO: [GeminiClient] Waiting for semaphore. In queue: 89 | Active calls: 80 | Available permits: 0
May 08, 2026 3:06:50 PM arch.GeminiClient getResponse
INFO: [GeminiClient] Got response. Active calls: 79
May 08, 2026 3:06:50 PM arch.GeminiClient getResponse
INFO: [GeminiClient] Acquired semaphore. Active calls: 80
May 08, 2026 3:06:50 PM arch.GeminiClient getResponse
INFO: [GeminiClient] Waiting for semaphore. In queue: 89 | Active calls: 80 | Available permits: 0
May 08, 2026 3:06:50 PM arch.GeminiClient getResponse
INFO: [GeminiClient] Got response. Active calls: 79
May 08, 2026 3:06:50 PM arch.GeminiClient getResponse
INFO: [GeminiClient] Acquired semaphore. Active calls: 80
May 08, 2026 3:06:50 PM arch.GeminiClient getResponse
INFO: [GeminiClient] Waiting for semaphore. In queue: 89 | Active calls: 80 | Available permits: 0
May 08, 2026 3:06:50 PM arch.GeminiClient getResponse
INFO: [GeminiClient] Got response. Active calls: 79
May 08, 2026 3:06:50 PM arch.GeminiClient getResponse
INFO: [GeminiClient] Acquired semaphore. Active calls: 80
May 08, 2026 3:06:50 PM arch.GeminiClient getResponse
INFO: [GeminiClient] Waiting for semaphore. In queue: 89 | Active calls: 80 | Available permits: 0
May 08, 2026 3:06:50 PM arch.GeminiClient getResponse
INFO: [GeminiClient] Got response. Active calls: 79
May 08, 2026 3:06:50 PM arch.GeminiClient getResponse
INFO: [GeminiClient] Acquired semaphore. Active calls: 80
May 08, 2026 3:06:50 PM arch.GeminiClient getResponse
INFO: [GeminiClient] Waiting for semaphore. In queue: 89 | Active calls: 80 | Available permits: 0
May 08, 2026 3:06:51 PM arch.GeminiClient getResponse
INFO: [GeminiClient] Waiting for semaphore. In queue: 90 | Active calls: 80 | Available permits: 0
May 08, 2026 3:06:51 PM arch.GeminiClient getResponse
INFO: [GeminiClient] Got response. Active calls: 79
May 08, 2026 3:06:51 PM arch.GeminiClient getResponse
INFO: [GeminiClient] Acquired semaphore. Active calls: 80
May 08, 2026 3:06:51 PM arch.GeminiClient getResponse
INFO: [GeminiClient] Waiting for semaphore. In queue: 90 | Active calls: 80 | Available permits: 0
May 08, 2026 3:06:51 PM arch.GeminiClient getResponse
INFO: [GeminiClient] Got response. Active calls: 79
May 08, 2026 3:06:51 PM arch.GeminiClient getResponse
INFO: [GeminiClient] Got response. Active calls: 78
May 08, 2026 3:06:51 PM arch.GeminiClient getResponse
INFO: [GeminiClient] Acquired semaphore. Active calls: 80
May 08, 2026 3:06:51 PM arch.GeminiClient getResponse
INFO: [GeminiClient] Acquired semaphore. Active calls: 79
May 08, 2026 3:06:51 PM arch.GeminiClient getResponse
INFO: [GeminiClient] Waiting for semaphore. In queue: 89 | Active calls: 80 | Available permits: 0
May 08, 2026 3:06:51 PM arch.GeminiClient getResponse
INFO: [GeminiClient] Waiting for semaphore. In queue: 90 | Active calls: 80 | Available permits: 0
May 08, 2026 3:06:51 PM arch.GeminiClient getResponse
INFO: [GeminiClient] Got response. Active calls: 79
May 08, 2026 3:06:51 PM arch.GeminiClient getResponse
INFO: [GeminiClient] Acquired semaphore. Active calls: 80
May 08, 2026 3:06:51 PM arch.GeminiClient getResponse
INFO: [GeminiClient] Waiting for semaphore. In queue: 90 | Active calls: 80 | Available permits: 0
May 08, 2026 3:06:51 PM arch.GeminiClient getResponse
INFO: [GeminiClient] Got response. Active calls: 79
May 08, 2026 3:06:51 PM arch.GeminiClient getResponse
INFO: [GeminiClient] Acquired semaphore. Active calls: 80
May 08, 2026 3:06:51 PM arch.GeminiClient getResponse
INFO: [GeminiClient] Waiting for semaphore. In queue: 90 | Active calls: 80 | Available permits: 0
May 08, 2026 3:06:51 PM arch.GeminiClient getResponse
INFO: [GeminiClient] Got response. Active calls: 79
May 08, 2026 3:06:51 PM arch.GeminiClient getResponse
INFO: [GeminiClient] Acquired semaphore. Active calls: 80
May 08, 2026 3:06:51 PM arch.GeminiClient getResponse
INFO: [GeminiClient] Waiting for semaphore. In queue: 90 | Active calls: 80 | Available permits: 0
May 08, 2026 3:06:51 PM arch.GeminiClient getResponse
INFO: [GeminiClient] Got response. Active calls: 79
May 08, 2026 3:06:51 PM arch.GeminiClient getResponse
INFO: [GeminiClient] Acquired semaphore. Active calls: 80
May 08, 2026 3:06:51 PM arch.GeminiClient getResponse
INFO: [GeminiClient] Waiting for semaphore. In queue: 90 | Active calls: 80 | Available permits: 0
May 08, 2026 3:06:51 PM arch.GeminiClient getResponse
INFO: [GeminiClient] Got response. Active calls: 79
May 08, 2026 3:06:51 PM arch.GeminiClient getResponse
INFO: [GeminiClient] Acquired semaphore. Active calls: 80
May 08, 2026 3:06:51 PM arch.GeminiClient getResponse
INFO: [GeminiClient] Waiting for semaphore. In queue: 90 | Active calls: 80 | Available permits: 0
May 08, 2026 3:06:51 PM arch.GeminiClient getResponse
INFO: [GeminiClient] Got response. Active calls: 79
May 08, 2026 3:06:51 PM arch.GeminiClient getResponse
INFO: [GeminiClient] Got response. Active calls: 78
May 08, 2026 3:06:51 PM arch.GeminiClient getResponse
INFO: [GeminiClient] Acquired semaphore. Active calls: 79
May 08, 2026 3:06:51 PM arch.GeminiClient getResponse
INFO: [GeminiClient] Acquired semaphore. Active calls: 80
May 08, 2026 3:06:51 PM arch.GeminiClient getResponse
INFO: [GeminiClient] Got response. Active calls: 79
May 08, 2026 3:06:51 PM arch.GeminiClient getResponse
INFO: [GeminiClient] Acquired semaphore. Active calls: 80
May 08, 2026 3:06:52 PM arch.GeminiClient getResponse
INFO: [GeminiClient] Waiting for semaphore. In queue: 88 | Active calls: 80 | Available permits: 0
May 08, 2026 3:06:52 PM arch.GeminiClient getResponse
INFO: [GeminiClient] Waiting for semaphore. In queue: 89 | Active calls: 80 | Available permits: 0
May 08, 2026 3:06:52 PM arch.GeminiClient getResponse
INFO: [GeminiClient] Waiting for semaphore. In queue: 90 | Active calls: 80 | Available permits: 0
May 08, 2026 3:06:52 PM arch.GeminiClient getResponse
INFO: [GeminiClient] Got response. Active calls: 79
May 08, 2026 3:06:52 PM arch.GeminiClient getResponse
INFO: [GeminiClient] Got response. Active calls: 78
May 08, 2026 3:06:52 PM arch.GeminiClient getResponse
INFO: [GeminiClient] Acquired semaphore. Active calls: 79
May 08, 2026 3:06:52 PM arch.GeminiClient getResponse
INFO: [GeminiClient] Acquired semaphore. Active calls: 80
May 08, 2026 3:06:52 PM arch.GeminiClient getResponse
INFO: [GeminiClient] Waiting for semaphore. In queue: 89 | Active calls: 80 | Available permits: 0
May 08, 2026 3:06:52 PM arch.GeminiClient getResponse
INFO: [GeminiClient] Waiting for semaphore. In queue: 90 | Active calls: 80 | Available permits: 0
May 08, 2026 3:06:52 PM arch.GeminiClient getResponse
INFO: [GeminiClient] Waiting for semaphore. In queue: 91 | Active calls: 80 | Available permits: 0
May 08, 2026 3:06:52 PM arch.GeminiClient getResponse
INFO: [GeminiClient] Got response. Active calls: 79
May 08, 2026 3:06:52 PM arch.GeminiClient getResponse
INFO: [GeminiClient] Acquired semaphore. Active calls: 80
May 08, 2026 3:06:52 PM arch.GeminiClient getResponse
INFO: [GeminiClient] Waiting for semaphore. In queue: 91 | Active calls: 80 | Available permits: 0
May 08, 2026 3:06:52 PM arch.GeminiClient getResponse
INFO: [GeminiClient] Got response. Active calls: 79
May 08, 2026 3:06:52 PM arch.GeminiClient getResponse
INFO: [GeminiClient] Acquired semaphore. Active calls: 80
May 08, 2026 3:06:53 PM arch.GeminiClient getResponse
INFO: [GeminiClient] Waiting for semaphore. In queue: 91 | Active calls: 80 | Available permits: 0
May 08, 2026 3:06:53 PM arch.GeminiClient getResponse
INFO: [GeminiClient] Got response. Active calls: 79
May 08, 2026 3:06:53 PM arch.GeminiClient getResponse
INFO: [GeminiClient] Acquired semaphore. Active calls: 80
May 08, 2026 3:06:53 PM arch.GeminiClient getResponse
INFO: [GeminiClient] Got response. Active calls: 79
May 08, 2026 3:06:53 PM arch.GeminiClient getResponse
INFO: [GeminiClient] Acquired semaphore. Active calls: 80
May 08, 2026 3:06:53 PM arch.GeminiClient getResponse
INFO: [GeminiClient] Waiting for semaphore. In queue: 90 | Active calls: 80 | Available permits: 0
May 08, 2026 3:06:53 PM arch.GeminiClient getResponse
INFO: [GeminiClient] Waiting for semaphore. In queue: 91 | Active calls: 80 | Available permits: 0
May 08, 2026 3:06:53 PM arch.GeminiClient getResponse
INFO: [GeminiClient] Waiting for semaphore. In queue: 92 | Active calls: 80 | Available permits: 0
May 08, 2026 3:06:53 PM arch.GeminiClient getResponse
INFO: [GeminiClient] Waiting for semaphore. In queue: 93 | Active calls: 80 | Available permits: 0
May 08, 2026 3:06:53 PM arch.GeminiClient getResponse
INFO: [GeminiClient] Waiting for semaphore. In queue: 94 | Active calls: 80 | Available permits: 0
May 08, 2026 3:06:53 PM arch.GeminiClient getResponse
INFO: [GeminiClient] Waiting for semaphore. In queue: 95 | Active calls: 80 | Available permits: 0
May 08, 2026 3:06:53 PM arch.GeminiClient getResponse
INFO: [GeminiClient] Waiting for semaphore. In queue: 96 | Active calls: 80 | Available permits: 0
May 08, 2026 3:06:53 PM arch.GeminiClient getResponse
INFO: [GeminiClient] Waiting for semaphore. In queue: 97 | Active calls: 80 | Available permits: 0
May 08, 2026 3:06:53 PM arch.GeminiClient getResponse
INFO: [GeminiClient] Waiting for semaphore. In queue: 98 | Active calls: 80 | Available permits: 0
May 08, 2026 3:06:53 PM arch.GeminiClient getResponse
INFO: [GeminiClient] Waiting for semaphore. In queue: 99 | Active calls: 80 | Available permits: 0
May 08, 2026 3:06:53 PM arch.GeminiClient getResponse
INFO: [GeminiClient] Waiting for semaphore. In queue: 100 | Active calls: 80 | Available permits: 0
May 08, 2026 3:06:53 PM arch.GeminiClient getResponse
INFO: [GeminiClient] Waiting for semaphore. In queue: 101 | Active calls: 80 | Available permits: 0
May 08, 2026 3:06:53 PM arch.GeminiClient getResponse
INFO: [GeminiClient] Got response. Active calls: 79
May 08, 2026 3:06:53 PM arch.GeminiClient getResponse
INFO: [GeminiClient] Acquired semaphore. Active calls: 80
May 08, 2026 3:06:53 PM arch.GeminiClient getResponse
INFO: [GeminiClient] Waiting for semaphore. In queue: 101 | Active calls: 80 | Available permits: 0
May 08, 2026 3:06:53 PM arch.GeminiClient getResponse
INFO: [GeminiClient] Got response. Active calls: 79
May 08, 2026 3:06:53 PM arch.GeminiClient getResponse
INFO: [GeminiClient] Acquired semaphore. Active calls: 80
May 08, 2026 3:06:53 PM arch.GeminiClient getResponse
INFO: [GeminiClient] Waiting for semaphore. In queue: 101 | Active calls: 80 | Available permits: 0
May 08, 2026 3:06:53 PM arch.GeminiClient getResponse
INFO: [GeminiClient] Waiting for semaphore. In queue: 102 | Active calls: 80 | Available permits: 0
May 08, 2026 3:06:53 PM arch.GeminiClient getResponse
INFO: [GeminiClient] Got response. Active calls: 79
May 08, 2026 3:06:53 PM arch.GeminiClient getResponse
INFO: [GeminiClient] Acquired semaphore. Active calls: 80
May 08, 2026 3:06:53 PM arch.GeminiClient getResponse
INFO: [GeminiClient] Waiting for semaphore. In queue: 102 | Active calls: 80 | Available permits: 0
May 08, 2026 3:06:53 PM arch.GeminiClient getResponse
INFO: [GeminiClient] Got response. Active calls: 79
May 08, 2026 3:06:53 PM arch.GeminiClient getResponse
INFO: [GeminiClient] Acquired semaphore. Active calls: 80
May 08, 2026 3:06:53 PM arch.GeminiClient getResponse
INFO: [GeminiClient] Waiting for semaphore. In queue: 102 | Active calls: 80 | Available permits: 0
May 08, 2026 3:06:53 PM arch.GeminiClient getResponse
WARNING: [GeminiClient] TIMEOUT. Active: 79
May 08, 2026 3:06:53 PM arch.GeminiClient getResponse
INFO: [GeminiClient] Waiting for semaphore. In queue: 103 | Active calls: 79 | Available permits: 1
May 08, 2026 3:06:53 PM arch.GeminiClient getResponse
INFO: [GeminiClient] Acquired semaphore. Active calls: 80
May 08, 2026 3:06:53 PM arch.GeminiClient getResponse
INFO: [GeminiClient] Got response. Active calls: 79
May 08, 2026 3:06:53 PM arch.GeminiClient getResponse
INFO: [GeminiClient] Acquired semaphore. Active calls: 80
May 08, 2026 3:06:53 PM arch.GeminiClient getResponse
INFO: [GeminiClient] Waiting for semaphore. In queue: 102 | Active calls: 80 | Available permits: 0
May 08, 2026 3:06:53 PM arch.GeminiClient getResponse
INFO: [GeminiClient] Got response. Active calls: 79
May 08, 2026 3:06:53 PM arch.GeminiClient getResponse
INFO: [GeminiClient] Acquired semaphore. Active calls: 80
May 08, 2026 3:06:53 PM arch.GeminiClient getResponse
INFO: [GeminiClient] Waiting for semaphore. In queue: 102 | Active calls: 80 | Available permits: 0
May 08, 2026 3:06:54 PM arch.GeminiClient getResponse
INFO: [GeminiClient] Got response. Active calls: 79
May 08, 2026 3:06:54 PM arch.GeminiClient getResponse
INFO: [GeminiClient] Got response. Active calls: 78
May 08, 2026 3:06:54 PM arch.GeminiClient getResponse
INFO: [GeminiClient] Got response. Active calls: 77
May 08, 2026 3:06:54 PM arch.GeminiClient getResponse
INFO: [GeminiClient] Acquired semaphore. Active calls: 78
May 08, 2026 3:06:54 PM arch.GeminiClient getResponse
INFO: [GeminiClient] Acquired semaphore. Active calls: 79
May 08, 2026 3:06:54 PM arch.GeminiClient getResponse
INFO: [GeminiClient] Acquired semaphore. Active calls: 80
May 08, 2026 3:06:54 PM arch.GeminiClient getResponse
INFO: [GeminiClient] Waiting for semaphore. In queue: 100 | Active calls: 80 | Available permits: 0
May 08, 2026 3:06:54 PM arch.GeminiClient getResponse
INFO: [GeminiClient] Waiting for semaphore. In queue: 101 | Active calls: 80 | Available permits: 0
May 08, 2026 3:06:54 PM arch.GeminiClient getResponse
INFO: [GeminiClient] Waiting for semaphore. In queue: 102 | Active calls: 80 | Available permits: 0
May 08, 2026 3:06:54 PM arch.GeminiClient getResponse
INFO: [GeminiClient] Waiting for semaphore. In queue: 103 | Active calls: 80 | Available permits: 0
May 08, 2026 3:06:54 PM arch.GeminiClient getResponse
INFO: [GeminiClient] Got response. Active calls: 79
May 08, 2026 3:06:54 PM arch.GeminiClient getResponse
INFO: [GeminiClient] Acquired semaphore. Active calls: 80
May 08, 2026 3:06:54 PM arch.GeminiClient getResponse
INFO: [GeminiClient] Waiting for semaphore. In queue: 103 | Active calls: 80 | Available permits: 0
May 08, 2026 3:06:54 PM arch.GeminiClient getResponse
INFO: [GeminiClient] Got response. Active calls: 79
May 08, 2026 3:06:54 PM arch.GeminiClient getResponse
INFO: [GeminiClient] Acquired semaphore. Active calls: 80
May 08, 2026 3:06:54 PM arch.GeminiClient getResponse
INFO: [GeminiClient] Waiting for semaphore. In queue: 103 | Active calls: 80 | Available permits: 0
May 08, 2026 3:06:54 PM arch.GeminiClient getResponse
INFO: [GeminiClient] Got response. Active calls: 79
May 08, 2026 3:06:54 PM arch.GeminiClient getResponse
INFO: [GeminiClient] Acquired semaphore. Active calls: 80
May 08, 2026 3:06:54 PM arch.GeminiClient getResponse
INFO: [GeminiClient] Waiting for semaphore. In queue: 103 | Active calls: 80 | Available permits: 0
May 08, 2026 3:06:54 PM arch.GeminiClient getResponse
INFO: [GeminiClient] Got response. Active calls: 79
May 08, 2026 3:06:54 PM arch.GeminiClient getResponse
INFO: [GeminiClient] Acquired semaphore. Active calls: 80
May 08, 2026 3:06:54 PM arch.GeminiClient getResponse
INFO: [GeminiClient] Got response. Active calls: 79
May 08, 2026 3:06:54 PM arch.GeminiClient getResponse
INFO: [GeminiClient] Acquired semaphore. Active calls: 80
May 08, 2026 3:06:54 PM arch.GeminiClient getResponse
INFO: [GeminiClient] Waiting for semaphore. In queue: 102 | Active calls: 80 | Available permits: 0
May 08, 2026 3:06:54 PM arch.GeminiClient getResponse
INFO: [GeminiClient] Waiting for semaphore. In queue: 103 | Active calls: 80 | Available permits: 0
May 08, 2026 3:06:55 PM arch.GeminiClient getResponse
INFO: [GeminiClient] Got response. Active calls: 79
May 08, 2026 3:06:55 PM arch.GeminiClient getResponse
INFO: [GeminiClient] Acquired semaphore. Active calls: 80
May 08, 2026 3:06:55 PM arch.GeminiClient getResponse
INFO: [GeminiClient] Waiting for semaphore. In queue: 103 | Active calls: 80 | Available permits: 0
May 08, 2026 3:06:55 PM arch.GeminiClient getResponse
INFO: [GeminiClient] Got response. Active calls: 79
May 08, 2026 3:06:55 PM arch.GeminiClient getResponse
INFO: [GeminiClient] Acquired semaphore. Active calls: 80
May 08, 2026 3:06:55 PM arch.GeminiClient getResponse
INFO: [GeminiClient] Waiting for semaphore. In queue: 103 | Active calls: 80 | Available permits: 0
May 08, 2026 3:06:55 PM arch.GeminiClient getResponse
INFO: [GeminiClient] Waiting for semaphore. In queue: 104 | Active calls: 80 | Available permits: 0
May 08, 2026 3:06:55 PM arch.GeminiClient getResponse
INFO: [GeminiClient] Waiting for semaphore. In queue: 105 | Active calls: 80 | Available permits: 0
May 08, 2026 3:06:55 PM arch.GeminiClient getResponse
INFO: [GeminiClient] Waiting for semaphore. In queue: 106 | Active calls: 80 | Available permits: 0
May 08, 2026 3:06:55 PM arch.GeminiClient getResponse
INFO: [GeminiClient] Got response. Active calls: 79
May 08, 2026 3:06:55 PM arch.GeminiClient getResponse
INFO: [GeminiClient] Acquired semaphore. Active calls: 80
May 08, 2026 3:06:55 PM arch.GeminiClient getResponse
INFO: [GeminiClient] Got response. Active calls: 79
May 08, 2026 3:06:55 PM arch.GeminiClient getResponse
INFO: [GeminiClient] Got response. Active calls: 78
May 08, 2026 3:06:55 PM arch.GeminiClient getResponse
INFO: [GeminiClient] Acquired semaphore. Active calls: 79
May 08, 2026 3:06:55 PM arch.GeminiClient getResponse
INFO: [GeminiClient] Acquired semaphore. Active calls: 80
May 08, 2026 3:06:55 PM arch.GeminiClient getResponse
INFO: [GeminiClient] Got response. Active calls: 79
May 08, 2026 3:06:55 PM arch.GeminiClient getResponse
INFO: [GeminiClient] Got response. Active calls: 78
May 08, 2026 3:06:55 PM arch.GeminiClient getResponse
INFO: [GeminiClient] Acquired semaphore. Active calls: 80
May 08, 2026 3:06:55 PM arch.GeminiClient getResponse
INFO: [GeminiClient] Acquired semaphore. Active calls: 79
May 08, 2026 3:06:55 PM arch.GeminiClient getResponse
INFO: [GeminiClient] Waiting for semaphore. In queue: 102 | Active calls: 80 | Available permits: 0
May 08, 2026 3:06:55 PM arch.GeminiClient getResponse
INFO: [GeminiClient] Waiting for semaphore. In queue: 103 | Active calls: 80 | Available permits: 0
May 08, 2026 3:06:55 PM arch.GeminiClient getResponse
INFO: [GeminiClient] Got response. Active calls: 79
May 08, 2026 3:06:55 PM arch.GeminiClient getResponse
INFO: [GeminiClient] Acquired semaphore. Active calls: 80
May 08, 2026 3:06:55 PM arch.GeminiClient getResponse
INFO: [GeminiClient] Waiting for semaphore. In queue: 103 | Active calls: 80 | Available permits: 0
May 08, 2026 3:06:55 PM arch.GeminiClient getResponse
INFO: [GeminiClient] Waiting for semaphore. In queue: 104 | Active calls: 80 | Available permits: 0
May 08, 2026 3:06:55 PM arch.GeminiClient getResponse
INFO: [GeminiClient] Waiting for semaphore. In queue: 105 | Active calls: 80 | Available permits: 0
May 08, 2026 3:06:55 PM arch.GeminiClient getResponse
INFO: [GeminiClient] Got response. Active calls: 79
May 08, 2026 3:06:55 PM arch.GeminiClient getResponse
INFO: [GeminiClient] Acquired semaphore. Active calls: 80
May 08, 2026 3:06:55 PM arch.GeminiClient getResponse
INFO: [GeminiClient] Waiting for semaphore. In queue: 105 | Active calls: 80 | Available permits: 0
May 08, 2026 3:06:55 PM arch.GeminiClient getResponse
INFO: [GeminiClient] Waiting for semaphore. In queue: 106 | Active calls: 80 | Available permits: 0
May 08, 2026 3:06:55 PM arch.GeminiClient getResponse
INFO: [GeminiClient] Got response. Active calls: 79
May 08, 2026 3:06:55 PM arch.GeminiClient getResponse
INFO: [GeminiClient] Acquired semaphore. Active calls: 80
May 08, 2026 3:06:55 PM arch.GeminiClient getResponse
INFO: [GeminiClient] Waiting for semaphore. In queue: 106 | Active calls: 80 | Available permits: 0
May 08, 2026 3:06:55 PM arch.GeminiClient getResponse
INFO: [GeminiClient] Got response. Active calls: 79
May 08, 2026 3:06:55 PM arch.GeminiClient getResponse
INFO: [GeminiClient] Acquired semaphore. Active calls: 80
May 08, 2026 3:06:55 PM arch.GeminiClient getResponse
INFO: [GeminiClient] Waiting for semaphore. In queue: 106 | Active calls: 80 | Available permits: 0
May 08, 2026 3:06:55 PM arch.GeminiClient getResponse
INFO: [GeminiClient] Got response. Active calls: 79
May 08, 2026 3:06:55 PM arch.GeminiClient getResponse
INFO: [GeminiClient] Acquired semaphore. Active calls: 80
May 08, 2026 3:06:55 PM arch.GeminiClient getResponse
INFO: [GeminiClient] Got response. Active calls: 79
May 08, 2026 3:06:55 PM arch.GeminiClient getResponse
INFO: [GeminiClient] Acquired semaphore. Active calls: 80
May 08, 2026 3:06:55 PM arch.GeminiClient getResponse
INFO: [GeminiClient] Waiting for semaphore. In queue: 105 | Active calls: 80 | Available permits: 0
May 08, 2026 3:06:56 PM arch.GeminiClient getResponse
INFO: [GeminiClient] Waiting for semaphore. In queue: 106 | Active calls: 80 | Available permits: 0
May 08, 2026 3:06:56 PM arch.GeminiClient getResponse
INFO: [GeminiClient] Got response. Active calls: 79
May 08, 2026 3:06:56 PM arch.GeminiClient getResponse
INFO: [GeminiClient] Acquired semaphore. Active calls: 80
May 08, 2026 3:06:56 PM arch.GeminiClient getResponse
INFO: [GeminiClient] Waiting for semaphore. In queue: 106 | Active calls: 80 | Available permits: 0
May 08, 2026 3:06:56 PM arch.GeminiClient getResponse
INFO: [GeminiClient] Got response. Active calls: 79
May 08, 2026 3:06:56 PM arch.GeminiClient getResponse
INFO: [GeminiClient] Acquired semaphore. Active calls: 80
May 08, 2026 3:06:56 PM arch.GeminiClient getResponse
INFO: [GeminiClient] Got response. Active calls: 79
May 08, 2026 3:06:56 PM arch.GeminiClient getResponse
INFO: [GeminiClient] Acquired semaphore. Active calls: 80
May 08, 2026 3:06:56 PM arch.GeminiClient getResponse
INFO: [GeminiClient] Waiting for semaphore. In queue: 105 | Active calls: 80 | Available permits: 0
May 08, 2026 3:06:56 PM arch.GeminiClient getResponse
INFO: [GeminiClient] Got response. Active calls: 79
May 08, 2026 3:06:56 PM arch.GeminiClient getResponse
INFO: [GeminiClient] Acquired semaphore. Active calls: 80
May 08, 2026 3:06:56 PM arch.GeminiClient getResponse
INFO: [GeminiClient] Waiting for semaphore. In queue: 105 | Active calls: 80 | Available permits: 0
May 08, 2026 3:06:56 PM arch.GeminiClient getResponse
INFO: [GeminiClient] Got response. Active calls: 79
May 08, 2026 3:06:56 PM arch.GeminiClient getResponse
INFO: [GeminiClient] Acquired semaphore. Active calls: 80
May 08, 2026 3:06:56 PM arch.GeminiClient getResponse
INFO: [GeminiClient] Waiting for semaphore. In queue: 105 | Active calls: 80 | Available permits: 0
May 08, 2026 3:06:56 PM arch.GeminiClient getResponse
INFO: [GeminiClient] Waiting for semaphore. In queue: 106 | Active calls: 80 | Available permits: 0
May 08, 2026 3:06:56 PM arch.GeminiClient getResponse
INFO: [GeminiClient] Got response. Active calls: 79
May 08, 2026 3:06:56 PM arch.GeminiClient getResponse
INFO: [GeminiClient] Acquired semaphore. Active calls: 80
May 08, 2026 3:06:56 PM arch.GeminiClient getResponse
INFO: [GeminiClient] Waiting for semaphore. In queue: 106 | Active calls: 80 | Available permits: 0
May 08, 2026 3:06:56 PM arch.GeminiClient getResponse
INFO: [GeminiClient] Got response. Active calls: 79
May 08, 2026 3:06:56 PM arch.GeminiClient getResponse
INFO: [GeminiClient] Acquired semaphore. Active calls: 80
May 08, 2026 3:06:56 PM arch.GeminiClient getResponse
INFO: [GeminiClient] Waiting for semaphore. In queue: 106 | Active calls: 80 | Available permits: 0
May 08, 2026 3:06:57 PM arch.GeminiClient getResponse
INFO: [GeminiClient] Got response. Active calls: 79
May 08, 2026 3:06:57 PM arch.GeminiClient getResponse
INFO: [GeminiClient] Acquired semaphore. Active calls: 80
May 08, 2026 3:06:57 PM arch.GeminiClient getResponse
INFO: [GeminiClient] Waiting for semaphore. In queue: 106 | Active calls: 80 | Available permits: 0
May 08, 2026 3:06:57 PM arch.GeminiClient getResponse
INFO: [GeminiClient] Got response. Active calls: 79
May 08, 2026 3:06:57 PM arch.GeminiClient getResponse
INFO: [GeminiClient] Acquired semaphore. Active calls: 80
May 08, 2026 3:06:57 PM arch.GeminiClient getResponse
INFO: [GeminiClient] Got response. Active calls: 79
May 08, 2026 3:06:57 PM arch.GeminiClient getResponse
INFO: [GeminiClient] Acquired semaphore. Active calls: 80
May 08, 2026 3:06:57 PM arch.GeminiClient getResponse
INFO: [GeminiClient] Waiting for semaphore. In queue: 105 | Active calls: 80 | Available permits: 0
May 08, 2026 3:06:57 PM arch.GeminiClient getResponse
INFO: [GeminiClient] Waiting for semaphore. In queue: 106 | Active calls: 80 | Available permits: 0
May 08, 2026 3:06:57 PM arch.GeminiClient getResponse
INFO: [GeminiClient] Got response. Active calls: 79
May 08, 2026 3:06:57 PM arch.GeminiClient getResponse
INFO: [GeminiClient] Acquired semaphore. Active calls: 80
May 08, 2026 3:06:57 PM arch.GeminiClient getResponse
INFO: [GeminiClient] Waiting for semaphore. In queue: 106 | Active calls: 80 | Available permits: 0
May 08, 2026 3:06:57 PM arch.GeminiClient getResponse
INFO: [GeminiClient] Got response. Active calls: 79
May 08, 2026 3:06:57 PM arch.GeminiClient getResponse
INFO: [GeminiClient] Acquired semaphore. Active calls: 80
May 08, 2026 3:06:57 PM arch.GeminiClient getResponse
INFO: [GeminiClient] Waiting for semaphore. In queue: 106 | Active calls: 80 | Available permits: 0
May 08, 2026 3:06:57 PM arch.GeminiClient getResponse
INFO: [GeminiClient] Got response. Active calls: 79
May 08, 2026 3:06:57 PM arch.GeminiClient getResponse
INFO: [GeminiClient] Acquired semaphore. Active calls: 80
May 08, 2026 3:06:57 PM arch.GeminiClient getResponse
INFO: [GeminiClient] Waiting for semaphore. In queue: 106 | Active calls: 80 | Available permits: 0
May 08, 2026 3:06:57 PM arch.GeminiClient getResponse
INFO: [GeminiClient] Got response. Active calls: 79
May 08, 2026 3:06:57 PM arch.GeminiClient getResponse
INFO: [GeminiClient] Acquired semaphore. Active calls: 80
May 08, 2026 3:06:57 PM arch.GeminiClient getResponse
INFO: [GeminiClient] Waiting for semaphore. In queue: 106 | Active calls: 80 | Available permits: 0
May 08, 2026 3:06:57 PM arch.GeminiClient getResponse
INFO: [GeminiClient] Got response. Active calls: 79
May 08, 2026 3:06:57 PM arch.GeminiClient getResponse
INFO: [GeminiClient] Acquired semaphore. Active calls: 80
May 08, 2026 3:06:58 PM arch.GeminiClient getResponse
INFO: [GeminiClient] Got response. Active calls: 79
May 08, 2026 3:06:58 PM arch.GeminiClient getResponse
INFO: [GeminiClient] Acquired semaphore. Active calls: 80
May 08, 2026 3:06:58 PM arch.GeminiClient getResponse
INFO: [GeminiClient] Waiting for semaphore. In queue: 105 | Active calls: 80 | Available permits: 0
May 08, 2026 3:06:58 PM arch.GeminiClient lambda$static$1
INFO: [WATCHDOG] permits=0 activeGemini=80 waitingForSemaphore=105 executorQueueSize=0 executorActiveThreads=80
May 08, 2026 3:06:58 PM arch.GeminiClient getResponse
INFO: [GeminiClient] Waiting for semaphore. In queue: 106 | Active calls: 80 | Available permits: 0
May 08, 2026 3:06:58 PM arch.GeminiClient getResponse
INFO: [GeminiClient] Got response. Active calls: 79
May 08, 2026 3:06:58 PM arch.GeminiClient getResponse
INFO: [GeminiClient] Acquired semaphore. Active calls: 80
May 08, 2026 3:06:58 PM arch.GeminiClient getResponse
INFO: [GeminiClient] Waiting for semaphore. In queue: 106 | Active calls: 80 | Available permits: 0
May 08, 2026 3:06:58 PM arch.GeminiClient getResponse
INFO: [GeminiClient] Got response. Active calls: 79
May 08, 2026 3:06:58 PM arch.GeminiClient getResponse
INFO: [GeminiClient] Acquired semaphore. Active calls: 80
May 08, 2026 3:06:58 PM arch.GeminiClient getResponse
INFO: [GeminiClient] Waiting for semaphore. In queue: 106 | Active calls: 80 | Available permits: 0
May 08, 2026 3:06:58 PM arch.GeminiClient getResponse
INFO: [GeminiClient] Got response. Active calls: 79
May 08, 2026 3:06:58 PM arch.GeminiClient getResponse
INFO: [GeminiClient] Acquired semaphore. Active calls: 80
May 08, 2026 3:06:58 PM arch.GeminiClient getResponse
INFO: [GeminiClient] Waiting for semaphore. In queue: 106 | Active calls: 80 | Available permits: 0
May 08, 2026 3:06:58 PM arch.GeminiClient getResponse
INFO: [GeminiClient] Got response. Active calls: 79
May 08, 2026 3:06:58 PM arch.GeminiClient getResponse
INFO: [GeminiClient] Acquired semaphore. Active calls: 80
May 08, 2026 3:06:58 PM arch.GeminiClient getResponse
INFO: [GeminiClient] Waiting for semaphore. In queue: 106 | Active calls: 80 | Available permits: 0
May 08, 2026 3:06:58 PM arch.GeminiClient getResponse
INFO: [GeminiClient] Got response. Active calls: 79
May 08, 2026 3:06:58 PM arch.GeminiClient getResponse
INFO: [GeminiClient] Acquired semaphore. Active calls: 80
May 08, 2026 3:06:58 PM arch.GeminiClient getResponse
INFO: [GeminiClient] Waiting for semaphore. In queue: 106 | Active calls: 80 | Available permits: 0
May 08, 2026 3:06:59 PM arch.GeminiClient getResponse
INFO: [GeminiClient] Got response. Active calls: 79
May 08, 2026 3:06:59 PM arch.GeminiClient getResponse
INFO: [GeminiClient] Acquired semaphore. Active calls: 80
May 08, 2026 3:06:59 PM arch.GeminiClient getResponse
INFO: [GeminiClient] Waiting for semaphore. In queue: 106 | Active calls: 80 | Available permits: 0
May 08, 2026 3:06:59 PM arch.GeminiClient getResponse
INFO: [GeminiClient] Got response. Active calls: 79
May 08, 2026 3:06:59 PM arch.GeminiClient getResponse
INFO: [GeminiClient] Acquired semaphore. Active calls: 80
May 08, 2026 3:06:59 PM arch.GeminiClient getResponse
INFO: [GeminiClient] Waiting for semaphore. In queue: 106 | Active calls: 80 | Available permits: 0
May 08, 2026 3:06:59 PM arch.GeminiClient getResponse
INFO: [GeminiClient] Got response. Active calls: 79
May 08, 2026 3:06:59 PM arch.GeminiClient getResponse
INFO: [GeminiClient] Acquired semaphore. Active calls: 80
May 08, 2026 3:06:59 PM arch.GeminiClient getResponse
INFO: [GeminiClient] Waiting for semaphore. In queue: 106 | Active calls: 80 | Available permits: 0
May 08, 2026 3:06:59 PM arch.GeminiClient getResponse
INFO: [GeminiClient] Got response. Active calls: 79
May 08, 2026 3:06:59 PM arch.GeminiClient getResponse
INFO: [GeminiClient] Got response. Active calls: 79
May 08, 2026 3:06:59 PM arch.GeminiClient getResponse
INFO: [GeminiClient] Acquired semaphore. Active calls: 80
May 08, 2026 3:06:59 PM arch.GeminiClient getResponse
INFO: [GeminiClient] Acquired semaphore. Active calls: 80
May 08, 2026 3:06:59 PM arch.GeminiClient getResponse
INFO: [GeminiClient] Waiting for semaphore. In queue: 105 | Active calls: 80 | Available permits: 0
May 08, 2026 3:06:59 PM arch.GeminiClient getResponse
INFO: [GeminiClient] Waiting for semaphore. In queue: 106 | Active calls: 80 | Available permits: 0
May 08, 2026 3:06:59 PM arch.GeminiClient getResponse
INFO: [GeminiClient] Got response. Active calls: 79
May 08, 2026 3:06:59 PM arch.GeminiClient getResponse
INFO: [GeminiClient] Acquired semaphore. Active calls: 80
May 08, 2026 3:06:59 PM arch.GeminiClient getResponse
INFO: [GeminiClient] Waiting for semaphore. In queue: 106 | Active calls: 80 | Available permits: 0
May 08, 2026 3:07:00 PM arch.GeminiClient getResponse
INFO: [GeminiClient] Got response. Active calls: 79
May 08, 2026 3:07:00 PM arch.GeminiClient getResponse
INFO: [GeminiClient] Acquired semaphore. Active calls: 79
May 08, 2026 3:07:00 PM arch.GeminiClient getResponse
INFO: [GeminiClient] Got response. Active calls: 78
May 08, 2026 3:07:00 PM arch.GeminiClient getResponse
INFO: [GeminiClient] Acquired semaphore. Active calls: 80
May 08, 2026 3:07:00 PM arch.GeminiClient getResponse
INFO: [GeminiClient] Waiting for semaphore. In queue: 105 | Active calls: 80 | Available permits: 0
May 08, 2026 3:07:00 PM arch.GeminiClient getResponse
INFO: [GeminiClient] Waiting for semaphore. In queue: 106 | Active calls: 80 | Available permits: 0
May 08, 2026 3:07:00 PM arch.GeminiClient getResponse
INFO: [GeminiClient] Got response. Active calls: 79
May 08, 2026 3:07:00 PM arch.GeminiClient getResponse
INFO: [GeminiClient] Acquired semaphore. Active calls: 80
May 08, 2026 3:07:00 PM arch.GeminiClient getResponse
INFO: [GeminiClient] Waiting for semaphore. In queue: 106 | Active calls: 80 | Available permits: 0
May 08, 2026 3:07:00 PM arch.GeminiClient getResponse
INFO: [GeminiClient] Got response. Active calls: 79
May 08, 2026 3:07:00 PM arch.GeminiClient getResponse
INFO: [GeminiClient] Acquired semaphore. Active calls: 80
May 08, 2026 3:07:00 PM arch.GeminiClient getResponse
INFO: [GeminiClient] Waiting for semaphore. In queue: 106 | Active calls: 80 | Available permits: 0
May 08, 2026 3:07:00 PM arch.GeminiClient getResponse
INFO: [GeminiClient] Got response. Active calls: 79
May 08, 2026 3:07:00 PM arch.GeminiClient getResponse
INFO: [GeminiClient] Acquired semaphore. Active calls: 80
May 08, 2026 3:07:00 PM arch.GeminiClient getResponse
INFO: [GeminiClient] Waiting for semaphore. In queue: 106 | Active calls: 80 | Available permits: 0
May 08, 2026 3:07:00 PM arch.GeminiClient getResponse
INFO: [GeminiClient] Got response. Active calls: 79
May 08, 2026 3:07:00 PM arch.GeminiClient getResponse
INFO: [GeminiClient] Acquired semaphore. Active calls: 80
May 08, 2026 3:07:00 PM arch.GeminiClient getResponse
INFO: [GeminiClient] Waiting for semaphore. In queue: 106 | Active calls: 80 | Available permits: 0
May 08, 2026 3:07:00 PM arch.GeminiClient getResponse
INFO: [GeminiClient] Got response. Active calls: 79
May 08, 2026 3:07:00 PM arch.GeminiClient getResponse
INFO: [GeminiClient] Acquired semaphore. Active calls: 80
May 08, 2026 3:07:00 PM arch.GeminiClient getResponse
INFO: [GeminiClient] Waiting for semaphore. In queue: 106 | Active calls: 80 | Available permits: 0
May 08, 2026 3:07:01 PM arch.GeminiClient getResponse
INFO: [GeminiClient] Got response. Active calls: 79
May 08, 2026 3:07:01 PM arch.GeminiClient getResponse
INFO: [GeminiClient] Acquired semaphore. Active calls: 80
May 08, 2026 3:07:01 PM arch.GeminiClient getResponse
INFO: [GeminiClient] Waiting for semaphore. In queue: 106 | Active calls: 80 | Available permits: 0
May 08, 2026 3:07:01 PM arch.GeminiClient getResponse
INFO: [GeminiClient] Got response. Active calls: 79
May 08, 2026 3:07:01 PM arch.GeminiClient getResponse
INFO: [GeminiClient] Acquired semaphore. Active calls: 80
May 08, 2026 3:07:01 PM arch.GeminiClient getResponse
INFO: [GeminiClient] Waiting for semaphore. In queue: 106 | Active calls: 80 | Available permits: 0
May 08, 2026 3:07:01 PM arch.GeminiClient getResponse
INFO: [GeminiClient] Got response. Active calls: 79
May 08, 2026 3:07:01 PM arch.GeminiClient getResponse
INFO: [GeminiClient] Acquired semaphore. Active calls: 80
May 08, 2026 3:07:01 PM arch.GeminiClient getResponse
INFO: [GeminiClient] Waiting for semaphore. In queue: 106 | Active calls: 80 | Available permits: 0
May 08, 2026 3:07:01 PM arch.GeminiClient getResponse
INFO: [GeminiClient] Got response. Active calls: 79
May 08, 2026 3:07:01 PM arch.GeminiClient getResponse
INFO: [GeminiClient] Acquired semaphore. Active calls: 80
May 08, 2026 3:07:01 PM arch.GeminiClient getResponse
INFO: [GeminiClient] Got response. Active calls: 79
May 08, 2026 3:07:01 PM arch.GeminiClient getResponse
INFO: [GeminiClient] Acquired semaphore. Active calls: 80
May 08, 2026 3:07:01 PM arch.GeminiClient getResponse
INFO: [GeminiClient] Waiting for semaphore. In queue: 105 | Active calls: 80 | Available permits: 0
May 08, 2026 3:07:01 PM arch.GeminiClient getResponse
INFO: [GeminiClient] Waiting for semaphore. In queue: 106 | Active calls: 80 | Available permits: 0
May 08, 2026 3:07:01 PM arch.GeminiClient getResponse
INFO: [GeminiClient] Got response. Active calls: 79
May 08, 2026 3:07:01 PM arch.GeminiClient getResponse
INFO: [GeminiClient] Acquired semaphore. Active calls: 80
May 08, 2026 3:07:01 PM arch.GeminiClient getResponse
INFO: [GeminiClient] Waiting for semaphore. In queue: 106 | Active calls: 80 | Available permits: 0
May 08, 2026 3:07:01 PM arch.GeminiClient getResponse
INFO: [GeminiClient] Got response. Active calls: 79
May 08, 2026 3:07:01 PM arch.GeminiClient getResponse
INFO: [GeminiClient] Got response. Active calls: 78
May 08, 2026 3:07:01 PM arch.GeminiClient getResponse
INFO: [GeminiClient] Acquired semaphore. Active calls: 79
May 08, 2026 3:07:01 PM arch.GeminiClient getResponse
INFO: [GeminiClient] Acquired semaphore. Active calls: 80
May 08, 2026 3:07:01 PM arch.GeminiClient getResponse
INFO: [GeminiClient] Waiting for semaphore. In queue: 105 | Active calls: 80 | Available permits: 0
May 08, 2026 3:07:01 PM arch.GeminiClient getResponse
INFO: [GeminiClient] Got response. Active calls: 79
May 08, 2026 3:07:01 PM arch.GeminiClient getResponse
INFO: [GeminiClient] Acquired semaphore. Active calls: 80
May 08, 2026 3:07:01 PM arch.GeminiClient getResponse
INFO: [GeminiClient] Waiting for semaphore. In queue: 105 | Active calls: 80 | Available permits: 0
May 08, 2026 3:07:01 PM arch.GeminiClient getResponse
INFO: [GeminiClient] Waiting for semaphore. In queue: 106 | Active calls: 80 | Available permits: 0
May 08, 2026 3:07:02 PM arch.GeminiClient getResponse
INFO: [GeminiClient] Got response. Active calls: 79
May 08, 2026 3:07:02 PM arch.GeminiClient getResponse
INFO: [GeminiClient] Acquired semaphore. Active calls: 80
May 08, 2026 3:07:02 PM arch.GeminiClient getResponse
INFO: [GeminiClient] Waiting for semaphore. In queue: 106 | Active calls: 80 | Available permits: 0
May 08, 2026 3:07:02 PM arch.GeminiClient getResponse
INFO: [GeminiClient] Got response. Active calls: 79
May 08, 2026 3:07:02 PM arch.GeminiClient getResponse
INFO: [GeminiClient] Acquired semaphore. Active calls: 80
May 08, 2026 3:07:02 PM arch.GeminiClient getResponse
INFO: [GeminiClient] Waiting for semaphore. In queue: 106 | Active calls: 80 | Available permits: 0
May 08, 2026 3:07:02 PM arch.GeminiClient getResponse
INFO: [GeminiClient] Got response. Active calls: 79
May 08, 2026 3:07:02 PM arch.GeminiClient getResponse
INFO: [GeminiClient] Acquired semaphore. Active calls: 80
May 08, 2026 3:07:02 PM arch.GeminiClient getResponse
INFO: [GeminiClient] Waiting for semaphore. In queue: 106 | Active calls: 80 | Available permits: 0
May 08, 2026 3:07:02 PM arch.GeminiClient getResponse
INFO: [GeminiClient] Got response. Active calls: 79
May 08, 2026 3:07:02 PM arch.GeminiClient getResponse
INFO: [GeminiClient] Acquired semaphore. Active calls: 80
May 08, 2026 3:07:02 PM arch.GeminiClient getResponse
INFO: [GeminiClient] Got response. Active calls: 79
May 08, 2026 3:07:02 PM arch.GeminiClient getResponse
INFO: [GeminiClient] Acquired semaphore. Active calls: 80
May 08, 2026 3:07:02 PM arch.GeminiClient getResponse
INFO: [GeminiClient] Got response. Active calls: 79
May 08, 2026 3:07:02 PM arch.GeminiClient getResponse
INFO: [GeminiClient] Got response. Active calls: 78
May 08, 2026 3:07:02 PM arch.GeminiClient getResponse
INFO: [GeminiClient] Acquired semaphore. Active calls: 79
May 08, 2026 3:07:02 PM arch.GeminiClient getResponse
INFO: [GeminiClient] Acquired semaphore. Active calls: 80
May 08, 2026 3:07:02 PM arch.GeminiClient getResponse
INFO: [GeminiClient] Waiting for semaphore. In queue: 103 | Active calls: 80 | Available permits: 0
May 08, 2026 3:07:02 PM arch.GeminiClient getResponse
INFO: [GeminiClient] Waiting for semaphore. In queue: 104 | Active calls: 80 | Available permits: 0
May 08, 2026 3:07:02 PM arch.GeminiClient getResponse
INFO: [GeminiClient] Waiting for semaphore. In queue: 105 | Active calls: 80 | Available permits: 0
May 08, 2026 3:07:02 PM arch.GeminiClient getResponse
INFO: [GeminiClient] Waiting for semaphore. In queue: 106 | Active calls: 80 | Available permits: 0
May 08, 2026 3:07:02 PM arch.GeminiClient getResponse
INFO: [GeminiClient] Got response. Active calls: 79
May 08, 2026 3:07:02 PM arch.GeminiClient getResponse
INFO: [GeminiClient] Acquired semaphore. Active calls: 80
May 08, 2026 3:07:02 PM arch.GeminiClient getResponse
INFO: [GeminiClient] Waiting for semaphore. In queue: 106 | Active calls: 80 | Available permits: 0
May 08, 2026 3:07:02 PM arch.GeminiClient getResponse
INFO: [GeminiClient] Waiting for semaphore. In queue: 107 | Active calls: 80 | Available permits: 0
May 08, 2026 3:07:02 PM arch.GeminiClient getResponse
INFO: [GeminiClient] Waiting for semaphore. In queue: 108 | Active calls: 80 | Available permits: 0
May 08, 2026 3:07:02 PM arch.GeminiClient getResponse
INFO: [GeminiClient] Acquired semaphore. Active calls: 81
May 08, 2026 3:07:02 PM arch.GeminiClient getResponse
INFO: [GeminiClient] Waiting for semaphore. In queue: 108 | Active calls: 81 | Available permits: 0
May 08, 2026 3:07:02 PM arch.GeminiClient getResponse
INFO: [GeminiClient] Waiting for semaphore. In queue: 110 | Active calls: 81 | Available permits: 3
May 08, 2026 3:07:02 PM arch.GeminiClient getResponse
INFO: [GeminiClient] Acquired semaphore. Active calls: 82
May 08, 2026 3:07:02 PM arch.GeminiClient getResponse
INFO: [GeminiClient] Waiting for semaphore. In queue: 111 | Active calls: 82 | Available permits: 3
May 08, 2026 3:07:02 PM arch.GeminiClient getResponse
INFO: [GeminiClient] Acquired semaphore. Active calls: 83
May 08, 2026 3:07:02 PM arch.GeminiClient getResponse
INFO: [GeminiClient] Waiting for semaphore. In queue: 111 | Active calls: 83 | Available permits: 9
May 08, 2026 3:07:02 PM arch.GeminiClient getResponse
INFO: [GeminiClient] Acquired semaphore. Active calls: 84
May 08, 2026 3:07:02 PM arch.GeminiClient getResponse
INFO: [GeminiClient] Waiting for semaphore. In queue: 111 | Active calls: 84 | Available permits: 11
May 08, 2026 3:07:02 PM arch.GeminiClient getResponse
INFO: [GeminiClient] Acquired semaphore. Active calls: 85
May 08, 2026 3:07:02 PM arch.GeminiClient getResponse
INFO: [GeminiClient] Waiting for semaphore. In queue: 111 | Active calls: 85 | Available permits: 12
May 08, 2026 3:07:02 PM arch.GeminiClient getResponse
INFO: [GeminiClient] Acquired semaphore. Active calls: 86
May 08, 2026 3:07:02 PM arch.GeminiClient getResponse
INFO: [GeminiClient] Waiting for semaphore. In queue: 112 | Active calls: 86 | Available permits: 11
May 08, 2026 3:07:02 PM arch.GeminiClient getResponse
INFO: [GeminiClient] Acquired semaphore. Active calls: 87
May 08, 2026 3:07:02 PM arch.GeminiClient getResponse
INFO: [GeminiClient] Waiting for semaphore. In queue: 114 | Active calls: 87 | Available permits: 13
May 08, 2026 3:07:02 PM arch.GeminiClient getResponse
INFO: [GeminiClient] Acquired semaphore. Active calls: 88
May 08, 2026 3:07:02 PM arch.GeminiClient getResponse
INFO: [GeminiClient] Waiting for semaphore. In queue: 114 | Active calls: 88 | Available permits: 12
May 08, 2026 3:07:02 PM arch.GeminiClient getResponse
INFO: [GeminiClient] Acquired semaphore. Active calls: 89
May 08, 2026 3:07:02 PM arch.GeminiClient getResponse
INFO: [GeminiClient] Waiting for semaphore. In queue: 115 | Active calls: 89 | Available permits: 14
May 08, 2026 3:07:02 PM arch.GeminiClient getResponse
INFO: [GeminiClient] Acquired semaphore. Active calls: 90
May 08, 2026 3:07:02 PM arch.GeminiClient getResponse
INFO: [GeminiClient] Waiting for semaphore. In queue: 115 | Active calls: 90 | Available permits: 15
May 08, 2026 3:07:02 PM arch.GeminiClient getResponse
INFO: [GeminiClient] Acquired semaphore. Active calls: 91
May 08, 2026 3:07:02 PM arch.GeminiClient getResponse
INFO: [GeminiClient] Waiting for semaphore. In queue: 115 | Active calls: 91 | Available permits: 16
May 08, 2026 3:07:02 PM arch.GeminiClient getResponse
INFO: [GeminiClient] Acquired semaphore. Active calls: 92
May 08, 2026 3:07:02 PM arch.GeminiClient getResponse
INFO: [GeminiClient] Waiting for semaphore. In queue: 115 | Active calls: 92 | Available permits: 16
May 08, 2026 3:07:02 PM arch.GeminiClient getResponse
INFO: [GeminiClient] Acquired semaphore. Active calls: 93
May 08, 2026 3:07:02 PM arch.GeminiClient getResponse
INFO: [GeminiClient] Waiting for semaphore. In queue: 115 | Active calls: 93 | Available permits: 20
May 08, 2026 3:07:02 PM arch.GeminiClient getResponse
INFO: [GeminiClient] Acquired semaphore. Active calls: 94
May 08, 2026 3:07:02 PM arch.GeminiClient getResponse
INFO: [GeminiClient] Waiting for semaphore. In queue: 115 | Active calls: 94 | Available permits: 21
May 08, 2026 3:07:02 PM arch.GeminiClient getResponse
INFO: [GeminiClient] Acquired semaphore. Active calls: 95
May 08, 2026 3:07:02 PM arch.GeminiClient getResponse
INFO: [GeminiClient] Waiting for semaphore. In queue: 115 | Active calls: 95 | Available permits: 21
May 08, 2026 3:07:02 PM arch.GeminiClient getResponse
INFO: [GeminiClient] Acquired semaphore. Active calls: 96
May 08, 2026 3:07:02 PM arch.GeminiClient getResponse
INFO: [GeminiClient] Waiting for semaphore. In queue: 115 | Active calls: 96 | Available permits: 23
May 08, 2026 3:07:02 PM arch.GeminiClient getResponse
INFO: [GeminiClient] Acquired semaphore. Active calls: 97
May 08, 2026 3:07:02 PM arch.GeminiClient getResponse
INFO: [GeminiClient] Waiting for semaphore. In queue: 116 | Active calls: 97 | Available permits: 27
May 08, 2026 3:07:02 PM arch.GeminiClient getResponse
INFO: [GeminiClient] Acquired semaphore. Active calls: 98
May 08, 2026 3:07:02 PM arch.GeminiClient getResponse
INFO: [GeminiClient] Waiting for semaphore. In queue: 116 | Active calls: 98 | Available permits: 27
May 08, 2026 3:07:02 PM arch.GeminiClient getResponse
INFO: [GeminiClient] Acquired semaphore. Active calls: 99
May 08, 2026 3:07:02 PM arch.GeminiClient getResponse
INFO: [GeminiClient] Waiting for semaphore. In queue: 116 | Active calls: 99 | Available permits: 28
May 08, 2026 3:07:02 PM arch.GeminiClient getResponse
INFO: [GeminiClient] Acquired semaphore. Active calls: 100
May 08, 2026 3:07:02 PM arch.GeminiClient getResponse
INFO: [GeminiClient] Waiting for semaphore. In queue: 121 | Active calls: 100 | Available permits: 30
May 08, 2026 3:07:02 PM arch.GeminiClient getResponse
INFO: [GeminiClient] Acquired semaphore. Active calls: 101
May 08, 2026 3:07:02 PM arch.GeminiClient getResponse
INFO: [GeminiClient] Waiting for semaphore. In queue: 121 | Active calls: 101 | Available permits: 30
May 08, 2026 3:07:02 PM arch.GeminiClient getResponse
INFO: [GeminiClient] Acquired semaphore. Active calls: 102
May 08, 2026 3:07:02 PM arch.GeminiClient getResponse
INFO: [GeminiClient] Waiting for semaphore. In queue: 122 | Active calls: 102 | Available permits: 35
May 08, 2026 3:07:02 PM arch.GeminiClient getResponse
INFO: [GeminiClient] Waiting for semaphore. In queue: 122 | Active calls: 103 | Available permits: 35
May 08, 2026 3:07:02 PM arch.GeminiClient getResponse
INFO: [GeminiClient] Acquired semaphore. Active calls: 104
May 08, 2026 3:07:02 PM arch.GeminiClient getResponse
INFO: [GeminiClient] Waiting for semaphore. In queue: 123 | Active calls: 104 | Available permits: 35
May 08, 2026 3:07:02 PM arch.GeminiClient getResponse
INFO: [GeminiClient] Waiting for semaphore. In queue: 109 | Active calls: 81 | Available permits: 1
May 08, 2026 3:07:02 PM arch.GeminiClient getResponse
INFO: [GeminiClient] Waiting for semaphore. In queue: 110 | Active calls: 82 | Available permits: 3
May 08, 2026 3:07:02 PM arch.GeminiClient getResponse
INFO: [GeminiClient] Waiting for semaphore. In queue: 111 | Active calls: 86 | Available permits: 11
May 08, 2026 3:07:02 PM arch.GeminiClient getResponse
INFO: [GeminiClient] Waiting for semaphore. In queue: 113 | Active calls: 86 | Available permits: 12
May 08, 2026 3:07:02 PM arch.GeminiClient getResponse
INFO: [GeminiClient] Waiting for semaphore. In queue: 114 | Active calls: 86 | Available permits: 13
May 08, 2026 3:07:02 PM arch.GeminiClient getResponse
INFO: [GeminiClient] Waiting for semaphore. In queue: 115 | Active calls: 88 | Available permits: 12
May 08, 2026 3:07:02 PM arch.GeminiClient getResponse
INFO: [GeminiClient] Waiting for semaphore. In queue: 116 | Active calls: 96 | Available permits: 23
May 08, 2026 3:07:02 PM arch.GeminiClient getResponse
INFO: [GeminiClient] Waiting for semaphore. In queue: 116 | Active calls: 100 | Available permits: 27
May 08, 2026 3:07:02 PM arch.GeminiClient getResponse
INFO: [GeminiClient] Waiting for semaphore. In queue: 117 | Active calls: 100 | Available permits: 29
May 08, 2026 3:07:02 PM arch.GeminiClient getResponse
INFO: [GeminiClient] Waiting for semaphore. In queue: 118 | Active calls: 100 | Available permits: 29
May 08, 2026 3:07:02 PM arch.GeminiClient getResponse
INFO: [GeminiClient] Waiting for semaphore. In queue: 119 | Active calls: 100 | Available permits: 30
May 08, 2026 3:07:02 PM arch.GeminiClient getResponse
INFO: [GeminiClient] Waiting for semaphore. In queue: 120 | Active calls: 100 | Available permits: 30
May 08, 2026 3:07:02 PM arch.GeminiClient getResponse
INFO: [GeminiClient] Waiting for semaphore. In queue: 121 | Active calls: 102 | Available permits: 29
May 08, 2026 3:07:02 PM arch.GeminiClient getResponse
INFO: [GeminiClient] Waiting for semaphore. In queue: 123 | Active calls: 103 | Available permits: 35
May 08, 2026 3:07:02 PM arch.GeminiClient getResponse
INFO: [GeminiClient] Acquired semaphore. Active calls: 103
