May 06, 2026 2:29:29 PM arch.GeminiClient getResponse
INFO: [GeminiClient] Waiting for semaphore. In queue: 1 | Active calls: 0 | Available permits: 80
May 06, 2026 2:29:29 PM arch.GeminiClient getResponse
INFO: [GeminiClient] Acquired semaphore. Active calls: 1
May 06, 2026 2:29:39 PM arch.GeminiClient getResponse
INFO: [GeminiClient] Got response. Active calls: 0
May 06, 2026 2:29:39 PM arch.GeminiClient getResponse
INFO: [GeminiClient] Waiting for semaphore. In queue: 3 | Active calls: 0 | Available permits: 80
May 06, 2026 2:29:39 PM arch.GeminiClient getResponse
INFO: [GeminiClient] Waiting for semaphore. In queue: 3 | Active calls: 0 | Available permits: 80
May 06, 2026 2:29:39 PM arch.GeminiClient getResponse
INFO: [GeminiClient] Waiting for semaphore. In queue: 3 | Active calls: 0 | Available permits: 80
May 06, 2026 2:29:39 PM arch.GeminiClient getResponse
INFO: [GeminiClient] Waiting for semaphore. In queue: 5 | Active calls: 0 | Available permits: 80
May 06, 2026 2:29:39 PM arch.GeminiClient getResponse
INFO: [GeminiClient] Waiting for semaphore. In queue: 5 | Active calls: 0 | Available permits: 80
May 06, 2026 2:29:39 PM arch.GeminiClient getResponse
INFO: [GeminiClient] Acquired semaphore. Active calls: 5
May 06, 2026 2:29:39 PM arch.GeminiClient getResponse
INFO: [GeminiClient] Waiting for semaphore. In queue: 1 | Active calls: 5 | Available permits: 75
May 06, 2026 2:29:39 PM arch.GeminiClient getResponse
INFO: [GeminiClient] Acquired semaphore. Active calls: 6
May 06, 2026 2:29:39 PM arch.GeminiClient getResponse
INFO: [GeminiClient] Waiting for semaphore. In queue: 1 | Active calls: 6 | Available permits: 74
May 06, 2026 2:29:39 PM arch.GeminiClient getResponse
INFO: [GeminiClient] Acquired semaphore. Active calls: 7
May 06, 2026 2:29:39 PM arch.GeminiClient getResponse
INFO: [GeminiClient] Waiting for semaphore. In queue: 1 | Active calls: 7 | Available permits: 73
May 06, 2026 2:29:39 PM arch.GeminiClient getResponse
INFO: [GeminiClient] Acquired semaphore. Active calls: 8
May 06, 2026 2:29:39 PM arch.GeminiClient getResponse
INFO: [GeminiClient] Waiting for semaphore. In queue: 1 | Active calls: 8 | Available permits: 72
May 06, 2026 2:29:39 PM arch.GeminiClient getResponse
INFO: [GeminiClient] Acquired semaphore. Active calls: 9
May 06, 2026 2:29:39 PM arch.GeminiClient getResponse
INFO: [GeminiClient] Waiting for semaphore. In queue: 1 | Active calls: 9 | Available permits: 71
May 06, 2026 2:29:39 PM arch.GeminiClient getResponse
INFO: [GeminiClient] Waiting for semaphore. In queue: 1 | Active calls: 10 | Available permits: 70
May 06, 2026 2:29:39 PM arch.GeminiClient getResponse
INFO: [GeminiClient] Acquired semaphore. Active calls: 11
May 06, 2026 2:29:39 PM arch.GeminiClient getResponse
INFO: [GeminiClient] Waiting for semaphore. In queue: 3 | Active calls: 11 | Available permits: 69
May 06, 2026 2:29:39 PM arch.GeminiClient getResponse
INFO: [GeminiClient] Acquired semaphore. Active calls: 12
May 06, 2026 2:29:39 PM arch.GeminiClient getResponse
INFO: [GeminiClient] Acquired semaphore. Active calls: 1
May 06, 2026 2:29:39 PM arch.GeminiClient getResponse
INFO: [GeminiClient] Acquired semaphore. Active calls: 2
May 06, 2026 2:29:39 PM arch.GeminiClient getResponse
INFO: [GeminiClient] Acquired semaphore. Active calls: 3
May 06, 2026 2:29:39 PM arch.GeminiClient getResponse
INFO: [GeminiClient] Acquired semaphore. Active calls: 4
May 06, 2026 2:29:39 PM arch.GeminiClient getResponse
INFO: [GeminiClient] Waiting for semaphore. In queue: 4 | Active calls: 12 | Available permits: 68
May 06, 2026 2:29:39 PM arch.GeminiClient getResponse
INFO: [GeminiClient] Waiting for semaphore. In queue: 6 | Active calls: 13 | Available permits: 67
May 06, 2026 2:29:39 PM arch.GeminiClient getResponse
INFO: [GeminiClient] Waiting for semaphore. In queue: 6 | Active calls: 14 | Available permits: 66
May 06, 2026 2:29:39 PM arch.GeminiClient getResponse
INFO: [GeminiClient] Waiting for semaphore. In queue: 6 | Active calls: 15 | Available permits: 65
May 06, 2026 2:29:39 PM arch.GeminiClient getResponse
INFO: [GeminiClient] Waiting for semaphore. In queue: 7 | Active calls: 16 | Available permits: 64
May 06, 2026 2:29:39 PM arch.GeminiClient getResponse
INFO: [GeminiClient] Waiting for semaphore. In queue: 7 | Active calls: 17 | Available permits: 63
May 06, 2026 2:29:39 PM arch.GeminiClient getResponse
INFO: [GeminiClient] Acquired semaphore. Active calls: 18
May 06, 2026 2:29:39 PM arch.GeminiClient getResponse
INFO: [GeminiClient] Waiting for semaphore. In queue: 7 | Active calls: 18 | Available permits: 62
May 06, 2026 2:29:39 PM arch.GeminiClient getResponse
INFO: [GeminiClient] Acquired semaphore. Active calls: 19
May 06, 2026 2:29:39 PM arch.GeminiClient getResponse
INFO: [GeminiClient] Waiting for semaphore. In queue: 7 | Active calls: 19 | Available permits: 61
May 06, 2026 2:29:39 PM arch.GeminiClient getResponse
INFO: [GeminiClient] Acquired semaphore. Active calls: 20
May 06, 2026 2:29:39 PM arch.GeminiClient getResponse
INFO: [GeminiClient] Waiting for semaphore. In queue: 8 | Active calls: 20 | Available permits: 60
May 06, 2026 2:29:39 PM arch.GeminiClient getResponse
INFO: [GeminiClient] Acquired semaphore. Active calls: 21
May 06, 2026 2:29:39 PM arch.GeminiClient getResponse
INFO: [GeminiClient] Waiting for semaphore. In queue: 8 | Active calls: 21 | Available permits: 59
May 06, 2026 2:29:39 PM arch.GeminiClient getResponse
INFO: [GeminiClient] Acquired semaphore. Active calls: 22
May 06, 2026 2:29:39 PM arch.GeminiClient getResponse
INFO: [GeminiClient] Waiting for semaphore. In queue: 8 | Active calls: 22 | Available permits: 58
May 06, 2026 2:29:39 PM arch.GeminiClient getResponse
INFO: [GeminiClient] Acquired semaphore. Active calls: 23
May 06, 2026 2:29:39 PM arch.GeminiClient getResponse
INFO: [GeminiClient] Waiting for semaphore. In queue: 9 | Active calls: 23 | Available permits: 57
May 06, 2026 2:29:39 PM arch.GeminiClient getResponse
INFO: [GeminiClient] Acquired semaphore. Active calls: 24
May 06, 2026 2:29:39 PM arch.GeminiClient getResponse
INFO: [GeminiClient] Waiting for semaphore. In queue: 10 | Active calls: 24 | Available permits: 56
May 06, 2026 2:29:39 PM arch.GeminiClient getResponse
INFO: [GeminiClient] Acquired semaphore. Active calls: 25
May 06, 2026 2:29:39 PM arch.GeminiClient getResponse
INFO: [GeminiClient] Acquired semaphore. Active calls: 10
May 06, 2026 2:29:39 PM arch.GeminiClient getResponse
INFO: [GeminiClient] Waiting for semaphore. In queue: 2 | Active calls: 10 | Available permits: 70
May 06, 2026 2:29:39 PM arch.GeminiClient getResponse
INFO: [GeminiClient] Waiting for semaphore. In queue: 3 | Active calls: 10 | Available permits: 70
May 06, 2026 2:29:39 PM arch.GeminiClient getResponse
INFO: [GeminiClient] Waiting for semaphore. In queue: 8 | Active calls: 27 | Available permits: 53
May 06, 2026 2:29:39 PM arch.GeminiClient getResponse
INFO: [GeminiClient] Acquired semaphore. Active calls: 28
May 06, 2026 2:29:39 PM arch.GeminiClient getResponse
INFO: [GeminiClient] Waiting for semaphore. In queue: 8 | Active calls: 28 | Available permits: 52
May 06, 2026 2:29:39 PM arch.GeminiClient getResponse
INFO: [GeminiClient] Acquired semaphore. Active calls: 29
May 06, 2026 2:29:39 PM arch.GeminiClient getResponse
INFO: [GeminiClient] Waiting for semaphore. In queue: 9 | Active calls: 29 | Available permits: 51
May 06, 2026 2:29:39 PM arch.GeminiClient getResponse
INFO: [GeminiClient] Acquired semaphore. Active calls: 30
May 06, 2026 2:29:39 PM arch.GeminiClient getResponse
INFO: [GeminiClient] Waiting for semaphore. In queue: 9 | Active calls: 30 | Available permits: 50
May 06, 2026 2:29:39 PM arch.GeminiClient getResponse
INFO: [GeminiClient] Acquired semaphore. Active calls: 31
May 06, 2026 2:29:39 PM arch.GeminiClient getResponse
INFO: [GeminiClient] Waiting for semaphore. In queue: 4 | Active calls: 12 | Available permits: 68
May 06, 2026 2:29:39 PM arch.GeminiClient getResponse
INFO: [GeminiClient] Waiting for semaphore. In queue: 5 | Active calls: 12 | Available permits: 68
May 06, 2026 2:29:39 PM arch.GeminiClient getResponse
INFO: [GeminiClient] Waiting for semaphore. In queue: 6 | Active calls: 12 | Available permits: 68
May 06, 2026 2:29:39 PM arch.GeminiClient getResponse
INFO: [GeminiClient] Acquired semaphore. Active calls: 34
May 06, 2026 2:29:39 PM arch.GeminiClient getResponse
INFO: [GeminiClient] Acquired semaphore. Active calls: 13
May 06, 2026 2:29:39 PM arch.GeminiClient getResponse
INFO: [GeminiClient] Acquired semaphore. Active calls: 14
May 06, 2026 2:29:39 PM arch.GeminiClient getResponse
INFO: [GeminiClient] Acquired semaphore. Active calls: 15
May 06, 2026 2:29:39 PM arch.GeminiClient getResponse
INFO: [GeminiClient] Waiting for semaphore. In queue: 7 | Active calls: 15 | Available permits: 65
May 06, 2026 2:29:39 PM arch.GeminiClient getResponse
INFO: [GeminiClient] Acquired semaphore. Active calls: 35
May 06, 2026 2:29:39 PM arch.GeminiClient getResponse
INFO: [GeminiClient] Acquired semaphore. Active calls: 16
May 06, 2026 2:29:39 PM arch.GeminiClient getResponse
INFO: [GeminiClient] Acquired semaphore. Active calls: 17
May 06, 2026 2:29:39 PM arch.GeminiClient getResponse
INFO: [GeminiClient] Waiting for semaphore. In queue: 8 | Active calls: 19 | Available permits: 61
May 06, 2026 2:29:39 PM arch.GeminiClient getResponse
INFO: [GeminiClient] Acquired semaphore. Active calls: 36
May 06, 2026 2:29:39 PM arch.GeminiClient getResponse
INFO: [GeminiClient] Waiting for semaphore. In queue: 6 | Active calls: 36 | Available permits: 44
May 06, 2026 2:29:39 PM arch.GeminiClient getResponse
INFO: [GeminiClient] Acquired semaphore. Active calls: 37
May 06, 2026 2:29:39 PM arch.GeminiClient getResponse
INFO: [GeminiClient] Waiting for semaphore. In queue: 9 | Active calls: 22 | Available permits: 58
May 06, 2026 2:29:39 PM arch.GeminiClient getResponse
INFO: [GeminiClient] Acquired semaphore. Active calls: 38
May 06, 2026 2:29:39 PM arch.GeminiClient getResponse
INFO: [GeminiClient] Waiting for semaphore. In queue: 10 | Active calls: 23 | Available permits: 57
May 06, 2026 2:29:39 PM arch.GeminiClient getResponse
INFO: [GeminiClient] Acquired semaphore. Active calls: 39
May 06, 2026 2:29:39 PM arch.GeminiClient getResponse
INFO: [GeminiClient] Acquired semaphore. Active calls: 26
May 06, 2026 2:29:39 PM arch.GeminiClient getResponse
INFO: [GeminiClient] Acquired semaphore. Active calls: 27
May 06, 2026 2:29:39 PM arch.GeminiClient getResponse
INFO: [GeminiClient] Waiting for semaphore. In queue: 4 | Active calls: 39 | Available permits: 41
May 06, 2026 2:29:39 PM arch.GeminiClient getResponse
INFO: [GeminiClient] Acquired semaphore. Active calls: 40
May 06, 2026 2:29:39 PM arch.GeminiClient getResponse
INFO: [GeminiClient] Waiting for semaphore. In queue: 9 | Active calls: 28 | Available permits: 52
May 06, 2026 2:29:39 PM arch.GeminiClient getResponse
INFO: [GeminiClient] Acquired semaphore. Active calls: 41
May 06, 2026 2:29:39 PM arch.GeminiClient getResponse
INFO: [GeminiClient] Waiting for semaphore. In queue: 3 | Active calls: 41 | Available permits: 39
May 06, 2026 2:29:39 PM arch.GeminiClient getResponse
INFO: [GeminiClient] Acquired semaphore. Active calls: 42
May 06, 2026 2:29:39 PM arch.GeminiClient getResponse
INFO: [GeminiClient] Waiting for semaphore. In queue: 3 | Active calls: 42 | Available permits: 38
May 06, 2026 2:29:39 PM arch.GeminiClient getResponse
INFO: [GeminiClient] Acquired semaphore. Active calls: 43
May 06, 2026 2:29:39 PM arch.GeminiClient getResponse
INFO: [GeminiClient] Waiting for semaphore. In queue: 4 | Active calls: 43 | Available permits: 37
May 06, 2026 2:29:39 PM arch.GeminiClient getResponse
INFO: [GeminiClient] Acquired semaphore. Active calls: 44
May 06, 2026 2:29:39 PM arch.GeminiClient getResponse
INFO: [GeminiClient] Waiting for semaphore. In queue: 4 | Active calls: 44 | Available permits: 36
May 06, 2026 2:29:39 PM arch.GeminiClient getResponse
INFO: [GeminiClient] Acquired semaphore. Active calls: 45
May 06, 2026 2:29:39 PM arch.GeminiClient getResponse
INFO: [GeminiClient] Waiting for semaphore. In queue: 4 | Active calls: 45 | Available permits: 35
May 06, 2026 2:29:39 PM arch.GeminiClient getResponse
INFO: [GeminiClient] Acquired semaphore. Active calls: 46
May 06, 2026 2:29:39 PM arch.GeminiClient getResponse
INFO: [GeminiClient] Waiting for semaphore. In queue: 4 | Active calls: 46 | Available permits: 34
May 06, 2026 2:29:39 PM arch.GeminiClient getResponse
INFO: [GeminiClient] Acquired semaphore. Active calls: 47
May 06, 2026 2:29:39 PM arch.GeminiClient getResponse
INFO: [GeminiClient] Acquired semaphore. Active calls: 32
May 06, 2026 2:29:39 PM arch.GeminiClient getResponse
INFO: [GeminiClient] Acquired semaphore. Active calls: 33
May 06, 2026 2:29:39 PM arch.GeminiClient getResponse
INFO: [GeminiClient] Waiting for semaphore. In queue: 6 | Active calls: 34 | Available permits: 46
May 06, 2026 2:29:39 PM arch.GeminiClient getResponse
INFO: [GeminiClient] Acquired semaphore. Active calls: 48
May 06, 2026 2:29:39 PM arch.GeminiClient getResponse
INFO: [GeminiClient] Waiting for semaphore. In queue: 6 | Active calls: 35 | Available permits: 45
May 06, 2026 2:29:39 PM arch.GeminiClient getResponse
INFO: [GeminiClient] Acquired semaphore. Active calls: 49
May 06, 2026 2:29:39 PM arch.GeminiClient getResponse
INFO: [GeminiClient] Waiting for semaphore. In queue: 2 | Active calls: 49 | Available permits: 31
May 06, 2026 2:29:39 PM arch.GeminiClient getResponse
INFO: [GeminiClient] Acquired semaphore. Active calls: 50
May 06, 2026 2:29:39 PM arch.GeminiClient getResponse
INFO: [GeminiClient] Waiting for semaphore. In queue: 2 | Active calls: 50 | Available permits: 30
May 06, 2026 2:29:39 PM arch.GeminiClient getResponse
INFO: [GeminiClient] Acquired semaphore. Active calls: 51
May 06, 2026 2:29:39 PM arch.GeminiClient getResponse
INFO: [GeminiClient] Waiting for semaphore. In queue: 4 | Active calls: 42 | Available permits: 38
May 06, 2026 2:29:39 PM arch.GeminiClient getResponse
INFO: [GeminiClient] Acquired semaphore. Active calls: 52
May 06, 2026 2:29:39 PM arch.GeminiClient getResponse
INFO: [GeminiClient] Waiting for semaphore. In queue: 2 | Active calls: 52 | Available permits: 28
May 06, 2026 2:29:39 PM arch.GeminiClient getResponse
INFO: [GeminiClient] Acquired semaphore. Active calls: 53
May 06, 2026 2:29:39 PM arch.GeminiClient getResponse
INFO: [GeminiClient] Waiting for semaphore. In queue: 2 | Active calls: 53 | Available permits: 27
May 06, 2026 2:29:39 PM arch.GeminiClient getResponse
INFO: [GeminiClient] Acquired semaphore. Active calls: 54
May 06, 2026 2:29:39 PM arch.GeminiClient getResponse
INFO: [GeminiClient] Waiting for semaphore. In queue: 2 | Active calls: 54 | Available permits: 26
May 06, 2026 2:29:39 PM arch.GeminiClient getResponse
INFO: [GeminiClient] Acquired semaphore. Active calls: 55
May 06, 2026 2:29:39 PM arch.GeminiClient getResponse
INFO: [GeminiClient] Waiting for semaphore. In queue: 2 | Active calls: 55 | Available permits: 25
May 06, 2026 2:29:39 PM arch.GeminiClient getResponse
INFO: [GeminiClient] Acquired semaphore. Active calls: 56
May 06, 2026 2:29:39 PM arch.GeminiClient getResponse
INFO: [GeminiClient] Waiting for semaphore. In queue: 2 | Active calls: 56 | Available permits: 24
May 06, 2026 2:29:39 PM arch.GeminiClient getResponse
INFO: [GeminiClient] Acquired semaphore. Active calls: 57
May 06, 2026 2:29:39 PM arch.GeminiClient getResponse
INFO: [GeminiClient] Waiting for semaphore. In queue: 2 | Active calls: 57 | Available permits: 23
May 06, 2026 2:29:39 PM arch.GeminiClient getResponse
INFO: [GeminiClient] Acquired semaphore. Active calls: 58
May 06, 2026 2:29:39 PM arch.GeminiClient getResponse
INFO: [GeminiClient] Waiting for semaphore. In queue: 2 | Active calls: 58 | Available permits: 22
May 06, 2026 2:29:39 PM arch.GeminiClient getResponse
INFO: [GeminiClient] Acquired semaphore. Active calls: 59
May 06, 2026 2:29:39 PM arch.GeminiClient getResponse
INFO: [GeminiClient] Waiting for semaphore. In queue: 2 | Active calls: 59 | Available permits: 21
May 06, 2026 2:29:39 PM arch.GeminiClient getResponse
INFO: [GeminiClient] Waiting for semaphore. In queue: 2 | Active calls: 60 | Available permits: 20
May 06, 2026 2:29:39 PM arch.GeminiClient getResponse
INFO: [GeminiClient] Acquired semaphore. Active calls: 61
May 06, 2026 2:29:39 PM arch.GeminiClient getResponse
INFO: [GeminiClient] Waiting for semaphore. In queue: 3 | Active calls: 50 | Available permits: 30
May 06, 2026 2:29:39 PM arch.GeminiClient getResponse
INFO: [GeminiClient] Acquired semaphore. Active calls: 62
May 06, 2026 2:29:39 PM arch.GeminiClient getResponse
INFO: [GeminiClient] Waiting for semaphore. In queue: 1 | Active calls: 62 | Available permits: 18
May 06, 2026 2:29:39 PM arch.GeminiClient getResponse
INFO: [GeminiClient] Waiting for semaphore. In queue: 1 | Active calls: 63 | Available permits: 17
May 06, 2026 2:29:39 PM arch.GeminiClient getResponse
INFO: [GeminiClient] Acquired semaphore. Active calls: 64
May 06, 2026 2:29:39 PM arch.GeminiClient getResponse
INFO: [GeminiClient] Waiting for semaphore. In queue: 2 | Active calls: 64 | Available permits: 16
May 06, 2026 2:29:39 PM arch.GeminiClient getResponse
INFO: [GeminiClient] Acquired semaphore. Active calls: 65
May 06, 2026 2:29:39 PM arch.GeminiClient getResponse
INFO: [GeminiClient] Waiting for semaphore. In queue: 2 | Active calls: 65 | Available permits: 15
May 06, 2026 2:29:39 PM arch.GeminiClient getResponse
INFO: [GeminiClient] Acquired semaphore. Active calls: 66
May 06, 2026 2:29:39 PM arch.GeminiClient getResponse
INFO: [GeminiClient] Waiting for semaphore. In queue: 2 | Active calls: 66 | Available permits: 14
May 06, 2026 2:29:39 PM arch.GeminiClient getResponse
INFO: [GeminiClient] Acquired semaphore. Active calls: 67
May 06, 2026 2:29:39 PM arch.GeminiClient getResponse
INFO: [GeminiClient] Waiting for semaphore. In queue: 2 | Active calls: 67 | Available permits: 13
May 06, 2026 2:29:39 PM arch.GeminiClient getResponse
INFO: [GeminiClient] Acquired semaphore. Active calls: 68
May 06, 2026 2:29:39 PM arch.GeminiClient getResponse
INFO: [GeminiClient] Waiting for semaphore. In queue: 2 | Active calls: 68 | Available permits: 12
May 06, 2026 2:29:39 PM arch.GeminiClient getResponse
INFO: [GeminiClient] Acquired semaphore. Active calls: 69
May 06, 2026 2:29:39 PM arch.GeminiClient getResponse
INFO: [GeminiClient] Acquired semaphore. Active calls: 60
May 06, 2026 2:29:39 PM arch.GeminiClient getResponse
INFO: [GeminiClient] Waiting for semaphore. In queue: 2 | Active calls: 69 | Available permits: 11
May 06, 2026 2:29:39 PM arch.GeminiClient getResponse
INFO: [GeminiClient] Acquired semaphore. Active calls: 70
May 06, 2026 2:29:39 PM arch.GeminiClient getResponse
INFO: [GeminiClient] Acquired semaphore. Active calls: 63
May 06, 2026 2:29:39 PM arch.GeminiClient getResponse
INFO: [GeminiClient] Waiting for semaphore. In queue: 2 | Active calls: 63 | Available permits: 17
May 06, 2026 2:29:39 PM arch.GeminiClient getResponse
INFO: [GeminiClient] Acquired semaphore. Active calls: 71
May 06, 2026 2:29:39 PM arch.GeminiClient getResponse
INFO: [GeminiClient] Waiting for semaphore. In queue: 2 | Active calls: 71 | Available permits: 9
May 06, 2026 2:29:39 PM arch.GeminiClient getResponse
INFO: [GeminiClient] Acquired semaphore. Active calls: 72
May 06, 2026 2:29:39 PM arch.GeminiClient getResponse
INFO: [GeminiClient] Waiting for semaphore. In queue: 2 | Active calls: 72 | Available permits: 8
May 06, 2026 2:29:39 PM arch.GeminiClient getResponse
INFO: [GeminiClient] Acquired semaphore. Active calls: 73
May 06, 2026 2:29:39 PM arch.GeminiClient getResponse
INFO: [GeminiClient] Waiting for semaphore. In queue: 2 | Active calls: 73 | Available permits: 7
May 06, 2026 2:29:39 PM arch.GeminiClient getResponse
INFO: [GeminiClient] Acquired semaphore. Active calls: 74
May 06, 2026 2:29:39 PM arch.GeminiClient getResponse
INFO: [GeminiClient] Waiting for semaphore. In queue: 2 | Active calls: 70 | Available permits: 10
May 06, 2026 2:29:39 PM arch.GeminiClient getResponse
INFO: [GeminiClient] Waiting for semaphore. In queue: 2 | Active calls: 75 | Available permits: 5
May 06, 2026 2:29:39 PM arch.GeminiClient getResponse
INFO: [GeminiClient] Acquired semaphore. Active calls: 76
May 06, 2026 2:29:39 PM arch.GeminiClient getResponse
INFO: [GeminiClient] Waiting for semaphore. In queue: 2 | Active calls: 76 | Available permits: 4
May 06, 2026 2:29:39 PM arch.GeminiClient getResponse
INFO: [GeminiClient] Acquired semaphore. Active calls: 77
May 06, 2026 2:29:39 PM arch.GeminiClient getResponse
INFO: [GeminiClient] Waiting for semaphore. In queue: 3 | Active calls: 73 | Available permits: 7
May 06, 2026 2:29:39 PM arch.GeminiClient getResponse
INFO: [GeminiClient] Acquired semaphore. Active calls: 78
May 06, 2026 2:29:39 PM arch.GeminiClient getResponse
INFO: [GeminiClient] Acquired semaphore. Active calls: 75
May 06, 2026 2:29:39 PM arch.GeminiClient getResponse
INFO: [GeminiClient] Waiting for semaphore. In queue: 1 | Active calls: 78 | Available permits: 2
May 06, 2026 2:29:39 PM arch.GeminiClient getResponse
INFO: [GeminiClient] Acquired semaphore. Active calls: 79
May 06, 2026 2:29:39 PM arch.GeminiClient getResponse
INFO: [GeminiClient] Waiting for semaphore. In queue: 1 | Active calls: 79 | Available permits: 1
May 06, 2026 2:29:39 PM arch.GeminiClient getResponse
INFO: [GeminiClient] Acquired semaphore. Active calls: 80
May 06, 2026 2:29:39 PM arch.GeminiClient getResponse
INFO: [GeminiClient] Waiting for semaphore. In queue: 1 | Active calls: 80 | Available permits: 0
May 06, 2026 2:29:39 PM arch.GeminiClient getResponse
INFO: [GeminiClient] Waiting for semaphore. In queue: 3 | Active calls: 80 | Available permits: 0
May 06, 2026 2:29:39 PM arch.GeminiClient getResponse
INFO: [GeminiClient] Waiting for semaphore. In queue: 4 | Active calls: 80 | Available permits: 0
May 06, 2026 2:29:39 PM arch.GeminiClient getResponse
INFO: [GeminiClient] Waiting for semaphore. In queue: 5 | Active calls: 80 | Available permits: 0
May 06, 2026 2:29:39 PM arch.GeminiClient getResponse
INFO: [GeminiClient] Waiting for semaphore. In queue: 2 | Active calls: 80 | Available permits: 0
May 06, 2026 2:29:39 PM arch.GeminiClient getResponse
INFO: [GeminiClient] Waiting for semaphore. In queue: 6 | Active calls: 80 | Available permits: 0
May 06, 2026 2:29:39 PM arch.GeminiClient getResponse
INFO: [GeminiClient] Waiting for semaphore. In queue: 7 | Active calls: 80 | Available permits: 0
May 06, 2026 2:29:40 PM arch.GeminiClient getResponse
INFO: [GeminiClient] Waiting for semaphore. In queue: 9 | Active calls: 80 | Available permits: 0
May 06, 2026 2:29:40 PM arch.GeminiClient getResponse
INFO: [GeminiClient] Waiting for semaphore. In queue: 9 | Active calls: 80 | Available permits: 0
May 06, 2026 2:29:40 PM arch.GeminiClient getResponse
INFO: [GeminiClient] Waiting for semaphore. In queue: 10 | Active calls: 80 | Available permits: 0
May 06, 2026 2:29:40 PM arch.GeminiClient getResponse
INFO: [GeminiClient] Waiting for semaphore. In queue: 11 | Active calls: 80 | Available permits: 0
May 06, 2026 2:29:40 PM arch.GeminiClient getResponse
INFO: [GeminiClient] Waiting for semaphore. In queue: 12 | Active calls: 80 | Available permits: 0
May 06, 2026 2:29:40 PM arch.GeminiClient getResponse
INFO: [GeminiClient] Waiting for semaphore. In queue: 13 | Active calls: 80 | Available permits: 0
May 06, 2026 2:29:40 PM arch.GeminiClient getResponse
INFO: [GeminiClient] Waiting for semaphore. In queue: 14 | Active calls: 80 | Available permits: 0
May 06, 2026 2:29:40 PM arch.GeminiClient getResponse
INFO: [GeminiClient] Got response. Active calls: 79
May 06, 2026 2:29:40 PM arch.GeminiClient getResponse
INFO: [GeminiClient] Acquired semaphore. Active calls: 80
May 06, 2026 2:29:40 PM arch.GeminiClient getResponse
INFO: [GeminiClient] Waiting for semaphore. In queue: 14 | Active calls: 80 | Available permits: 0
May 06, 2026 2:29:40 PM arch.GeminiClient getResponse
INFO: [GeminiClient] Got response. Active calls: 79
May 06, 2026 2:29:40 PM arch.GeminiClient getResponse
INFO: [GeminiClient] Acquired semaphore. Active calls: 80
May 06, 2026 2:29:40 PM arch.GeminiClient getResponse
INFO: [GeminiClient] Got response. Active calls: 79
May 06, 2026 2:29:40 PM arch.GeminiClient getResponse
INFO: [GeminiClient] Acquired semaphore. Active calls: 80
May 06, 2026 2:29:40 PM arch.GeminiClient getResponse
INFO: [GeminiClient] Got response. Active calls: 79
May 06, 2026 2:29:40 PM arch.GeminiClient getResponse
INFO: [GeminiClient] Acquired semaphore. Active calls: 80
May 06, 2026 2:29:40 PM arch.GeminiClient getResponse
INFO: [GeminiClient] Got response. Active calls: 79
May 06, 2026 2:29:40 PM arch.GeminiClient getResponse
INFO: [GeminiClient] Acquired semaphore. Active calls: 80
May 06, 2026 2:29:40 PM arch.GeminiClient getResponse
INFO: [GeminiClient] Waiting for semaphore. In queue: 11 | Active calls: 80 | Available permits: 0
May 06, 2026 2:29:40 PM arch.GeminiClient getResponse
INFO: [GeminiClient] Waiting for semaphore. In queue: 12 | Active calls: 80 | Available permits: 0
May 06, 2026 2:29:40 PM arch.GeminiClient getResponse
INFO: [GeminiClient] Got response. Active calls: 79
May 06, 2026 2:29:40 PM arch.GeminiClient getResponse
INFO: [GeminiClient] Acquired semaphore. Active calls: 79
May 06, 2026 2:29:40 PM arch.GeminiClient getResponse
INFO: [GeminiClient] Got response. Active calls: 78
May 06, 2026 2:29:40 PM arch.GeminiClient getResponse
INFO: [GeminiClient] Acquired semaphore. Active calls: 80
May 06, 2026 2:29:40 PM arch.GeminiClient getResponse
INFO: [GeminiClient] Got response. Active calls: 79
May 06, 2026 2:29:40 PM arch.GeminiClient getResponse
INFO: [GeminiClient] Acquired semaphore. Active calls: 80
May 06, 2026 2:29:40 PM arch.GeminiClient getResponse
INFO: [GeminiClient] Got response. Active calls: 79
May 06, 2026 2:29:40 PM arch.GeminiClient getResponse
INFO: [GeminiClient] Acquired semaphore. Active calls: 80
May 06, 2026 2:29:40 PM arch.GeminiClient getResponse
INFO: [GeminiClient] Waiting for semaphore. In queue: 9 | Active calls: 80 | Available permits: 0
May 06, 2026 2:29:40 PM arch.GeminiClient getResponse
INFO: [GeminiClient] Got response. Active calls: 79
May 06, 2026 2:29:40 PM arch.GeminiClient getResponse
INFO: [GeminiClient] Acquired semaphore. Active calls: 80
May 06, 2026 2:29:40 PM arch.GeminiClient getResponse
INFO: [GeminiClient] Got response. Active calls: 79
May 06, 2026 2:29:40 PM arch.GeminiClient getResponse
INFO: [GeminiClient] Acquired semaphore. Active calls: 80
May 06, 2026 2:29:41 PM arch.GeminiClient getResponse
INFO: [GeminiClient] Waiting for semaphore. In queue: 8 | Active calls: 80 | Available permits: 0
May 06, 2026 2:29:41 PM arch.GeminiClient getResponse
INFO: [GeminiClient] Waiting for semaphore. In queue: 9 | Active calls: 80 | Available permits: 0
May 06, 2026 2:29:41 PM arch.GeminiClient getResponse
INFO: [GeminiClient] Got response. Active calls: 79
May 06, 2026 2:29:41 PM arch.GeminiClient getResponse
INFO: [GeminiClient] Acquired semaphore. Active calls: 80
May 06, 2026 2:29:41 PM arch.GeminiClient getResponse
INFO: [GeminiClient] Got response. Active calls: 79
May 06, 2026 2:29:41 PM arch.GeminiClient getResponse
INFO: [GeminiClient] Acquired semaphore. Active calls: 80
May 06, 2026 2:29:41 PM arch.GeminiClient getResponse
INFO: [GeminiClient] Got response. Active calls: 79
May 06, 2026 2:29:41 PM arch.GeminiClient getResponse
INFO: [GeminiClient] Acquired semaphore. Active calls: 80
May 06, 2026 2:29:41 PM arch.GeminiClient getResponse
INFO: [GeminiClient] Got response. Active calls: 79
May 06, 2026 2:29:41 PM arch.GeminiClient getResponse
INFO: [GeminiClient] Acquired semaphore. Active calls: 80
May 06, 2026 2:29:41 PM arch.GeminiClient getResponse
INFO: [GeminiClient] Got response. Active calls: 79
May 06, 2026 2:29:41 PM arch.GeminiClient getResponse
INFO: [GeminiClient] Acquired semaphore. Active calls: 80
May 06, 2026 2:29:41 PM arch.GeminiClient getResponse
INFO: [GeminiClient] Got response. Active calls: 79
May 06, 2026 2:29:41 PM arch.GeminiClient getResponse
INFO: [GeminiClient] Acquired semaphore. Active calls: 80
May 06, 2026 2:29:41 PM arch.GeminiClient getResponse
INFO: [GeminiClient] Got response. Active calls: 79
May 06, 2026 2:29:41 PM arch.GeminiClient getResponse
INFO: [GeminiClient] Acquired semaphore. Active calls: 80
May 06, 2026 2:29:41 PM arch.GeminiClient getResponse
INFO: [GeminiClient] Waiting for semaphore. In queue: 3 | Active calls: 80 | Available permits: 0
May 06, 2026 2:29:41 PM arch.GeminiClient getResponse
INFO: [GeminiClient] Waiting for semaphore. In queue: 4 | Active calls: 80 | Available permits: 0
May 06, 2026 2:29:41 PM arch.GeminiClient getResponse
INFO: [GeminiClient] Waiting for semaphore. In queue: 5 | Active calls: 80 | Available permits: 0
May 06, 2026 2:29:41 PM arch.GeminiClient getResponse
INFO: [GeminiClient] Got response. Active calls: 79
May 06, 2026 2:29:41 PM arch.GeminiClient getResponse
INFO: [GeminiClient] Acquired semaphore. Active calls: 80
May 06, 2026 2:29:41 PM arch.GeminiClient getResponse
INFO: [GeminiClient] Waiting for semaphore. In queue: 5 | Active calls: 80 | Available permits: 0
May 06, 2026 2:29:41 PM arch.GeminiClient getResponse
INFO: [GeminiClient] Got response. Active calls: 79
May 06, 2026 2:29:41 PM arch.GeminiClient getResponse
INFO: [GeminiClient] Acquired semaphore. Active calls: 80
May 06, 2026 2:29:41 PM arch.GeminiClient getResponse
INFO: [GeminiClient] Got response. Active calls: 79
May 06, 2026 2:29:41 PM arch.GeminiClient getResponse
INFO: [GeminiClient] Acquired semaphore. Active calls: 80
May 06, 2026 2:29:41 PM arch.GeminiClient getResponse
INFO: [GeminiClient] Waiting for semaphore. In queue: 4 | Active calls: 80 | Available permits: 0
May 06, 2026 2:29:41 PM arch.GeminiClient getResponse
INFO: [GeminiClient] Waiting for semaphore. In queue: 5 | Active calls: 80 | Available permits: 0
May 06, 2026 2:29:41 PM arch.GeminiClient getResponse
INFO: [GeminiClient] Waiting for semaphore. In queue: 6 | Active calls: 80 | Available permits: 0
May 06, 2026 2:29:41 PM arch.GeminiClient getResponse
INFO: [GeminiClient] Waiting for semaphore. In queue: 7 | Active calls: 80 | Available permits: 0
May 06, 2026 2:29:41 PM arch.GeminiClient getResponse
INFO: [GeminiClient] Got response. Active calls: 79
May 06, 2026 2:29:41 PM arch.GeminiClient getResponse
INFO: [GeminiClient] Got response. Active calls: 78
May 06, 2026 2:29:41 PM arch.GeminiClient getResponse
INFO: [GeminiClient] Acquired semaphore. Active calls: 79
May 06, 2026 2:29:41 PM arch.GeminiClient getResponse
INFO: [GeminiClient] Acquired semaphore. Active calls: 80
May 06, 2026 2:29:41 PM arch.GeminiClient getResponse
INFO: [GeminiClient] Waiting for semaphore. In queue: 6 | Active calls: 80 | Available permits: 0
May 06, 2026 2:29:41 PM arch.GeminiClient getResponse
INFO: [GeminiClient] Got response. Active calls: 79
May 06, 2026 2:29:41 PM arch.GeminiClient getResponse
INFO: [GeminiClient] Acquired semaphore. Active calls: 80
May 06, 2026 2:29:41 PM arch.GeminiClient getResponse
INFO: [GeminiClient] Got response. Active calls: 79
May 06, 2026 2:29:41 PM arch.GeminiClient getResponse
INFO: [GeminiClient] Acquired semaphore. Active calls: 80
May 06, 2026 2:29:41 PM arch.GeminiClient getResponse
INFO: [GeminiClient] Waiting for semaphore. In queue: 5 | Active calls: 80 | Available permits: 0
May 06, 2026 2:29:41 PM arch.GeminiClient getResponse
INFO: [GeminiClient] Got response. Active calls: 79
May 06, 2026 2:29:41 PM arch.GeminiClient getResponse
INFO: [GeminiClient] Acquired semaphore. Active calls: 80
May 06, 2026 2:29:41 PM arch.GeminiClient getResponse
INFO: [GeminiClient] Got response. Active calls: 79
May 06, 2026 2:29:41 PM arch.GeminiClient getResponse
INFO: [GeminiClient] Acquired semaphore. Active calls: 80
May 06, 2026 2:29:41 PM arch.GeminiClient getResponse
INFO: [GeminiClient] Waiting for semaphore. In queue: 4 | Active calls: 80 | Available permits: 0
May 06, 2026 2:29:41 PM arch.GeminiClient getResponse
INFO: [GeminiClient] Got response. Active calls: 79
May 06, 2026 2:29:41 PM arch.GeminiClient getResponse
INFO: [GeminiClient] Acquired semaphore. Active calls: 80
May 06, 2026 2:29:41 PM arch.GeminiClient getResponse
INFO: [GeminiClient] Got response. Active calls: 79
May 06, 2026 2:29:41 PM arch.GeminiClient getResponse
INFO: [GeminiClient] Acquired semaphore. Active calls: 80
May 06, 2026 2:29:41 PM arch.GeminiClient getResponse
INFO: [GeminiClient] Waiting for semaphore. In queue: 3 | Active calls: 80 | Available permits: 0
May 06, 2026 2:29:42 PM arch.GeminiClient getResponse
INFO: [GeminiClient] Got response. Active calls: 79
May 06, 2026 2:29:42 PM arch.GeminiClient getResponse
INFO: [GeminiClient] Acquired semaphore. Active calls: 80
May 06, 2026 2:29:42 PM arch.GeminiClient getResponse
INFO: [GeminiClient] Waiting for semaphore. In queue: 3 | Active calls: 80 | Available permits: 0
May 06, 2026 2:29:42 PM arch.GeminiClient getResponse
INFO: [GeminiClient] Got response. Active calls: 79
May 06, 2026 2:29:42 PM arch.GeminiClient getResponse
INFO: [GeminiClient] Acquired semaphore. Active calls: 80
May 06, 2026 2:29:42 PM arch.GeminiClient getResponse
INFO: [GeminiClient] Waiting for semaphore. In queue: 3 | Active calls: 80 | Available permits: 0
May 06, 2026 2:29:42 PM arch.GeminiClient getResponse
INFO: [GeminiClient] Waiting for semaphore. In queue: 4 | Active calls: 80 | Available permits: 0
May 06, 2026 2:29:42 PM arch.GeminiClient getResponse
INFO: [GeminiClient] Waiting for semaphore. In queue: 5 | Active calls: 80 | Available permits: 0
May 06, 2026 2:29:42 PM arch.GeminiClient getResponse
INFO: [GeminiClient] Waiting for semaphore. In queue: 6 | Active calls: 80 | Available permits: 0
May 06, 2026 2:29:42 PM arch.GeminiClient getResponse
INFO: [GeminiClient] Waiting for semaphore. In queue: 7 | Active calls: 80 | Available permits: 0
May 06, 2026 2:29:42 PM arch.GeminiClient getResponse
INFO: [GeminiClient] Got response. Active calls: 79
May 06, 2026 2:29:42 PM arch.GeminiClient getResponse
INFO: [GeminiClient] Acquired semaphore. Active calls: 80
May 06, 2026 2:29:42 PM arch.GeminiClient getResponse
INFO: [GeminiClient] Waiting for semaphore. In queue: 7 | Active calls: 80 | Available permits: 0
May 06, 2026 2:29:42 PM arch.GeminiClient getResponse
INFO: [GeminiClient] Waiting for semaphore. In queue: 8 | Active calls: 80 | Available permits: 0
May 06, 2026 2:29:42 PM arch.GeminiClient getResponse
INFO: [GeminiClient] Got response. Active calls: 79
May 06, 2026 2:29:42 PM arch.GeminiClient getResponse
INFO: [GeminiClient] Got response. Active calls: 78
May 06, 2026 2:29:42 PM arch.GeminiClient getResponse
INFO: [GeminiClient] Acquired semaphore. Active calls: 79
May 06, 2026 2:29:42 PM arch.GeminiClient getResponse
INFO: [GeminiClient] Acquired semaphore. Active calls: 80
May 06, 2026 2:29:42 PM arch.GeminiClient getResponse
INFO: [GeminiClient] Waiting for semaphore. In queue: 7 | Active calls: 80 | Available permits: 0
May 06, 2026 2:29:42 PM arch.GeminiClient getResponse
INFO: [GeminiClient] Waiting for semaphore. In queue: 8 | Active calls: 80 | Available permits: 0
May 06, 2026 2:29:42 PM arch.GeminiClient getResponse
INFO: [GeminiClient] Got response. Active calls: 79
May 06, 2026 2:29:42 PM arch.GeminiClient getResponse
INFO: [GeminiClient] Acquired semaphore. Active calls: 80
May 06, 2026 2:29:42 PM arch.GeminiClient getResponse
INFO: [GeminiClient] Waiting for semaphore. In queue: 8 | Active calls: 80 | Available permits: 0
May 06, 2026 2:29:42 PM arch.GeminiClient getResponse
INFO: [GeminiClient] Got response. Active calls: 79
May 06, 2026 2:29:42 PM arch.GeminiClient getResponse
INFO: [GeminiClient] Acquired semaphore. Active calls: 80
May 06, 2026 2:29:43 PM arch.GeminiClient getResponse
INFO: [GeminiClient] Got response. Active calls: 79
May 06, 2026 2:29:43 PM arch.GeminiClient getResponse
INFO: [GeminiClient] Acquired semaphore. Active calls: 80
May 06, 2026 2:29:43 PM arch.GeminiClient getResponse
INFO: [GeminiClient] Waiting for semaphore. In queue: 7 | Active calls: 80 | Available permits: 0
May 06, 2026 2:29:43 PM arch.GeminiClient getResponse
INFO: [GeminiClient] Got response. Active calls: 79
May 06, 2026 2:29:43 PM arch.GeminiClient getResponse
INFO: [GeminiClient] Acquired semaphore. Active calls: 80
May 06, 2026 2:29:43 PM arch.GeminiClient getResponse
INFO: [GeminiClient] Waiting for semaphore. In queue: 7 | Active calls: 80 | Available permits: 0
May 06, 2026 2:29:43 PM arch.GeminiClient getResponse
INFO: [GeminiClient] Got response. Active calls: 79
May 06, 2026 2:29:43 PM arch.GeminiClient getResponse
INFO: [GeminiClient] Acquired semaphore. Active calls: 80
May 06, 2026 2:29:43 PM arch.GeminiClient getResponse
INFO: [GeminiClient] Waiting for semaphore. In queue: 7 | Active calls: 80 | Available permits: 0
May 06, 2026 2:29:43 PM arch.GeminiClient getResponse
INFO: [GeminiClient] Got response. Active calls: 79
May 06, 2026 2:29:43 PM arch.GeminiClient getResponse
INFO: [GeminiClient] Acquired semaphore. Active calls: 80
May 06, 2026 2:29:43 PM arch.GeminiClient getResponse
INFO: [GeminiClient] Got response. Active calls: 79
May 06, 2026 2:29:43 PM arch.GeminiClient getResponse
INFO: [GeminiClient] Acquired semaphore. Active calls: 80
May 06, 2026 2:29:43 PM arch.GeminiClient getResponse
INFO: [GeminiClient] Waiting for semaphore. In queue: 6 | Active calls: 80 | Available permits: 0
May 06, 2026 2:29:43 PM arch.GeminiClient getResponse
INFO: [GeminiClient] Got response. Active calls: 79
May 06, 2026 2:29:43 PM arch.GeminiClient getResponse
INFO: [GeminiClient] Acquired semaphore. Active calls: 80
May 06, 2026 2:29:43 PM arch.GeminiClient getResponse
INFO: [GeminiClient] Waiting for semaphore. In queue: 6 | Active calls: 80 | Available permits: 0
May 06, 2026 2:29:43 PM arch.GeminiClient getResponse
INFO: [GeminiClient] Got response. Active calls: 79
May 06, 2026 2:29:43 PM arch.GeminiClient getResponse
INFO: [GeminiClient] Acquired semaphore. Active calls: 80
May 06, 2026 2:29:44 PM arch.GeminiClient getResponse
INFO: [GeminiClient] Got response. Active calls: 79
May 06, 2026 2:29:44 PM arch.GeminiClient getResponse
INFO: [GeminiClient] Acquired semaphore. Active calls: 80
May 06, 2026 2:29:44 PM arch.GeminiClient getResponse
INFO: [GeminiClient] Got response. Active calls: 79
May 06, 2026 2:29:44 PM arch.GeminiClient getResponse
INFO: [GeminiClient] Acquired semaphore. Active calls: 80
May 06, 2026 2:29:44 PM arch.GeminiClient getResponse
INFO: [GeminiClient] Got response. Active calls: 79
May 06, 2026 2:29:44 PM arch.GeminiClient getResponse
INFO: [GeminiClient] Acquired semaphore. Active calls: 80
May 06, 2026 2:29:44 PM arch.GeminiClient getResponse
INFO: [GeminiClient] Waiting for semaphore. In queue: 3 | Active calls: 80 | Available permits: 0
May 06, 2026 2:29:44 PM arch.GeminiClient getResponse
INFO: [GeminiClient] Waiting for semaphore. In queue: 4 | Active calls: 80 | Available permits: 0
May 06, 2026 2:29:44 PM arch.GeminiClient getResponse
INFO: [GeminiClient] Got response. Active calls: 79
May 06, 2026 2:29:44 PM arch.GeminiClient getResponse
INFO: [GeminiClient] Got response. Active calls: 78
May 06, 2026 2:29:44 PM arch.GeminiClient getResponse
INFO: [GeminiClient] Acquired semaphore. Active calls: 80
May 06, 2026 2:29:44 PM arch.GeminiClient getResponse
INFO: [GeminiClient] Acquired semaphore. Active calls: 79
May 06, 2026 2:29:44 PM arch.GeminiClient getResponse
INFO: [GeminiClient] Waiting for semaphore. In queue: 3 | Active calls: 80 | Available permits: 0
May 06, 2026 2:29:44 PM arch.GeminiClient getResponse
INFO: [GeminiClient] Got response. Active calls: 79
May 06, 2026 2:29:44 PM arch.GeminiClient getResponse
INFO: [GeminiClient] Acquired semaphore. Active calls: 80
May 06, 2026 2:29:44 PM arch.GeminiClient getResponse
INFO: [GeminiClient] Waiting for semaphore. In queue: 3 | Active calls: 80 | Available permits: 0
May 06, 2026 2:29:44 PM arch.GeminiClient getResponse
INFO: [GeminiClient] Got response. Active calls: 79
May 06, 2026 2:29:44 PM arch.GeminiClient getResponse
INFO: [GeminiClient] Acquired semaphore. Active calls: 80
May 06, 2026 2:29:44 PM arch.GeminiClient getResponse
INFO: [GeminiClient] Waiting for semaphore. In queue: 3 | Active calls: 80 | Available permits: 0
May 06, 2026 2:29:45 PM arch.GeminiClient getResponse
INFO: [GeminiClient] Got response. Active calls: 79
May 06, 2026 2:29:45 PM arch.GeminiClient getResponse
INFO: [GeminiClient] Acquired semaphore. Active calls: 80
May 06, 2026 2:29:45 PM arch.GeminiClient getResponse
INFO: [GeminiClient] Waiting for semaphore. In queue: 3 | Active calls: 80 | Available permits: 0
May 06, 2026 2:29:45 PM arch.GeminiClient getResponse
INFO: [GeminiClient] Waiting for semaphore. In queue: 4 | Active calls: 80 | Available permits: 0
May 06, 2026 2:29:45 PM arch.GeminiClient getResponse
INFO: [GeminiClient] Got response. Active calls: 79
May 06, 2026 2:29:45 PM arch.GeminiClient getResponse
INFO: [GeminiClient] Acquired semaphore. Active calls: 80
May 06, 2026 2:29:45 PM arch.GeminiClient getResponse
INFO: [GeminiClient] Waiting for semaphore. In queue: 4 | Active calls: 80 | Available permits: 0
May 06, 2026 2:29:45 PM arch.GeminiClient getResponse
INFO: [GeminiClient] Got response. Active calls: 79
May 06, 2026 2:29:45 PM arch.GeminiClient getResponse
INFO: [GeminiClient] Acquired semaphore. Active calls: 80
May 06, 2026 2:29:45 PM arch.GeminiClient getResponse
INFO: [GeminiClient] Got response. Active calls: 79
May 06, 2026 2:29:45 PM arch.GeminiClient getResponse
INFO: [GeminiClient] Acquired semaphore. Active calls: 80
May 06, 2026 2:29:45 PM arch.GeminiClient getResponse
INFO: [GeminiClient] Got response. Active calls: 79
May 06, 2026 2:29:45 PM arch.GeminiClient getResponse
INFO: [GeminiClient] Acquired semaphore. Active calls: 80
May 06, 2026 2:29:45 PM arch.GeminiClient getResponse
INFO: [GeminiClient] Waiting for semaphore. In queue: 2 | Active calls: 80 | Available permits: 0
May 06, 2026 2:29:45 PM arch.GeminiClient getResponse
INFO: [GeminiClient] Waiting for semaphore. In queue: 3 | Active calls: 80 | Available permits: 0
May 06, 2026 2:29:45 PM arch.GeminiClient getResponse
INFO: [GeminiClient] Got response. Active calls: 79
May 06, 2026 2:29:45 PM arch.GeminiClient getResponse
INFO: [GeminiClient] Acquired semaphore. Active calls: 80
May 06, 2026 2:29:45 PM arch.GeminiClient getResponse
INFO: [GeminiClient] Waiting for semaphore. In queue: 3 | Active calls: 80 | Available permits: 0
May 06, 2026 2:29:45 PM arch.GeminiClient getResponse
INFO: [GeminiClient] Waiting for semaphore. In queue: 4 | Active calls: 80 | Available permits: 0
May 06, 2026 2:29:45 PM arch.GeminiClient getResponse
INFO: [GeminiClient] Waiting for semaphore. In queue: 5 | Active calls: 80 | Available permits: 0
May 06, 2026 2:29:45 PM arch.GeminiClient getResponse
INFO: [GeminiClient] Waiting for semaphore. In queue: 6 | Active calls: 80 | Available permits: 0
May 06, 2026 2:29:45 PM arch.GeminiClient getResponse
INFO: [GeminiClient] Got response. Active calls: 79
May 06, 2026 2:29:45 PM arch.GeminiClient getResponse
INFO: [GeminiClient] Acquired semaphore. Active calls: 80
May 06, 2026 2:29:45 PM arch.GeminiClient getResponse
INFO: [GeminiClient] Waiting for semaphore. In queue: 6 | Active calls: 80 | Available permits: 0
May 06, 2026 2:29:45 PM arch.GeminiClient getResponse
INFO: [GeminiClient] Got response. Active calls: 79
May 06, 2026 2:29:45 PM arch.GeminiClient getResponse
INFO: [GeminiClient] Acquired semaphore. Active calls: 80
May 06, 2026 2:29:45 PM arch.GeminiClient getResponse
INFO: [GeminiClient] Got response. Active calls: 79
May 06, 2026 2:29:45 PM arch.GeminiClient getResponse
INFO: [GeminiClient] Acquired semaphore. Active calls: 80
May 06, 2026 2:29:45 PM arch.GeminiClient getResponse
INFO: [GeminiClient] Got response. Active calls: 79
May 06, 2026 2:29:45 PM arch.GeminiClient getResponse
INFO: [GeminiClient] Acquired semaphore. Active calls: 80
May 06, 2026 2:29:45 PM arch.GeminiClient getResponse
INFO: [GeminiClient] Waiting for semaphore. In queue: 4 | Active calls: 80 | Available permits: 0
May 06, 2026 2:29:45 PM arch.GeminiClient getResponse
INFO: [GeminiClient] Waiting for semaphore. In queue: 5 | Active calls: 80 | Available permits: 0
May 06, 2026 2:29:46 PM arch.GeminiClient getResponse
INFO: [GeminiClient] Waiting for semaphore. In queue: 6 | Active calls: 80 | Available permits: 0
May 06, 2026 2:29:46 PM arch.GeminiClient getResponse
INFO: [GeminiClient] Got response. Active calls: 79
May 06, 2026 2:29:46 PM arch.GeminiClient getResponse
INFO: [GeminiClient] Acquired semaphore. Active calls: 80
May 06, 2026 2:29:46 PM arch.GeminiClient getResponse
INFO: [GeminiClient] Waiting for semaphore. In queue: 6 | Active calls: 80 | Available permits: 0
May 06, 2026 2:29:46 PM arch.GeminiClient getResponse
INFO: [GeminiClient] Got response. Active calls: 79
May 06, 2026 2:29:46 PM arch.GeminiClient getResponse
INFO: [GeminiClient] Acquired semaphore. Active calls: 80
May 06, 2026 2:29:46 PM arch.GeminiClient getResponse
INFO: [GeminiClient] Waiting for semaphore. In queue: 6 | Active calls: 80 | Available permits: 0
May 06, 2026 2:29:46 PM arch.GeminiClient getResponse
INFO: [GeminiClient] Got response. Active calls: 79
May 06, 2026 2:29:46 PM arch.GeminiClient getResponse
INFO: [GeminiClient] Acquired semaphore. Active calls: 80
May 06, 2026 2:29:46 PM arch.GeminiClient getResponse
INFO: [GeminiClient] Waiting for semaphore. In queue: 6 | Active calls: 80 | Available permits: 0
May 06, 2026 2:29:46 PM arch.GeminiClient getResponse
INFO: [GeminiClient] Got response. Active calls: 79
May 06, 2026 2:29:46 PM arch.GeminiClient getResponse
INFO: [GeminiClient] Acquired semaphore. Active calls: 80
May 06, 2026 2:29:46 PM arch.GeminiClient getResponse
INFO: [GeminiClient] Got response. Active calls: 79
May 06, 2026 2:29:46 PM arch.GeminiClient getResponse
INFO: [GeminiClient] Acquired semaphore. Active calls: 80
May 06, 2026 2:29:46 PM arch.GeminiClient getResponse
INFO: [GeminiClient] Waiting for semaphore. In queue: 5 | Active calls: 80 | Available permits: 0
May 06, 2026 2:29:46 PM arch.GeminiClient getResponse
INFO: [GeminiClient] Waiting for semaphore. In queue: 6 | Active calls: 80 | Available permits: 0
May 06, 2026 2:29:46 PM arch.GeminiClient getResponse
INFO: [GeminiClient] Got response. Active calls: 79
May 06, 2026 2:29:46 PM arch.GeminiClient getResponse
INFO: [GeminiClient] Acquired semaphore. Active calls: 80
May 06, 2026 2:29:46 PM arch.GeminiClient getResponse
INFO: [GeminiClient] Waiting for semaphore. In queue: 6 | Active calls: 80 | Available permits: 0
May 06, 2026 2:29:46 PM arch.GeminiClient getResponse
INFO: [GeminiClient] Waiting for semaphore. In queue: 7 | Active calls: 80 | Available permits: 0
May 06, 2026 2:29:46 PM arch.GeminiClient getResponse
INFO: [GeminiClient] Got response. Active calls: 79
May 06, 2026 2:29:46 PM arch.GeminiClient getResponse
INFO: [GeminiClient] Acquired semaphore. Active calls: 80
May 06, 2026 2:29:46 PM arch.GeminiClient getResponse
INFO: [GeminiClient] Waiting for semaphore. In queue: 7 | Active calls: 80 | Available permits: 0
May 06, 2026 2:29:46 PM arch.GeminiClient getResponse
INFO: [GeminiClient] Got response. Active calls: 78
May 06, 2026 2:29:46 PM arch.GeminiClient getResponse
INFO: [GeminiClient] Got response. Active calls: 79
May 06, 2026 2:29:46 PM arch.GeminiClient getResponse
INFO: [GeminiClient] Acquired semaphore. Active calls: 80
May 06, 2026 2:29:46 PM arch.GeminiClient getResponse
INFO: [GeminiClient] Acquired semaphore. Active calls: 79
May 06, 2026 2:29:46 PM arch.GeminiClient getResponse
INFO: [GeminiClient] Waiting for semaphore. In queue: 6 | Active calls: 80 | Available permits: 0
May 06, 2026 2:29:46 PM arch.GeminiClient getResponse
INFO: [GeminiClient] Waiting for semaphore. In queue: 7 | Active calls: 80 | Available permits: 0
May 06, 2026 2:29:46 PM arch.GeminiClient getResponse
INFO: [GeminiClient] Got response. Active calls: 79
May 06, 2026 2:29:46 PM arch.GeminiClient getResponse
INFO: [GeminiClient] Acquired semaphore. Active calls: 80
May 06, 2026 2:29:46 PM arch.GeminiClient getResponse
INFO: [GeminiClient] Waiting for semaphore. In queue: 7 | Active calls: 80 | Available permits: 0
May 06, 2026 2:29:46 PM arch.GeminiClient getResponse
INFO: [GeminiClient] Got response. Active calls: 79
May 06, 2026 2:29:46 PM arch.GeminiClient getResponse
INFO: [GeminiClient] Got response. Active calls: 78
May 06, 2026 2:29:46 PM arch.GeminiClient getResponse
INFO: [GeminiClient] Acquired semaphore. Active calls: 79
May 06, 2026 2:29:46 PM arch.GeminiClient getResponse
INFO: [GeminiClient] Acquired semaphore. Active calls: 80
May 06, 2026 2:29:46 PM arch.GeminiClient getResponse
INFO: [GeminiClient] Got response. Active calls: 79
May 06, 2026 2:29:46 PM arch.GeminiClient getResponse
INFO: [GeminiClient] Acquired semaphore. Active calls: 80
May 06, 2026 2:29:46 PM arch.GeminiClient getResponse
INFO: [GeminiClient] Waiting for semaphore. In queue: 5 | Active calls: 80 | Available permits: 0
May 06, 2026 2:29:46 PM arch.GeminiClient getResponse
INFO: [GeminiClient] Waiting for semaphore. In queue: 6 | Active calls: 80 | Available permits: 0
May 06, 2026 2:29:46 PM arch.GeminiClient getResponse
INFO: [GeminiClient] Got response. Active calls: 79
May 06, 2026 2:29:46 PM arch.GeminiClient getResponse
INFO: [GeminiClient] Acquired semaphore. Active calls: 80
May 06, 2026 2:29:46 PM arch.GeminiClient getResponse
INFO: [GeminiClient] Got response. Active calls: 79
May 06, 2026 2:29:46 PM arch.GeminiClient getResponse
INFO: [GeminiClient] Acquired semaphore. Active calls: 80
May 06, 2026 2:29:46 PM arch.GeminiClient getResponse
INFO: [GeminiClient] Waiting for semaphore. In queue: 5 | Active calls: 80 | Available permits: 0
May 06, 2026 2:29:46 PM arch.GeminiClient getResponse
INFO: [GeminiClient] Waiting for semaphore. In queue: 6 | Active calls: 80 | Available permits: 0
May 06, 2026 2:29:47 PM arch.GeminiClient getResponse
INFO: [GeminiClient] Waiting for semaphore. In queue: 7 | Active calls: 80 | Available permits: 0
May 06, 2026 2:29:47 PM arch.GeminiClient getResponse
INFO: [GeminiClient] Got response. Active calls: 79
May 06, 2026 2:29:47 PM arch.GeminiClient getResponse
INFO: [GeminiClient] Acquired semaphore. Active calls: 80
May 06, 2026 2:29:47 PM arch.GeminiClient getResponse
INFO: [GeminiClient] Waiting for semaphore. In queue: 7 | Active calls: 80 | Available permits: 0
May 06, 2026 2:29:47 PM arch.GeminiClient getResponse
INFO: [GeminiClient] Got response. Active calls: 79
May 06, 2026 2:29:47 PM arch.GeminiClient getResponse
INFO: [GeminiClient] Acquired semaphore. Active calls: 80
May 06, 2026 2:29:47 PM arch.GeminiClient getResponse
INFO: [GeminiClient] Got response. Active calls: 79
May 06, 2026 2:29:47 PM arch.GeminiClient getResponse
INFO: [GeminiClient] Acquired semaphore. Active calls: 80
May 06, 2026 2:29:47 PM arch.GeminiClient getResponse
INFO: [GeminiClient] Waiting for semaphore. In queue: 6 | Active calls: 80 | Available permits: 0
May 06, 2026 2:29:47 PM arch.GeminiClient getResponse
INFO: [GeminiClient] Waiting for semaphore. In queue: 7 | Active calls: 80 | Available permits: 0
May 06, 2026 2:29:47 PM arch.GeminiClient getResponse
INFO: [GeminiClient] Got response. Active calls: 79
May 06, 2026 2:29:47 PM arch.GeminiClient getResponse
INFO: [GeminiClient] Acquired semaphore. Active calls: 80
May 06, 2026 2:29:47 PM arch.GeminiClient getResponse
INFO: [GeminiClient] Waiting for semaphore. In queue: 7 | Active calls: 80 | Available permits: 0
May 06, 2026 2:29:47 PM arch.GeminiClient getResponse
INFO: [GeminiClient] Waiting for semaphore. In queue: 8 | Active calls: 80 | Available permits: 0
May 06, 2026 2:29:47 PM arch.GeminiClient getResponse
INFO: [GeminiClient] Got response. Active calls: 79
May 06, 2026 2:29:47 PM arch.GeminiClient getResponse
INFO: [GeminiClient] Acquired semaphore. Active calls: 80
May 06, 2026 2:29:47 PM arch.GeminiClient getResponse
INFO: [GeminiClient] Waiting for semaphore. In queue: 8 | Active calls: 80 | Available permits: 0
May 06, 2026 2:29:47 PM arch.GeminiClient getResponse
INFO: [GeminiClient] Got response. Active calls: 79
May 06, 2026 2:29:47 PM arch.GeminiClient getResponse
INFO: [GeminiClient] Got response. Active calls: 78
May 06, 2026 2:29:47 PM arch.GeminiClient getResponse
INFO: [GeminiClient] Acquired semaphore. Active calls: 79
May 06, 2026 2:29:47 PM arch.GeminiClient getResponse
INFO: [GeminiClient] Acquired semaphore. Active calls: 80
May 06, 2026 2:29:47 PM arch.GeminiClient getResponse
INFO: [GeminiClient] Waiting for semaphore. In queue: 7 | Active calls: 80 | Available permits: 0
May 06, 2026 2:29:47 PM arch.GeminiClient getResponse
INFO: [GeminiClient] Waiting for semaphore. In queue: 8 | Active calls: 80 | Available permits: 0
May 06, 2026 2:29:47 PM arch.GeminiClient getResponse
INFO: [GeminiClient] Waiting for semaphore. In queue: 9 | Active calls: 80 | Available permits: 0
May 06, 2026 2:29:47 PM arch.GeminiClient getResponse
INFO: [GeminiClient] Got response. Active calls: 79
May 06, 2026 2:29:47 PM arch.GeminiClient getResponse
INFO: [GeminiClient] Acquired semaphore. Active calls: 80
May 06, 2026 2:29:47 PM arch.GeminiClient getResponse
INFO: [GeminiClient] Waiting for semaphore. In queue: 9 | Active calls: 80 | Available permits: 0
May 06, 2026 2:29:47 PM arch.GeminiClient getResponse
INFO: [GeminiClient] Got response. Active calls: 79
May 06, 2026 2:29:47 PM arch.GeminiClient getResponse
INFO: [GeminiClient] Acquired semaphore. Active calls: 80
May 06, 2026 2:29:47 PM arch.GeminiClient getResponse
INFO: [GeminiClient] Waiting for semaphore. In queue: 9 | Active calls: 80 | Available permits: 0
May 06, 2026 2:29:47 PM arch.GeminiClient getResponse
INFO: [GeminiClient] Got response. Active calls: 79
May 06, 2026 2:29:47 PM arch.GeminiClient getResponse
INFO: [GeminiClient] Acquired semaphore. Active calls: 80
May 06, 2026 2:29:47 PM arch.GeminiClient getResponse
INFO: [GeminiClient] Waiting for semaphore. In queue: 9 | Active calls: 80 | Available permits: 0
May 06, 2026 2:29:47 PM arch.GeminiClient getResponse
INFO: [GeminiClient] Got response. Active calls: 79
May 06, 2026 2:29:47 PM arch.GeminiClient getResponse
INFO: [GeminiClient] Acquired semaphore. Active calls: 80
May 06, 2026 2:29:48 PM arch.GeminiClient getResponse
INFO: [GeminiClient] Got response. Active calls: 79
May 06, 2026 2:29:48 PM arch.GeminiClient getResponse
INFO: [GeminiClient] Acquired semaphore. Active calls: 80
May 06, 2026 2:29:48 PM arch.GeminiClient getResponse
INFO: [GeminiClient] Got response. Active calls: 79
May 06, 2026 2:29:48 PM arch.GeminiClient getResponse
INFO: [GeminiClient] Acquired semaphore. Active calls: 80
May 06, 2026 2:29:48 PM arch.GeminiClient getResponse
INFO: [GeminiClient] Waiting for semaphore. In queue: 7 | Active calls: 80 | Available permits: 0
May 06, 2026 2:29:48 PM arch.GeminiClient getResponse
INFO: [GeminiClient] Waiting for semaphore. In queue: 8 | Active calls: 80 | Available permits: 0
May 06, 2026 2:29:48 PM arch.GeminiClient getResponse
INFO: [GeminiClient] Got response. Active calls: 79
May 06, 2026 2:29:48 PM arch.GeminiClient getResponse
INFO: [GeminiClient] Acquired semaphore. Active calls: 80
May 06, 2026 2:29:48 PM arch.GeminiClient getResponse
INFO: [GeminiClient] Got response. Active calls: 79
May 06, 2026 2:29:48 PM arch.GeminiClient getResponse
INFO: [GeminiClient] Got response. Active calls: 78
May 06, 2026 2:29:48 PM arch.GeminiClient getResponse
INFO: [GeminiClient] Got response. Active calls: 77
May 06, 2026 2:29:48 PM arch.GeminiClient getResponse
INFO: [GeminiClient] Acquired semaphore. Active calls: 80
May 06, 2026 2:29:48 PM arch.GeminiClient getResponse
INFO: [GeminiClient] Acquired semaphore. Active calls: 78
May 06, 2026 2:29:48 PM arch.GeminiClient getResponse
INFO: [GeminiClient] Acquired semaphore. Active calls: 79
May 06, 2026 2:29:48 PM arch.GeminiClient getResponse
INFO: [GeminiClient] Waiting for semaphore. In queue: 5 | Active calls: 80 | Available permits: 0
May 06, 2026 2:29:48 PM arch.GeminiClient getResponse
INFO: [GeminiClient] Waiting for semaphore. In queue: 6 | Active calls: 80 | Available permits: 0
May 06, 2026 2:29:48 PM arch.GeminiClient getResponse
INFO: [GeminiClient] Got response. Active calls: 79
May 06, 2026 2:29:48 PM arch.GeminiClient getResponse
INFO: [GeminiClient] Acquired semaphore. Active calls: 80
May 06, 2026 2:29:48 PM arch.GeminiClient getResponse
INFO: [GeminiClient] Waiting for semaphore. In queue: 6 | Active calls: 80 | Available permits: 0
May 06, 2026 2:29:48 PM arch.GeminiClient getResponse
INFO: [GeminiClient] Waiting for semaphore. In queue: 7 | Active calls: 80 | Available permits: 0
May 06, 2026 2:29:48 PM arch.GeminiClient getResponse
INFO: [GeminiClient] Waiting for semaphore. In queue: 8 | Active calls: 80 | Available permits: 0
May 06, 2026 2:29:48 PM arch.GeminiClient getResponse
INFO: [GeminiClient] Got response. Active calls: 79
May 06, 2026 2:29:48 PM arch.GeminiClient getResponse
INFO: [GeminiClient] Acquired semaphore. Active calls: 80
May 06, 2026 2:29:48 PM arch.GeminiClient getResponse
INFO: [GeminiClient] Got response. Active calls: 79
May 06, 2026 2:29:48 PM arch.GeminiClient getResponse
INFO: [GeminiClient] Got response. Active calls: 78
May 06, 2026 2:29:48 PM arch.GeminiClient getResponse
INFO: [GeminiClient] Acquired semaphore. Active calls: 79
May 06, 2026 2:29:48 PM arch.GeminiClient getResponse
INFO: [GeminiClient] Acquired semaphore. Active calls: 80
May 06, 2026 2:29:48 PM arch.GeminiClient getResponse
INFO: [GeminiClient] Waiting for semaphore. In queue: 6 | Active calls: 80 | Available permits: 0
May 06, 2026 2:29:48 PM arch.GeminiClient getResponse
INFO: [GeminiClient] Waiting for semaphore. In queue: 7 | Active calls: 80 | Available permits: 0
May 06, 2026 2:29:48 PM arch.GeminiClient getResponse
INFO: [GeminiClient] Waiting for semaphore. In queue: 8 | Active calls: 80 | Available permits: 0
May 06, 2026 2:29:48 PM arch.GeminiClient getResponse
INFO: [GeminiClient] Got response. Active calls: 79
May 06, 2026 2:29:48 PM arch.GeminiClient getResponse
INFO: [GeminiClient] Acquired semaphore. Active calls: 80
May 06, 2026 2:29:48 PM arch.GeminiClient getResponse
INFO: [GeminiClient] Waiting for semaphore. In queue: 8 | Active calls: 80 | Available permits: 0
May 06, 2026 2:29:48 PM arch.GeminiClient getResponse
INFO: [GeminiClient] Got response. Active calls: 79
May 06, 2026 2:29:48 PM arch.GeminiClient getResponse
INFO: [GeminiClient] Acquired semaphore. Active calls: 80
May 06, 2026 2:29:48 PM arch.GeminiClient getResponse
INFO: [GeminiClient] Got response. Active calls: 79
May 06, 2026 2:29:48 PM arch.GeminiClient getResponse
INFO: [GeminiClient] Acquired semaphore. Active calls: 80
May 06, 2026 2:29:48 PM arch.GeminiClient getResponse
INFO: [GeminiClient] Waiting for semaphore. In queue: 7 | Active calls: 80 | Available permits: 0
May 06, 2026 2:29:48 PM arch.GeminiClient getResponse
INFO: [GeminiClient] Waiting for semaphore. In queue: 8 | Active calls: 80 | Available permits: 0
May 06, 2026 2:29:48 PM arch.GeminiClient getResponse
INFO: [GeminiClient] Waiting for semaphore. In queue: 9 | Active calls: 80 | Available permits: 0
May 06, 2026 2:29:48 PM arch.GeminiClient getResponse
INFO: [GeminiClient] Waiting for semaphore. In queue: 10 | Active calls: 80 | Available permits: 0
May 06, 2026 2:29:48 PM arch.GeminiClient getResponse
INFO: [GeminiClient] Got response. Active calls: 79
May 06, 2026 2:29:48 PM arch.GeminiClient getResponse
INFO: [GeminiClient] Acquired semaphore. Active calls: 80
May 06, 2026 2:29:48 PM arch.GeminiClient getResponse
INFO: [GeminiClient] Got response. Active calls: 79
May 06, 2026 2:29:48 PM arch.GeminiClient getResponse
INFO: [GeminiClient] Acquired semaphore. Active calls: 80
May 06, 2026 2:29:48 PM arch.GeminiClient getResponse
INFO: [GeminiClient] Waiting for semaphore. In queue: 9 | Active calls: 80 | Available permits: 0
May 06, 2026 2:29:48 PM arch.GeminiClient getResponse
INFO: [GeminiClient] Waiting for semaphore. In queue: 10 | Active calls: 80 | Available permits: 0
May 06, 2026 2:29:48 PM arch.GeminiClient getResponse
INFO: [GeminiClient] Got response. Active calls: 79
May 06, 2026 2:29:48 PM arch.GeminiClient getResponse
INFO: [GeminiClient] Acquired semaphore. Active calls: 80
May 06, 2026 2:29:48 PM arch.GeminiClient getResponse
INFO: [GeminiClient] Waiting for semaphore. In queue: 10 | Active calls: 80 | Available permits: 0
May 06, 2026 2:29:48 PM arch.GeminiClient getResponse
INFO: [GeminiClient] Got response. Active calls: 79
May 06, 2026 2:29:48 PM arch.GeminiClient getResponse
INFO: [GeminiClient] Acquired semaphore. Active calls: 80
May 06, 2026 2:29:48 PM arch.GeminiClient getResponse
INFO: [GeminiClient] Waiting for semaphore. In queue: 10 | Active calls: 80 | Available permits: 0
May 06, 2026 2:29:49 PM arch.GeminiClient getResponse
INFO: [GeminiClient] Got response. Active calls: 78
May 06, 2026 2:29:49 PM arch.GeminiClient getResponse
INFO: [GeminiClient] Got response. Active calls: 79
May 06, 2026 2:29:49 PM arch.GeminiClient getResponse
INFO: [GeminiClient] Acquired semaphore. Active calls: 79
May 06, 2026 2:29:49 PM arch.GeminiClient getResponse
INFO: [GeminiClient] Acquired semaphore. Active calls: 80
May 06, 2026 2:29:49 PM arch.GeminiClient getResponse
INFO: [GeminiClient] Got response. Active calls: 79
May 06, 2026 2:29:49 PM arch.GeminiClient getResponse
INFO: [GeminiClient] Acquired semaphore. Active calls: 80
May 06, 2026 2:29:49 PM arch.GeminiClient getResponse
INFO: [GeminiClient] Waiting for semaphore. In queue: 8 | Active calls: 80 | Available permits: 0
May 06, 2026 2:29:49 PM arch.GeminiClient getResponse
INFO: [GeminiClient] Waiting for semaphore. In queue: 9 | Active calls: 80 | Available permits: 0
May 06, 2026 2:29:49 PM arch.GeminiClient getResponse
INFO: [GeminiClient] Waiting for semaphore. In queue: 10 | Active calls: 80 | Available permits: 0
May 06, 2026 2:29:49 PM arch.GeminiClient getResponse
INFO: [GeminiClient] Got response. Active calls: 79
May 06, 2026 2:29:49 PM arch.GeminiClient getResponse
INFO: [GeminiClient] Acquired semaphore. Active calls: 80
May 06, 2026 2:29:49 PM arch.GeminiClient getResponse
INFO: [GeminiClient] Waiting for semaphore. In queue: 10 | Active calls: 80 | Available permits: 0
May 06, 2026 2:29:49 PM arch.GeminiClient getResponse
INFO: [GeminiClient] Got response. Active calls: 79
May 06, 2026 2:29:49 PM arch.GeminiClient getResponse
INFO: [GeminiClient] Acquired semaphore. Active calls: 80
May 06, 2026 2:29:49 PM arch.GeminiClient getResponse
INFO: [GeminiClient] Waiting for semaphore. In queue: 10 | Active calls: 80 | Available permits: 0
May 06, 2026 2:29:49 PM arch.GeminiClient getResponse
INFO: [GeminiClient] Got response. Active calls: 79
May 06, 2026 2:29:49 PM arch.GeminiClient getResponse
INFO: [GeminiClient] Acquired semaphore. Active calls: 80
May 06, 2026 2:29:49 PM arch.GeminiClient getResponse
INFO: [GeminiClient] Waiting for semaphore. In queue: 10 | Active calls: 80 | Available permits: 0
May 06, 2026 2:29:49 PM arch.GeminiClient getResponse
INFO: [GeminiClient] Got response. Active calls: 79
May 06, 2026 2:29:49 PM arch.GeminiClient getResponse
INFO: [GeminiClient] Acquired semaphore. Active calls: 80
May 06, 2026 2:29:49 PM arch.GeminiClient getResponse
INFO: [GeminiClient] Waiting for semaphore. In queue: 10 | Active calls: 80 | Available permits: 0
May 06, 2026 2:29:49 PM arch.GeminiClient getResponse
INFO: [GeminiClient] Got response. Active calls: 79
May 06, 2026 2:29:49 PM arch.GeminiClient getResponse
INFO: [GeminiClient] Acquired semaphore. Active calls: 80
May 06, 2026 2:29:49 PM arch.GeminiClient getResponse
INFO: [GeminiClient] Waiting for semaphore. In queue: 10 | Active calls: 80 | Available permits: 0
May 06, 2026 2:29:50 PM arch.GeminiClient getResponse
INFO: [GeminiClient] Got response. Active calls: 79
May 06, 2026 2:29:50 PM arch.GeminiClient getResponse
INFO: [GeminiClient] Acquired semaphore. Active calls: 80
May 06, 2026 2:29:50 PM arch.GeminiClient getResponse
INFO: [GeminiClient] Got response. Active calls: 79
May 06, 2026 2:29:50 PM arch.GeminiClient getResponse
INFO: [GeminiClient] Acquired semaphore. Active calls: 80
May 06, 2026 2:29:50 PM arch.GeminiClient getResponse
INFO: [GeminiClient] Waiting for semaphore. In queue: 9 | Active calls: 80 | Available permits: 0
May 06, 2026 2:29:50 PM arch.GeminiClient getResponse
INFO: [GeminiClient] Waiting for semaphore. In queue: 10 | Active calls: 80 | Available permits: 0
May 06, 2026 2:29:50 PM arch.GeminiClient getResponse
INFO: [GeminiClient] Got response. Active calls: 79
May 06, 2026 2:29:50 PM arch.GeminiClient getResponse
INFO: [GeminiClient] Acquired semaphore. Active calls: 80
May 06, 2026 2:29:50 PM arch.GeminiClient getResponse
INFO: [GeminiClient] Waiting for semaphore. In queue: 10 | Active calls: 80 | Available permits: 0
May 06, 2026 2:29:50 PM arch.GeminiClient getResponse
INFO: [GeminiClient] Got response. Active calls: 79
May 06, 2026 2:29:50 PM arch.GeminiClient getResponse
INFO: [GeminiClient] Got response. Active calls: 78
May 06, 2026 2:29:50 PM arch.GeminiClient getResponse
INFO: [GeminiClient] Acquired semaphore. Active calls: 79
May 06, 2026 2:29:50 PM arch.GeminiClient getResponse
INFO: [GeminiClient] Acquired semaphore. Active calls: 80
May 06, 2026 2:29:50 PM arch.GeminiClient getResponse
INFO: [GeminiClient] Waiting for semaphore. In queue: 9 | Active calls: 80 | Available permits: 0
May 06, 2026 2:29:50 PM arch.GeminiClient getResponse
INFO: [GeminiClient] Waiting for semaphore. In queue: 10 | Active calls: 80 | Available permits: 0
May 06, 2026 2:29:50 PM arch.GeminiClient getResponse
INFO: [GeminiClient] Waiting for semaphore. In queue: 11 | Active calls: 80 | Available permits: 0
May 06, 2026 2:29:50 PM arch.GeminiClient getResponse
INFO: [GeminiClient] Got response. Active calls: 79
May 06, 2026 2:29:50 PM arch.GeminiClient getResponse
INFO: [GeminiClient] Acquired semaphore. Active calls: 80
May 06, 2026 2:29:50 PM arch.GeminiClient getResponse
INFO: [GeminiClient] Waiting for semaphore. In queue: 11 | Active calls: 80 | Available permits: 0
May 06, 2026 2:29:50 PM arch.GeminiClient getResponse
INFO: [GeminiClient] Got response. Active calls: 79
May 06, 2026 2:29:50 PM arch.GeminiClient getResponse
INFO: [GeminiClient] Acquired semaphore. Active calls: 80
May 06, 2026 2:29:50 PM arch.GeminiClient getResponse
INFO: [GeminiClient] Waiting for semaphore. In queue: 11 | Active calls: 80 | Available permits: 0
May 06, 2026 2:29:50 PM arch.GeminiClient getResponse
INFO: [GeminiClient] Got response. Active calls: 79
May 06, 2026 2:29:50 PM arch.GeminiClient getResponse
INFO: [GeminiClient] Acquired semaphore. Active calls: 80
May 06, 2026 2:29:50 PM arch.GeminiClient getResponse
INFO: [GeminiClient] Got response. Active calls: 79
May 06, 2026 2:29:50 PM arch.GeminiClient getResponse
INFO: [GeminiClient] Acquired semaphore. Active calls: 80
May 06, 2026 2:29:50 PM arch.GeminiClient getResponse
INFO: [GeminiClient] Waiting for semaphore. In queue: 10 | Active calls: 80 | Available permits: 0
May 06, 2026 2:29:51 PM arch.GeminiClient getResponse
INFO: [GeminiClient] Got response. Active calls: 79
May 06, 2026 2:29:51 PM arch.GeminiClient getResponse
INFO: [GeminiClient] Acquired semaphore. Active calls: 80
May 06, 2026 2:29:51 PM arch.GeminiClient getResponse
INFO: [GeminiClient] Waiting for semaphore. In queue: 10 | Active calls: 80 | Available permits: 0
May 06, 2026 2:29:51 PM arch.GeminiClient getResponse
INFO: [GeminiClient] Waiting for semaphore. In queue: 11 | Active calls: 80 | Available permits: 0
May 06, 2026 2:29:51 PM arch.GeminiClient getResponse
INFO: [GeminiClient] Got response. Active calls: 79
May 06, 2026 2:29:51 PM arch.GeminiClient getResponse
INFO: [GeminiClient] Acquired semaphore. Active calls: 80
May 06, 2026 2:29:51 PM arch.GeminiClient getResponse
INFO: [GeminiClient] Waiting for semaphore. In queue: 11 | Active calls: 80 | Available permits: 0
May 06, 2026 2:29:51 PM arch.GeminiClient getResponse
INFO: [GeminiClient] Got response. Active calls: 79
May 06, 2026 2:29:51 PM arch.GeminiClient getResponse
INFO: [GeminiClient] Acquired semaphore. Active calls: 80
May 06, 2026 2:29:51 PM arch.GeminiClient getResponse
INFO: [GeminiClient] Waiting for semaphore. In queue: 11 | Active calls: 80 | Available permits: 0
May 06, 2026 2:29:51 PM arch.GeminiClient getResponse
INFO: [GeminiClient] Got response. Active calls: 79
May 06, 2026 2:29:51 PM arch.GeminiClient getResponse
INFO: [GeminiClient] Acquired semaphore. Active calls: 80
May 06, 2026 2:29:51 PM arch.GeminiClient getResponse
INFO: [GeminiClient] Waiting for semaphore. In queue: 11 | Active calls: 80 | Available permits: 0
May 06, 2026 2:29:51 PM arch.GeminiClient getResponse
INFO: [GeminiClient] Got response. Active calls: 79
May 06, 2026 2:29:51 PM arch.GeminiClient getResponse
INFO: [GeminiClient] Acquired semaphore. Active calls: 80
May 06, 2026 2:29:51 PM arch.GeminiClient getResponse
INFO: [GeminiClient] Got response. Active calls: 79
May 06, 2026 2:29:51 PM arch.GeminiClient getResponse
INFO: [GeminiClient] Acquired semaphore. Active calls: 80
May 06, 2026 2:29:51 PM arch.GeminiClient getResponse
INFO: [GeminiClient] Waiting for semaphore. In queue: 10 | Active calls: 80 | Available permits: 0
May 06, 2026 2:29:51 PM arch.GeminiClient getResponse
INFO: [GeminiClient] Waiting for semaphore. In queue: 11 | Active calls: 80 | Available permits: 0
May 06, 2026 2:29:51 PM arch.GeminiClient getResponse
INFO: [GeminiClient] Waiting for semaphore. In queue: 12 | Active calls: 80 | Available permits: 0
May 06, 2026 2:29:51 PM arch.GeminiClient getResponse
INFO: [GeminiClient] Got response. Active calls: 79
May 06, 2026 2:29:51 PM arch.GeminiClient getResponse
INFO: [GeminiClient] Acquired semaphore. Active calls: 80
May 06, 2026 2:29:51 PM arch.GeminiClient getResponse
INFO: [GeminiClient] Waiting for semaphore. In queue: 12 | Active calls: 80 | Available permits: 0
May 06, 2026 2:29:51 PM arch.GeminiClient getResponse
INFO: [GeminiClient] Waiting for semaphore. In queue: 13 | Active calls: 80 | Available permits: 0
May 06, 2026 2:29:51 PM arch.GeminiClient getResponse
INFO: [GeminiClient] Waiting for semaphore. In queue: 14 | Active calls: 80 | Available permits: 0
May 06, 2026 2:29:51 PM arch.GeminiClient getResponse
INFO: [GeminiClient] Waiting for semaphore. In queue: 15 | Active calls: 80 | Available permits: 0
May 06, 2026 2:29:51 PM arch.GeminiClient getResponse
INFO: [GeminiClient] Got response. Active calls: 79
May 06, 2026 2:29:51 PM arch.GeminiClient getResponse
INFO: [GeminiClient] Acquired semaphore. Active calls: 79
May 06, 2026 2:29:51 PM arch.GeminiClient getResponse
INFO: [GeminiClient] Got response. Active calls: 78
May 06, 2026 2:29:51 PM arch.GeminiClient getResponse
INFO: [GeminiClient] Acquired semaphore. Active calls: 80
May 06, 2026 2:29:51 PM arch.GeminiClient getResponse
INFO: [GeminiClient] Waiting for semaphore. In queue: 14 | Active calls: 80 | Available permits: 0
May 06, 2026 2:29:51 PM arch.GeminiClient getResponse
INFO: [GeminiClient] Waiting for semaphore. In queue: 15 | Active calls: 80 | Available permits: 0
May 06, 2026 2:29:51 PM arch.GeminiClient getResponse
INFO: [GeminiClient] Got response. Active calls: 79
May 06, 2026 2:29:51 PM arch.GeminiClient getResponse
INFO: [GeminiClient] Got response. Active calls: 78
May 06, 2026 2:29:51 PM arch.GeminiClient getResponse
INFO: [GeminiClient] Got response. Active calls: 77
May 06, 2026 2:29:51 PM arch.GeminiClient getResponse
INFO: [GeminiClient] Acquired semaphore. Active calls: 78
May 06, 2026 2:29:51 PM arch.GeminiClient getResponse
INFO: [GeminiClient] Acquired semaphore. Active calls: 79
May 06, 2026 2:29:51 PM arch.GeminiClient getResponse
INFO: [GeminiClient] Acquired semaphore. Active calls: 80
May 06, 2026 2:29:51 PM arch.GeminiClient getResponse
INFO: [GeminiClient] Waiting for semaphore. In queue: 13 | Active calls: 80 | Available permits: 0
May 06, 2026 2:29:51 PM arch.GeminiClient getResponse
INFO: [GeminiClient] Waiting for semaphore. In queue: 14 | Active calls: 80 | Available permits: 0
May 06, 2026 2:29:51 PM arch.GeminiClient getResponse
INFO: [GeminiClient] Waiting for semaphore. In queue: 15 | Active calls: 80 | Available permits: 0
May 06, 2026 2:29:51 PM arch.GeminiClient getResponse
INFO: [GeminiClient] Got response. Active calls: 79
May 06, 2026 2:29:51 PM arch.GeminiClient getResponse
INFO: [GeminiClient] Acquired semaphore. Active calls: 80
May 06, 2026 2:29:51 PM arch.GeminiClient getResponse
INFO: [GeminiClient] Waiting for semaphore. In queue: 15 | Active calls: 80 | Available permits: 0
May 06, 2026 2:29:51 PM arch.GeminiClient getResponse
INFO: [GeminiClient] Got response. Active calls: 79
May 06, 2026 2:29:51 PM arch.GeminiClient getResponse
INFO: [GeminiClient] Acquired semaphore. Active calls: 80
May 06, 2026 2:29:51 PM arch.GeminiClient getResponse
INFO: [GeminiClient] Got response. Active calls: 79
May 06, 2026 2:29:51 PM arch.GeminiClient getResponse
INFO: [GeminiClient] Got response. Active calls: 78
May 06, 2026 2:29:51 PM arch.GeminiClient getResponse
INFO: [GeminiClient] Got response. Active calls: 77
May 06, 2026 2:29:51 PM arch.GeminiClient getResponse
INFO: [GeminiClient] Acquired semaphore. Active calls: 80
May 06, 2026 2:29:51 PM arch.GeminiClient getResponse
INFO: [GeminiClient] Acquired semaphore. Active calls: 78
May 06, 2026 2:29:51 PM arch.GeminiClient getResponse
INFO: [GeminiClient] Acquired semaphore. Active calls: 79
May 06, 2026 2:29:51 PM arch.GeminiClient getResponse
INFO: [GeminiClient] Got response. Active calls: 79
May 06, 2026 2:29:51 PM arch.GeminiClient getResponse
INFO: [GeminiClient] Acquired semaphore. Active calls: 80
May 06, 2026 2:29:51 PM arch.GeminiClient getResponse
INFO: [GeminiClient] Waiting for semaphore. In queue: 11 | Active calls: 80 | Available permits: 0
May 06, 2026 2:29:51 PM arch.GeminiClient getResponse
INFO: [GeminiClient] Waiting for semaphore. In queue: 12 | Active calls: 80 | Available permits: 0
May 06, 2026 2:29:51 PM arch.GeminiClient getResponse
INFO: [GeminiClient] Waiting for semaphore. In queue: 13 | Active calls: 80 | Available permits: 0
May 06, 2026 2:29:51 PM arch.GeminiClient getResponse
INFO: [GeminiClient] Waiting for semaphore. In queue: 14 | Active calls: 80 | Available permits: 0
May 06, 2026 2:29:51 PM arch.GeminiClient getResponse
INFO: [GeminiClient] Waiting for semaphore. In queue: 15 | Active calls: 80 | Available permits: 0
May 06, 2026 2:29:52 PM arch.GeminiClient getResponse
INFO: [GeminiClient] Got response. Active calls: 79
May 06, 2026 2:29:52 PM arch.GeminiClient getResponse
INFO: [GeminiClient] Acquired semaphore. Active calls: 79
May 06, 2026 2:29:52 PM arch.GeminiClient getResponse
INFO: [GeminiClient] Got response. Active calls: 78
May 06, 2026 2:29:52 PM arch.GeminiClient getResponse
INFO: [GeminiClient] Acquired semaphore. Active calls: 80
May 06, 2026 2:29:52 PM arch.GeminiClient getResponse
INFO: [GeminiClient] Waiting for semaphore. In queue: 14 | Active calls: 80 | Available permits: 0
May 06, 2026 2:29:52 PM arch.GeminiClient getResponse
INFO: [GeminiClient] Waiting for semaphore. In queue: 15 | Active calls: 80 | Available permits: 0
May 06, 2026 2:29:52 PM arch.GeminiClient getResponse
INFO: [GeminiClient] Waiting for semaphore. In queue: 16 | Active calls: 80 | Available permits: 0
May 06, 2026 2:29:52 PM arch.GeminiClient getResponse
INFO: [GeminiClient] Got response. Active calls: 79
May 06, 2026 2:29:52 PM arch.GeminiClient getResponse
INFO: [GeminiClient] Got response. Active calls: 78
May 06, 2026 2:29:52 PM arch.GeminiClient getResponse
INFO: [GeminiClient] Acquired semaphore. Active calls: 79
May 06, 2026 2:29:52 PM arch.GeminiClient getResponse
INFO: [GeminiClient] Acquired semaphore. Active calls: 80
May 06, 2026 2:29:52 PM arch.GeminiClient getResponse
INFO: [GeminiClient] Waiting for semaphore. In queue: 15 | Active calls: 80 | Available permits: 0
May 06, 2026 2:29:52 PM arch.GeminiClient getResponse
INFO: [GeminiClient] Waiting for semaphore. In queue: 16 | Active calls: 80 | Available permits: 0
May 06, 2026 2:29:52 PM arch.GeminiClient getResponse
INFO: [GeminiClient] Got response. Active calls: 79
May 06, 2026 2:29:52 PM arch.GeminiClient getResponse
INFO: [GeminiClient] Acquired semaphore. Active calls: 80
May 06, 2026 2:29:52 PM arch.GeminiClient getResponse
INFO: [GeminiClient] Waiting for semaphore. In queue: 16 | Active calls: 80 | Available permits: 0
May 06, 2026 2:29:52 PM arch.GeminiClient getResponse
INFO: [GeminiClient] Got response. Active calls: 79
May 06, 2026 2:29:52 PM arch.GeminiClient getResponse
INFO: [GeminiClient] Acquired semaphore. Active calls: 80
May 06, 2026 2:29:52 PM arch.GeminiClient getResponse
INFO: [GeminiClient] Got response. Active calls: 79
May 06, 2026 2:29:52 PM arch.GeminiClient getResponse
INFO: [GeminiClient] Got response. Active calls: 78
May 06, 2026 2:29:52 PM arch.GeminiClient getResponse
INFO: [GeminiClient] Acquired semaphore. Active calls: 80
May 06, 2026 2:29:52 PM arch.GeminiClient getResponse
INFO: [GeminiClient] Acquired semaphore. Active calls: 79
May 06, 2026 2:29:52 PM arch.GeminiClient getResponse
INFO: [GeminiClient] Waiting for semaphore. In queue: 14 | Active calls: 80 | Available permits: 0
May 06, 2026 2:29:52 PM arch.GeminiClient getResponse
INFO: [GeminiClient] Waiting for semaphore. In queue: 15 | Active calls: 80 | Available permits: 0
May 06, 2026 2:29:52 PM arch.GeminiClient getResponse
INFO: [GeminiClient] Waiting for semaphore. In queue: 16 | Active calls: 80 | Available permits: 0
May 06, 2026 2:29:52 PM arch.GeminiClient getResponse
INFO: [GeminiClient] Got response. Active calls: 79
May 06, 2026 2:29:52 PM arch.GeminiClient getResponse
INFO: [GeminiClient] Acquired semaphore. Active calls: 80
May 06, 2026 2:29:52 PM arch.GeminiClient getResponse
INFO: [GeminiClient] Got response. Active calls: 79
May 06, 2026 2:29:52 PM arch.GeminiClient getResponse
INFO: [GeminiClient] Acquired semaphore. Active calls: 80
May 06, 2026 2:29:52 PM arch.GeminiClient getResponse
INFO: [GeminiClient] Waiting for semaphore. In queue: 15 | Active calls: 80 | Available permits: 0
May 06, 2026 2:29:52 PM arch.GeminiClient getResponse
INFO: [GeminiClient] Waiting for semaphore. In queue: 16 | Active calls: 80 | Available permits: 0
May 06, 2026 2:29:52 PM arch.GeminiClient getResponse
INFO: [GeminiClient] Got response. Active calls: 79
May 06, 2026 2:29:52 PM arch.GeminiClient getResponse
INFO: [GeminiClient] Acquired semaphore. Active calls: 80
May 06, 2026 2:29:52 PM arch.GeminiClient getResponse
INFO: [GeminiClient] Got response. Active calls: 79
May 06, 2026 2:29:52 PM arch.GeminiClient getResponse
INFO: [GeminiClient] Acquired semaphore. Active calls: 80
May 06, 2026 2:29:52 PM arch.GeminiClient getResponse
INFO: [GeminiClient] Waiting for semaphore. In queue: 15 | Active calls: 80 | Available permits: 0
May 06, 2026 2:29:52 PM arch.GeminiClient getResponse
INFO: [GeminiClient] Got response. Active calls: 79
May 06, 2026 2:29:52 PM arch.GeminiClient getResponse
INFO: [GeminiClient] Acquired semaphore. Active calls: 80
May 06, 2026 2:29:52 PM arch.GeminiClient getResponse
INFO: [GeminiClient] Waiting for semaphore. In queue: 15 | Active calls: 80 | Available permits: 0
May 06, 2026 2:29:52 PM arch.GeminiClient getResponse
INFO: [GeminiClient] Waiting for semaphore. In queue: 16 | Active calls: 80 | Available permits: 0
May 06, 2026 2:29:52 PM arch.GeminiClient getResponse
INFO: [GeminiClient] Got response. Active calls: 79
May 06, 2026 2:29:52 PM arch.GeminiClient getResponse
INFO: [GeminiClient] Acquired semaphore. Active calls: 80
May 06, 2026 2:29:52 PM arch.GeminiClient getResponse
INFO: [GeminiClient] Waiting for semaphore. In queue: 16 | Active calls: 80 | Available permits: 0
May 06, 2026 2:29:53 PM arch.GeminiClient getResponse
INFO: [GeminiClient] Got response. Active calls: 79
May 06, 2026 2:29:53 PM arch.GeminiClient getResponse
INFO: [GeminiClient] Acquired semaphore. Active calls: 80
May 06, 2026 2:29:53 PM arch.GeminiClient getResponse
INFO: [GeminiClient] Waiting for semaphore. In queue: 16 | Active calls: 80 | Available permits: 0
May 06, 2026 2:29:53 PM arch.GeminiClient getResponse
INFO: [GeminiClient] Got response. Active calls: 79
May 06, 2026 2:29:53 PM arch.GeminiClient getResponse
INFO: [GeminiClient] Acquired semaphore. Active calls: 80
May 06, 2026 2:29:53 PM arch.GeminiClient getResponse
INFO: [GeminiClient] Waiting for semaphore. In queue: 16 | Active calls: 80 | Available permits: 0
May 06, 2026 2:29:53 PM arch.GeminiClient getResponse
INFO: [GeminiClient] Got response. Active calls: 79
May 06, 2026 2:29:53 PM arch.GeminiClient getResponse
INFO: [GeminiClient] Acquired semaphore. Active calls: 80
May 06, 2026 2:29:53 PM arch.GeminiClient getResponse
INFO: [GeminiClient] Waiting for semaphore. In queue: 16 | Active calls: 80 | Available permits: 0
May 06, 2026 2:29:53 PM arch.GeminiClient getResponse
INFO: [GeminiClient] Got response. Active calls: 79
May 06, 2026 2:29:53 PM arch.GeminiClient getResponse
INFO: [GeminiClient] Acquired semaphore. Active calls: 80
May 06, 2026 2:29:53 PM arch.GeminiClient getResponse
INFO: [GeminiClient] Got response. Active calls: 78
May 06, 2026 2:29:53 PM arch.GeminiClient getResponse
INFO: [GeminiClient] Got response. Active calls: 79
May 06, 2026 2:29:53 PM arch.GeminiClient getResponse
INFO: [GeminiClient] Acquired semaphore. Active calls: 79
May 06, 2026 2:29:53 PM arch.GeminiClient getResponse
INFO: [GeminiClient] Acquired semaphore. Active calls: 80
May 06, 2026 2:29:53 PM arch.GeminiClient getResponse
INFO: [GeminiClient] Waiting for semaphore. In queue: 14 | Active calls: 80 | Available permits: 0
May 06, 2026 2:29:53 PM arch.GeminiClient getResponse
INFO: [GeminiClient] Got response. Active calls: 79
May 06, 2026 2:29:53 PM arch.GeminiClient getResponse
INFO: [GeminiClient] Acquired semaphore. Active calls: 80
May 06, 2026 2:29:53 PM arch.GeminiClient getResponse
INFO: [GeminiClient] Waiting for semaphore. In queue: 14 | Active calls: 80 | Available permits: 0
May 06, 2026 2:29:53 PM arch.GeminiClient getResponse
INFO: [GeminiClient] Waiting for semaphore. In queue: 15 | Active calls: 80 | Available permits: 0
May 06, 2026 2:29:53 PM arch.GeminiClient getResponse
INFO: [GeminiClient] Waiting for semaphore. In queue: 16 | Active calls: 80 | Available permits: 0
May 06, 2026 2:29:53 PM arch.GeminiClient getResponse
INFO: [GeminiClient] Got response. Active calls: 79
May 06, 2026 2:29:53 PM arch.GeminiClient getResponse
INFO: [GeminiClient] Acquired semaphore. Active calls: 80
May 06, 2026 2:29:53 PM arch.GeminiClient getResponse
INFO: [GeminiClient] Waiting for semaphore. In queue: 16 | Active calls: 80 | Available permits: 0
May 06, 2026 2:29:53 PM arch.GeminiClient getResponse
INFO: [GeminiClient] Got response. Active calls: 79
May 06, 2026 2:29:53 PM arch.GeminiClient getResponse
INFO: [GeminiClient] Acquired semaphore. Active calls: 80
May 06, 2026 2:29:53 PM arch.GeminiClient getResponse
INFO: [GeminiClient] Waiting for semaphore. In queue: 16 | Active calls: 80 | Available permits: 0
May 06, 2026 2:29:53 PM arch.GeminiClient getResponse
INFO: [GeminiClient] Got response. Active calls: 79
May 06, 2026 2:29:53 PM arch.GeminiClient getResponse
INFO: [GeminiClient] Acquired semaphore. Active calls: 80
May 06, 2026 2:29:53 PM arch.GeminiClient getResponse
INFO: [GeminiClient] Waiting for semaphore. In queue: 16 | Active calls: 80 | Available permits: 0
May 06, 2026 2:29:53 PM arch.GeminiClient getResponse
INFO: [GeminiClient] Got response. Active calls: 79
May 06, 2026 2:29:53 PM arch.GeminiClient getResponse
INFO: [GeminiClient] Acquired semaphore. Active calls: 80
May 06, 2026 2:29:53 PM arch.GeminiClient getResponse
INFO: [GeminiClient] Waiting for semaphore. In queue: 16 | Active calls: 80 | Available permits: 0
May 06, 2026 2:29:54 PM arch.GeminiClient getResponse
INFO: [GeminiClient] Got response. Active calls: 79
May 06, 2026 2:29:54 PM arch.GeminiClient getResponse
INFO: [GeminiClient] Acquired semaphore. Active calls: 79
May 06, 2026 2:29:54 PM arch.GeminiClient getResponse
INFO: [GeminiClient] Got response. Active calls: 78
May 06, 2026 2:29:54 PM arch.GeminiClient getResponse
INFO: [GeminiClient] Acquired semaphore. Active calls: 80
May 06, 2026 2:29:54 PM arch.GeminiClient getResponse
INFO: [GeminiClient] Waiting for semaphore. In queue: 15 | Active calls: 80 | Available permits: 0
May 06, 2026 2:29:54 PM arch.GeminiClient getResponse
INFO: [GeminiClient] Waiting for semaphore. In queue: 16 | Active calls: 80 | Available permits: 0
May 06, 2026 2:29:54 PM arch.GeminiClient getResponse
INFO: [GeminiClient] Got response. Active calls: 79
May 06, 2026 2:29:54 PM arch.GeminiClient getResponse
INFO: [GeminiClient] Acquired semaphore. Active calls: 80
May 06, 2026 2:29:54 PM arch.GeminiClient getResponse
INFO: [GeminiClient] Waiting for semaphore. In queue: 16 | Active calls: 80 | Available permits: 0
May 06, 2026 2:29:54 PM arch.GeminiClient getResponse
INFO: [GeminiClient] Got response. Active calls: 79
May 06, 2026 2:29:54 PM arch.GeminiClient getResponse
INFO: [GeminiClient] Acquired semaphore. Active calls: 80
May 06, 2026 2:29:54 PM arch.GeminiClient getResponse
INFO: [GeminiClient] Waiting for semaphore. In queue: 16 | Active calls: 80 | Available permits: 0
May 06, 2026 2:29:54 PM arch.GeminiClient getResponse
INFO: [GeminiClient] Got response. Active calls: 79
May 06, 2026 2:29:54 PM arch.GeminiClient getResponse
INFO: [GeminiClient] Acquired semaphore. Active calls: 80
May 06, 2026 2:29:54 PM arch.GeminiClient getResponse
INFO: [GeminiClient] Waiting for semaphore. In queue: 16 | Active calls: 80 | Available permits: 0
May 06, 2026 2:29:54 PM arch.GeminiClient getResponse
INFO: [GeminiClient] Got response. Active calls: 79
May 06, 2026 2:29:54 PM arch.GeminiClient getResponse
INFO: [GeminiClient] Got response. Active calls: 78
May 06, 2026 2:29:54 PM arch.GeminiClient getResponse
INFO: [GeminiClient] Acquired semaphore. Active calls: 79
May 06, 2026 2:29:54 PM arch.GeminiClient getResponse
INFO: [GeminiClient] Acquired semaphore. Active calls: 80
May 06, 2026 2:29:54 PM arch.GeminiClient getResponse
INFO: [GeminiClient] Waiting for semaphore. In queue: 15 | Active calls: 80 | Available permits: 0
May 06, 2026 2:29:54 PM arch.GeminiClient getResponse
INFO: [GeminiClient] Waiting for semaphore. In queue: 16 | Active calls: 80 | Available permits: 0
May 06, 2026 2:29:54 PM arch.GeminiClient getResponse
INFO: [GeminiClient] Got response. Active calls: 79
May 06, 2026 2:29:54 PM arch.GeminiClient getResponse
INFO: [GeminiClient] Acquired semaphore. Active calls: 80
May 06, 2026 2:29:54 PM arch.GeminiClient getResponse
INFO: [GeminiClient] Waiting for semaphore. In queue: 16 | Active calls: 80 | Available permits: 0
May 06, 2026 2:29:55 PM arch.GeminiClient getResponse
INFO: [GeminiClient] Waiting for semaphore. In queue: 17 | Active calls: 80 | Available permits: 0
May 06, 2026 2:29:55 PM arch.GeminiClient getResponse
INFO: [GeminiClient] Got response. Active calls: 79
May 06, 2026 2:29:55 PM arch.GeminiClient getResponse
INFO: [GeminiClient] Acquired semaphore. Active calls: 80
May 06, 2026 2:29:55 PM arch.GeminiClient getResponse
INFO: [GeminiClient] Got response. Active calls: 79
May 06, 2026 2:29:55 PM arch.GeminiClient getResponse
INFO: [GeminiClient] Acquired semaphore. Active calls: 80
May 06, 2026 2:29:55 PM arch.GeminiClient getResponse
INFO: [GeminiClient] Waiting for semaphore. In queue: 16 | Active calls: 80 | Available permits: 0
May 06, 2026 2:29:55 PM arch.GeminiClient getResponse
INFO: [GeminiClient] Waiting for semaphore. In queue: 17 | Active calls: 80 | Available permits: 0
May 06, 2026 2:29:55 PM arch.GeminiClient getResponse
INFO: [GeminiClient] Got response. Active calls: 79
May 06, 2026 2:29:55 PM arch.GeminiClient getResponse
INFO: [GeminiClient] Got response. Active calls: 78
May 06, 2026 2:29:55 PM arch.GeminiClient getResponse
INFO: [GeminiClient] Got response. Active calls: 77
May 06, 2026 2:29:55 PM arch.GeminiClient getResponse
INFO: [GeminiClient] Acquired semaphore. Active calls: 78
May 06, 2026 2:29:55 PM arch.GeminiClient getResponse
INFO: [GeminiClient] Acquired semaphore. Active calls: 79
May 06, 2026 2:29:55 PM arch.GeminiClient getResponse
INFO: [GeminiClient] Acquired semaphore. Active calls: 80
May 06, 2026 2:29:55 PM arch.GeminiClient getResponse
INFO: [GeminiClient] Waiting for semaphore. In queue: 15 | Active calls: 80 | Available permits: 0
May 06, 2026 2:29:55 PM arch.GeminiClient getResponse
INFO: [GeminiClient] Waiting for semaphore. In queue: 17 | Active calls: 80 | Available permits: 0
May 06, 2026 2:29:55 PM arch.GeminiClient getResponse
INFO: [GeminiClient] Waiting for semaphore. In queue: 17 | Active calls: 80 | Available permits: 0
May 06, 2026 2:29:55 PM arch.GeminiClient getResponse
INFO: [GeminiClient] Got response. Active calls: 79
May 06, 2026 2:29:55 PM arch.GeminiClient getResponse
INFO: [GeminiClient] Acquired semaphore. Active calls: 80
May 06, 2026 2:29:55 PM arch.GeminiClient getResponse
INFO: [GeminiClient] Waiting for semaphore. In queue: 17 | Active calls: 80 | Available permits: 0
May 06, 2026 2:29:55 PM arch.GeminiClient getResponse
INFO: [GeminiClient] Got response. Active calls: 79
May 06, 2026 2:29:55 PM arch.GeminiClient getResponse
INFO: [GeminiClient] Acquired semaphore. Active calls: 80
May 06, 2026 2:29:55 PM arch.GeminiClient getResponse
INFO: [GeminiClient] Got response. Active calls: 79
May 06, 2026 2:29:55 PM arch.GeminiClient getResponse
INFO: [GeminiClient] Acquired semaphore. Active calls: 80
May 06, 2026 2:29:55 PM arch.GeminiClient getResponse
INFO: [GeminiClient] Waiting for semaphore. In queue: 16 | Active calls: 80 | Available permits: 0
May 06, 2026 2:29:55 PM arch.GeminiClient getResponse
INFO: [GeminiClient] Waiting for semaphore. In queue: 17 | Active calls: 80 | Available permits: 0
May 06, 2026 2:29:55 PM arch.GeminiClient getResponse
INFO: [GeminiClient] Got response. Active calls: 79
May 06, 2026 2:29:55 PM arch.GeminiClient getResponse
INFO: [GeminiClient] Acquired semaphore. Active calls: 80
May 06, 2026 2:29:55 PM arch.GeminiClient getResponse
INFO: [GeminiClient] Waiting for semaphore. In queue: 17 | Active calls: 80 | Available permits: 0
May 06, 2026 2:29:55 PM arch.GeminiClient getResponse
INFO: [GeminiClient] Got response. Active calls: 79
May 06, 2026 2:29:55 PM arch.GeminiClient getResponse
INFO: [GeminiClient] Acquired semaphore. Active calls: 80
May 06, 2026 2:29:56 PM arch.GeminiClient getResponse
INFO: [GeminiClient] Waiting for semaphore. In queue: 17 | Active calls: 80 | Available permits: 0
May 06, 2026 2:29:56 PM arch.GeminiClient getResponse
INFO: [GeminiClient] Got response. Active calls: 79
May 06, 2026 2:29:56 PM arch.GeminiClient getResponse
INFO: [GeminiClient] Acquired semaphore. Active calls: 80
May 06, 2026 2:29:56 PM arch.GeminiClient getResponse
INFO: [GeminiClient] Waiting for semaphore. In queue: 17 | Active calls: 80 | Available permits: 0
May 06, 2026 2:29:56 PM arch.GeminiClient lambda$static$1
INFO: [WATCHDOG] permits=0 activeGemini=80 waitingForSemaphore=17 executorQueueSize=0 executorActiveThreads=80
May 06, 2026 2:29:56 PM arch.GeminiClient getResponse
INFO: [GeminiClient] Got response. Active calls: 79
May 06, 2026 2:29:56 PM arch.GeminiClient getResponse
INFO: [GeminiClient] Acquired semaphore. Active calls: 80
May 06, 2026 2:29:56 PM arch.GeminiClient getResponse
INFO: [GeminiClient] Got response. Active calls: 79
May 06, 2026 2:29:56 PM arch.GeminiClient getResponse
INFO: [GeminiClient] Acquired semaphore. Active calls: 80
May 06, 2026 2:29:56 PM arch.GeminiClient getResponse
INFO: [GeminiClient] Waiting for semaphore. In queue: 16 | Active calls: 80 | Available permits: 0
May 06, 2026 2:29:56 PM arch.GeminiClient getResponse
INFO: [GeminiClient] Got response. Active calls: 79
May 06, 2026 2:29:56 PM arch.GeminiClient getResponse
INFO: [GeminiClient] Acquired semaphore. Active calls: 80
May 06, 2026 2:29:56 PM arch.GeminiClient getResponse
INFO: [GeminiClient] Waiting for semaphore. In queue: 16 | Active calls: 80 | Available permits: 0
May 06, 2026 2:29:56 PM arch.GeminiClient getResponse
INFO: [GeminiClient] Got response. Active calls: 79
May 06, 2026 2:29:56 PM arch.GeminiClient getResponse
INFO: [GeminiClient] Acquired semaphore. Active calls: 80
May 06, 2026 2:29:56 PM arch.GeminiClient getResponse
INFO: [GeminiClient] Waiting for semaphore. In queue: 16 | Active calls: 80 | Available permits: 0
May 06, 2026 2:29:56 PM arch.GeminiClient getResponse
INFO: [GeminiClient] Got response. Active calls: 79
May 06, 2026 2:29:56 PM arch.GeminiClient getResponse
INFO: [GeminiClient] Acquired semaphore. Active calls: 80
May 06, 2026 2:29:56 PM arch.GeminiClient getResponse
INFO: [GeminiClient] Got response. Active calls: 79
May 06, 2026 2:29:56 PM arch.GeminiClient getResponse
INFO: [GeminiClient] Acquired semaphore. Active calls: 80
May 06, 2026 2:29:56 PM arch.GeminiClient getResponse
INFO: [GeminiClient] Waiting for semaphore. In queue: 15 | Active calls: 80 | Available permits: 0
May 06, 2026 2:29:56 PM arch.GeminiClient getResponse
INFO: [GeminiClient] Waiting for semaphore. In queue: 16 | Active calls: 80 | Available permits: 0
May 06, 2026 2:29:56 PM arch.GeminiClient getResponse
INFO: [GeminiClient] Got response. Active calls: 79
May 06, 2026 2:29:56 PM arch.GeminiClient getResponse
INFO: [GeminiClient] Acquired semaphore. Active calls: 80
May 06, 2026 2:29:56 PM arch.GeminiClient getResponse
INFO: [GeminiClient] Waiting for semaphore. In queue: 16 | Active calls: 80 | Available permits: 0
May 06, 2026 2:29:57 PM arch.GeminiClient getResponse
INFO: [GeminiClient] Got response. Active calls: 79
May 06, 2026 2:29:57 PM arch.GeminiClient getResponse
INFO: [GeminiClient] Acquired semaphore. Active calls: 80
May 06, 2026 2:29:57 PM arch.GeminiClient getResponse
INFO: [GeminiClient] Got response. Active calls: 79
May 06, 2026 2:29:57 PM arch.GeminiClient getResponse
INFO: [GeminiClient] Acquired semaphore. Active calls: 80
May 06, 2026 2:29:57 PM arch.GeminiClient getResponse
INFO: [GeminiClient] Waiting for semaphore. In queue: 15 | Active calls: 80 | Available permits: 0
May 06, 2026 2:29:57 PM arch.GeminiClient getResponse
INFO: [GeminiClient] Waiting for semaphore. In queue: 16 | Active calls: 80 | Available permits: 0
May 06, 2026 2:29:57 PM arch.GeminiClient getResponse
INFO: [GeminiClient] Got response. Active calls: 79
May 06, 2026 2:29:57 PM arch.GeminiClient getResponse
INFO: [GeminiClient] Acquired semaphore. Active calls: 80
May 06, 2026 2:29:57 PM arch.GeminiClient getResponse
INFO: [GeminiClient] Waiting for semaphore. In queue: 16 | Active calls: 80 | Available permits: 0
May 06, 2026 2:29:57 PM arch.GeminiClient getResponse
INFO: [GeminiClient] Waiting for semaphore. In queue: 17 | Active calls: 80 | Available permits: 0
May 06, 2026 2:29:57 PM arch.GeminiClient getResponse
INFO: [GeminiClient] Got response. Active calls: 79
May 06, 2026 2:29:57 PM arch.GeminiClient getResponse
INFO: [GeminiClient] Acquired semaphore. Active calls: 80
May 06, 2026 2:29:57 PM arch.GeminiClient getResponse
INFO: [GeminiClient] Got response. Active calls: 79
May 06, 2026 2:29:57 PM arch.GeminiClient getResponse
INFO: [GeminiClient] Acquired semaphore. Active calls: 80
May 06, 2026 2:29:57 PM arch.GeminiClient getResponse
INFO: [GeminiClient] Waiting for semaphore. In queue: 16 | Active calls: 80 | Available permits: 0
May 06, 2026 2:29:57 PM arch.GeminiClient getResponse
INFO: [GeminiClient] Waiting for semaphore. In queue: 17 | Active calls: 80 | Available permits: 0
May 06, 2026 2:29:57 PM arch.GeminiClient getResponse
INFO: [GeminiClient] Waiting for semaphore. In queue: 18 | Active calls: 80 | Available permits: 0
May 06, 2026 2:29:57 PM arch.GeminiClient getResponse
INFO: [GeminiClient] Got response. Active calls: 79
May 06, 2026 2:29:57 PM arch.GeminiClient getResponse
INFO: [GeminiClient] Acquired semaphore. Active calls: 80
May 06, 2026 2:29:57 PM arch.GeminiClient getResponse
INFO: [GeminiClient] Got response. Active calls: 79
May 06, 2026 2:29:57 PM arch.GeminiClient getResponse
INFO: [GeminiClient] Acquired semaphore. Active calls: 80
May 06, 2026 2:29:57 PM arch.GeminiClient getResponse
INFO: [GeminiClient] Waiting for semaphore. In queue: 17 | Active calls: 80 | Available permits: 0
May 06, 2026 2:29:57 PM arch.GeminiClient getResponse
INFO: [GeminiClient] Waiting for semaphore. In queue: 18 | Active calls: 80 | Available permits: 0
May 06, 2026 2:29:57 PM arch.GeminiClient getResponse
INFO: [GeminiClient] Got response. Active calls: 79
May 06, 2026 2:29:57 PM arch.GeminiClient getResponse
INFO: [GeminiClient] Acquired semaphore. Active calls: 80
May 06, 2026 2:29:57 PM arch.GeminiClient getResponse
INFO: [GeminiClient] Waiting for semaphore. In queue: 18 | Active calls: 80 | Available permits: 0
May 06, 2026 2:29:57 PM arch.GeminiClient getResponse
INFO: [GeminiClient] Got response. Active calls: 79
May 06, 2026 2:29:57 PM arch.GeminiClient getResponse
INFO: [GeminiClient] Acquired semaphore. Active calls: 80
May 06, 2026 2:29:57 PM arch.GeminiClient getResponse
INFO: [GeminiClient] Waiting for semaphore. In queue: 18 | Active calls: 80 | Available permits: 0
May 06, 2026 2:29:57 PM arch.GeminiClient getResponse
INFO: [GeminiClient] Got response. Active calls: 79
May 06, 2026 2:29:57 PM arch.GeminiClient getResponse
INFO: [GeminiClient] Acquired semaphore. Active calls: 80
May 06, 2026 2:29:57 PM arch.GeminiClient getResponse
INFO: [GeminiClient] Waiting for semaphore. In queue: 18 | Active calls: 80 | Available permits: 0
May 06, 2026 2:29:57 PM arch.GeminiClient getResponse
INFO: [GeminiClient] Got response. Active calls: 79
May 06, 2026 2:29:57 PM arch.GeminiClient getResponse
INFO: [GeminiClient] Acquired semaphore. Active calls: 80
May 06, 2026 2:29:57 PM arch.GeminiClient getResponse
INFO: [GeminiClient] Waiting for semaphore. In queue: 18 | Active calls: 80 | Available permits: 0
May 06, 2026 2:29:57 PM arch.GeminiClient getResponse
INFO: [GeminiClient] Got response. Active calls: 79
May 06, 2026 2:29:57 PM arch.GeminiClient getResponse
INFO: [GeminiClient] Acquired semaphore. Active calls: 80
May 06, 2026 2:29:58 PM arch.GeminiClient getResponse
INFO: [GeminiClient] Waiting for semaphore. In queue: 18 | Active calls: 80 | Available permits: 0
May 06, 2026 2:29:58 PM arch.GeminiClient getResponse
INFO: [GeminiClient] Got response. Active calls: 79
May 06, 2026 2:29:58 PM arch.GeminiClient getResponse
INFO: [GeminiClient] Acquired semaphore. Active calls: 80
May 06, 2026 2:29:58 PM arch.GeminiClient getResponse
INFO: [GeminiClient] Waiting for semaphore. In queue: 18 | Active calls: 80 | Available permits: 0
May 06, 2026 2:29:58 PM arch.GeminiClient getResponse
INFO: [GeminiClient] Got response. Active calls: 79
May 06, 2026 2:29:58 PM arch.GeminiClient getResponse
INFO: [GeminiClient] Acquired semaphore. Active calls: 80
May 06, 2026 2:29:58 PM arch.GeminiClient getResponse
INFO: [GeminiClient] Waiting for semaphore. In queue: 18 | Active calls: 80 | Available permits: 0
May 06, 2026 2:29:58 PM arch.GeminiClient getResponse
INFO: [GeminiClient] Got response. Active calls: 79
May 06, 2026 2:29:58 PM arch.GeminiClient getResponse
INFO: [GeminiClient] Acquired semaphore. Active calls: 80
May 06, 2026 2:29:58 PM arch.GeminiClient getResponse
INFO: [GeminiClient] Waiting for semaphore. In queue: 18 | Active calls: 80 | Available permits: 0
May 06, 2026 2:29:58 PM arch.GeminiClient getResponse
INFO: [GeminiClient] Got response. Active calls: 79
May 06, 2026 2:29:58 PM arch.GeminiClient getResponse
INFO: [GeminiClient] Acquired semaphore. Active calls: 80
May 06, 2026 2:29:58 PM arch.GeminiClient getResponse
INFO: [GeminiClient] Waiting for semaphore. In queue: 18 | Active calls: 80 | Available permits: 0
May 06, 2026 2:29:58 PM arch.GeminiClient getResponse
INFO: [GeminiClient] Got response. Active calls: 79
May 06, 2026 2:29:58 PM arch.GeminiClient getResponse
INFO: [GeminiClient] Acquired semaphore. Active calls: 80
May 06, 2026 2:29:58 PM arch.GeminiClient getResponse
INFO: [GeminiClient] Waiting for semaphore. In queue: 18 | Active calls: 80 | Available permits: 0
May 06, 2026 2:29:58 PM arch.GeminiClient getResponse
INFO: [GeminiClient] Got response. Active calls: 79
May 06, 2026 2:29:58 PM arch.GeminiClient getResponse
INFO: [GeminiClient] Acquired semaphore. Active calls: 80
May 06, 2026 2:29:58 PM arch.GeminiClient getResponse
INFO: [GeminiClient] Got response. Active calls: 79
May 06, 2026 2:29:58 PM arch.GeminiClient getResponse
INFO: [GeminiClient] Got response. Active calls: 78
May 06, 2026 2:29:58 PM arch.GeminiClient getResponse
INFO: [GeminiClient] Acquired semaphore. Active calls: 79
May 06, 2026 2:29:58 PM arch.GeminiClient getResponse
INFO: [GeminiClient] Acquired semaphore. Active calls: 80
May 06, 2026 2:29:58 PM arch.GeminiClient getResponse
INFO: [GeminiClient] Waiting for semaphore. In queue: 16 | Active calls: 80 | Available permits: 0
May 06, 2026 2:29:58 PM arch.GeminiClient getResponse
INFO: [GeminiClient] Waiting for semaphore. In queue: 17 | Active calls: 80 | Available permits: 0
May 06, 2026 2:29:58 PM arch.GeminiClient getResponse
INFO: [GeminiClient] Waiting for semaphore. In queue: 18 | Active calls: 80 | Available permits: 0
May 06, 2026 2:29:58 PM arch.GeminiClient getResponse
INFO: [GeminiClient] Got response. Active calls: 79
May 06, 2026 2:29:58 PM arch.GeminiClient getResponse
INFO: [GeminiClient] Acquired semaphore. Active calls: 80
May 06, 2026 2:29:58 PM arch.GeminiClient getResponse
INFO: [GeminiClient] Waiting for semaphore. In queue: 18 | Active calls: 80 | Available permits: 0
May 06, 2026 2:29:58 PM arch.GeminiClient getResponse
INFO: [GeminiClient] Got response. Active calls: 79
May 06, 2026 2:29:58 PM arch.GeminiClient getResponse
INFO: [GeminiClient] Acquired semaphore. Active calls: 80
May 06, 2026 2:29:58 PM arch.GeminiClient getResponse
INFO: [GeminiClient] Waiting for semaphore. In queue: 18 | Active calls: 80 | Available permits: 0
May 06, 2026 2:29:59 PM arch.GeminiClient getResponse
INFO: [GeminiClient] Got response. Active calls: 79
May 06, 2026 2:29:59 PM arch.GeminiClient getResponse
INFO: [GeminiClient] Acquired semaphore. Active calls: 80
May 06, 2026 2:29:59 PM arch.GeminiClient getResponse
INFO: [GeminiClient] Waiting for semaphore. In queue: 18 | Active calls: 80 | Available permits: 0
May 06, 2026 2:29:59 PM arch.GeminiClient getResponse
INFO: [GeminiClient] Got response. Active calls: 79
May 06, 2026 2:29:59 PM arch.GeminiClient getResponse
INFO: [GeminiClient] Acquired semaphore. Active calls: 80
May 06, 2026 2:29:59 PM arch.GeminiClient getResponse
INFO: [GeminiClient] Got response. Active calls: 79
May 06, 2026 2:29:59 PM arch.GeminiClient getResponse
INFO: [GeminiClient] Acquired semaphore. Active calls: 80
May 06, 2026 2:29:59 PM arch.GeminiClient getResponse
INFO: [GeminiClient] Waiting for semaphore. In queue: 17 | Active calls: 80 | Available permits: 0
May 06, 2026 2:29:59 PM arch.GeminiClient getResponse
INFO: [GeminiClient] Got response. Active calls: 79
May 06, 2026 2:29:59 PM arch.GeminiClient getResponse
INFO: [GeminiClient] Acquired semaphore. Active calls: 80
May 06, 2026 2:29:59 PM arch.GeminiClient getResponse
INFO: [GeminiClient] Got response. Active calls: 79
May 06, 2026 2:29:59 PM arch.GeminiClient getResponse
INFO: [GeminiClient] Acquired semaphore. Active calls: 80
May 06, 2026 2:29:59 PM arch.GeminiClient getResponse
INFO: [GeminiClient] Waiting for semaphore. In queue: 16 | Active calls: 80 | Available permits: 0
May 06, 2026 2:29:59 PM arch.GeminiClient getResponse
INFO: [GeminiClient] Waiting for semaphore. In queue: 17 | Active calls: 80 | Available permits: 0
May 06, 2026 2:29:59 PM arch.GeminiClient getResponse
INFO: [GeminiClient] Waiting for semaphore. In queue: 19 | Active calls: 80 | Available permits: 0
May 06, 2026 2:29:59 PM arch.GeminiClient getResponse
INFO: [GeminiClient] Waiting for semaphore. In queue: 19 | Active calls: 80 | Available permits: 0
May 06, 2026 2:29:59 PM arch.GeminiClient getResponse
INFO: [GeminiClient] Waiting for semaphore. In queue: 20 | Active calls: 80 | Available permits: 0
May 06, 2026 2:29:59 PM arch.GeminiClient getResponse
INFO: [GeminiClient] Got response. Active calls: 79
May 06, 2026 2:29:59 PM arch.GeminiClient getResponse
INFO: [GeminiClient] Acquired semaphore. Active calls: 80
May 06, 2026 2:29:59 PM arch.GeminiClient getResponse
INFO: [GeminiClient] Waiting for semaphore. In queue: 20 | Active calls: 80 | Available permits: 0
May 06, 2026 2:29:59 PM arch.GeminiClient getResponse
INFO: [GeminiClient] Waiting for semaphore. In queue: 21 | Active calls: 80 | Available permits: 0
May 06, 2026 2:29:59 PM arch.GeminiClient getResponse
INFO: [GeminiClient] Got response. Active calls: 79
May 06, 2026 2:29:59 PM arch.GeminiClient getResponse
INFO: [GeminiClient] Acquired semaphore. Active calls: 80
May 06, 2026 2:29:59 PM arch.GeminiClient getResponse
INFO: [GeminiClient] Got response. Active calls: 79
May 06, 2026 2:29:59 PM arch.GeminiClient getResponse
INFO: [GeminiClient] Acquired semaphore. Active calls: 80
May 06, 2026 2:29:59 PM arch.GeminiClient getResponse
INFO: [GeminiClient] Waiting for semaphore. In queue: 20 | Active calls: 80 | Available permits: 0
May 06, 2026 2:29:59 PM arch.GeminiClient getResponse
INFO: [GeminiClient] Got response. Active calls: 79
May 06, 2026 2:29:59 PM arch.GeminiClient getResponse
INFO: [GeminiClient] Acquired semaphore. Active calls: 80
May 06, 2026 2:29:59 PM arch.GeminiClient getResponse
INFO: [GeminiClient] Got response. Active calls: 79
May 06, 2026 2:29:59 PM arch.GeminiClient getResponse
INFO: [GeminiClient] Acquired semaphore. Active calls: 80
May 06, 2026 2:29:59 PM arch.GeminiClient getResponse
INFO: [GeminiClient] Waiting for semaphore. In queue: 19 | Active calls: 80 | Available permits: 0
May 06, 2026 2:29:59 PM arch.GeminiClient getResponse
INFO: [GeminiClient] Waiting for semaphore. In queue: 20 | Active calls: 80 | Available permits: 0
May 06, 2026 2:29:59 PM arch.GeminiClient getResponse
INFO: [GeminiClient] Waiting for semaphore. In queue: 21 | Active calls: 80 | Available permits: 0
May 06, 2026 2:29:59 PM arch.GeminiClient getResponse
INFO: [GeminiClient] Got response. Active calls: 79
May 06, 2026 2:29:59 PM arch.GeminiClient getResponse
INFO: [GeminiClient] Acquired semaphore. Active calls: 80
May 06, 2026 2:29:59 PM arch.GeminiClient getResponse
INFO: [GeminiClient] Waiting for semaphore. In queue: 21 | Active calls: 80 | Available permits: 0
May 06, 2026 2:30:00 PM arch.GeminiClient getResponse
INFO: [GeminiClient] Got response. Active calls: 79
May 06, 2026 2:30:00 PM arch.GeminiClient getResponse
INFO: [GeminiClient] Acquired semaphore. Active calls: 80
May 06, 2026 2:30:00 PM arch.GeminiClient getResponse
INFO: [GeminiClient] Waiting for semaphore. In queue: 21 | Active calls: 80 | Available permits: 0
May 06, 2026 2:30:00 PM arch.GeminiClient getResponse
INFO: [GeminiClient] Got response. Active calls: 79
May 06, 2026 2:30:00 PM arch.GeminiClient getResponse
INFO: [GeminiClient] Acquired semaphore. Active calls: 80
May 06, 2026 2:30:00 PM arch.GeminiClient getResponse
INFO: [GeminiClient] Got response. Active calls: 79
May 06, 2026 2:30:00 PM arch.GeminiClient getResponse
INFO: [GeminiClient] Acquired semaphore. Active calls: 80
May 06, 2026 2:30:00 PM arch.GeminiClient getResponse
INFO: [GeminiClient] Waiting for semaphore. In queue: 20 | Active calls: 80 | Available permits: 0
May 06, 2026 2:30:00 PM arch.GeminiClient getResponse
INFO: [GeminiClient] Waiting for semaphore. In queue: 21 | Active calls: 80 | Available permits: 0
May 06, 2026 2:30:00 PM arch.GeminiClient getResponse
INFO: [GeminiClient] Got response. Active calls: 79
May 06, 2026 2:30:00 PM arch.GeminiClient getResponse
INFO: [GeminiClient] Acquired semaphore. Active calls: 80
May 06, 2026 2:30:00 PM arch.GeminiClient getResponse
INFO: [GeminiClient] Got response. Active calls: 79
May 06, 2026 2:30:00 PM arch.GeminiClient getResponse
INFO: [GeminiClient] Acquired semaphore. Active calls: 80
May 06, 2026 2:30:00 PM arch.GeminiClient getResponse
INFO: [GeminiClient] Waiting for semaphore. In queue: 20 | Active calls: 80 | Available permits: 0
May 06, 2026 2:30:00 PM arch.GeminiClient getResponse
INFO: [GeminiClient] Got response. Active calls: 79
May 06, 2026 2:30:00 PM arch.GeminiClient getResponse
INFO: [GeminiClient] Acquired semaphore. Active calls: 80
May 06, 2026 2:30:00 PM arch.GeminiClient getResponse
INFO: [GeminiClient] Got response. Active calls: 79
May 06, 2026 2:30:00 PM arch.GeminiClient getResponse
INFO: [GeminiClient] Acquired semaphore. Active calls: 80
May 06, 2026 2:30:00 PM arch.GeminiClient getResponse
INFO: [GeminiClient] Waiting for semaphore. In queue: 19 | Active calls: 80 | Available permits: 0
May 06, 2026 2:30:00 PM arch.GeminiClient getResponse
INFO: [GeminiClient] Got response. Active calls: 79
May 06, 2026 2:30:00 PM arch.GeminiClient getResponse
INFO: [GeminiClient] Acquired semaphore. Active calls: 80
May 06, 2026 2:30:00 PM arch.GeminiClient getResponse
INFO: [GeminiClient] Waiting for semaphore. In queue: 19 | Active calls: 80 | Available permits: 0
May 06, 2026 2:30:00 PM arch.GeminiClient getResponse
INFO: [GeminiClient] Waiting for semaphore. In queue: 20 | Active calls: 80 | Available permits: 0
May 06, 2026 2:30:00 PM arch.GeminiClient getResponse
INFO: [GeminiClient] Got response. Active calls: 79
May 06, 2026 2:30:00 PM arch.GeminiClient getResponse
INFO: [GeminiClient] Got response. Active calls: 78
May 06, 2026 2:30:00 PM arch.GeminiClient getResponse
INFO: [GeminiClient] Acquired semaphore. Active calls: 79
May 06, 2026 2:30:00 PM arch.GeminiClient getResponse
INFO: [GeminiClient] Acquired semaphore. Active calls: 80
May 06, 2026 2:30:00 PM arch.GeminiClient getResponse
INFO: [GeminiClient] Got response. Active calls: 79
May 06, 2026 2:30:00 PM arch.GeminiClient getResponse
INFO: [GeminiClient] Acquired semaphore. Active calls: 80
May 06, 2026 2:30:00 PM arch.GeminiClient getResponse
INFO: [GeminiClient] Waiting for semaphore. In queue: 18 | Active calls: 80 | Available permits: 0
May 06, 2026 2:30:00 PM arch.GeminiClient getResponse
INFO: [GeminiClient] Waiting for semaphore. In queue: 19 | Active calls: 80 | Available permits: 0
May 06, 2026 2:30:00 PM arch.GeminiClient getResponse
INFO: [GeminiClient] Waiting for semaphore. In queue: 20 | Active calls: 80 | Available permits: 0
May 06, 2026 2:30:00 PM arch.GeminiClient getResponse
INFO: [GeminiClient] Waiting for semaphore. In queue: 21 | Active calls: 80 | Available permits: 0
May 06, 2026 2:30:00 PM arch.GeminiClient getResponse
INFO: [GeminiClient] Got response. Active calls: 79
May 06, 2026 2:30:00 PM arch.GeminiClient getResponse
INFO: [GeminiClient] Acquired semaphore. Active calls: 80
May 06, 2026 2:30:00 PM arch.GeminiClient getResponse
INFO: [GeminiClient] Got response. Active calls: 79
May 06, 2026 2:30:00 PM arch.GeminiClient getResponse
INFO: [GeminiClient] Acquired semaphore. Active calls: 80
May 06, 2026 2:30:00 PM arch.GeminiClient getResponse
INFO: [GeminiClient] Waiting for semaphore. In queue: 20 | Active calls: 80 | Available permits: 0
May 06, 2026 2:30:00 PM arch.GeminiClient getResponse
INFO: [GeminiClient] Got response. Active calls: 79
May 06, 2026 2:30:00 PM arch.GeminiClient getResponse
INFO: [GeminiClient] Acquired semaphore. Active calls: 80
May 06, 2026 2:30:00 PM arch.GeminiClient getResponse
INFO: [GeminiClient] Waiting for semaphore. In queue: 20 | Active calls: 80 | Available permits: 0
May 06, 2026 2:30:00 PM arch.GeminiClient getResponse
INFO: [GeminiClient] Waiting for semaphore. In queue: 21 | Active calls: 80 | Available permits: 0
May 06, 2026 2:30:00 PM arch.GeminiClient getResponse
INFO: [GeminiClient] Got response. Active calls: 79
May 06, 2026 2:30:00 PM arch.GeminiClient getResponse
INFO: [GeminiClient] Acquired semaphore. Active calls: 80
May 06, 2026 2:30:00 PM arch.GeminiClient getResponse
INFO: [GeminiClient] Got response. Active calls: 79
May 06, 2026 2:30:00 PM arch.GeminiClient getResponse
INFO: [GeminiClient] Got response. Active calls: 78
May 06, 2026 2:30:00 PM arch.GeminiClient getResponse
INFO: [GeminiClient] Acquired semaphore. Active calls: 79
May 06, 2026 2:30:00 PM arch.GeminiClient getResponse
INFO: [GeminiClient] Acquired semaphore. Active calls: 80
May 06, 2026 2:30:00 PM arch.GeminiClient getResponse
INFO: [GeminiClient] Waiting for semaphore. In queue: 19 | Active calls: 80 | Available permits: 0
May 06, 2026 2:30:01 PM arch.GeminiClient getResponse
INFO: [GeminiClient] Waiting for semaphore. In queue: 20 | Active calls: 80 | Available permits: 0
May 06, 2026 2:30:01 PM arch.GeminiClient getResponse
INFO: [GeminiClient] Got response. Active calls: 79
May 06, 2026 2:30:01 PM arch.GeminiClient getResponse
INFO: [GeminiClient] Acquired semaphore. Active calls: 80
May 06, 2026 2:30:01 PM arch.GeminiClient getResponse
INFO: [GeminiClient] Waiting for semaphore. In queue: 20 | Active calls: 80 | Available permits: 0
May 06, 2026 2:30:01 PM arch.GeminiClient getResponse
INFO: [GeminiClient] Waiting for semaphore. In queue: 21 | Active calls: 80 | Available permits: 0
May 06, 2026 2:30:01 PM arch.GeminiClient getResponse
INFO: [GeminiClient] Got response. Active calls: 79
May 06, 2026 2:30:01 PM arch.GeminiClient getResponse
INFO: [GeminiClient] Acquired semaphore. Active calls: 80
May 06, 2026 2:30:01 PM arch.GeminiClient getResponse
INFO: [GeminiClient] Waiting for semaphore. In queue: 21 | Active calls: 80 | Available permits: 0
May 06, 2026 2:30:01 PM arch.GeminiClient getResponse
INFO: [GeminiClient] Got response. Active calls: 79
May 06, 2026 2:30:01 PM arch.GeminiClient getResponse
INFO: [GeminiClient] Acquired semaphore. Active calls: 80
May 06, 2026 2:30:01 PM arch.GeminiClient getResponse
INFO: [GeminiClient] Waiting for semaphore. In queue: 21 | Active calls: 80 | Available permits: 0
May 06, 2026 2:30:01 PM arch.GeminiClient getResponse
INFO: [GeminiClient] Got response. Active calls: 79
May 06, 2026 2:30:01 PM arch.GeminiClient getResponse
INFO: [GeminiClient] Acquired semaphore. Active calls: 80
May 06, 2026 2:30:01 PM arch.GeminiClient getResponse
INFO: [GeminiClient] Waiting for semaphore. In queue: 21 | Active calls: 80 | Available permits: 0
May 06, 2026 2:30:01 PM arch.GeminiClient getResponse
INFO: [GeminiClient] Got response. Active calls: 79
May 06, 2026 2:30:01 PM arch.GeminiClient getResponse
INFO: [GeminiClient] Acquired semaphore. Active calls: 80
May 06, 2026 2:30:01 PM arch.GeminiClient getResponse
INFO: [GeminiClient] Got response. Active calls: 79
May 06, 2026 2:30:01 PM arch.GeminiClient getResponse
INFO: [GeminiClient] Acquired semaphore. Active calls: 80
May 06, 2026 2:30:01 PM arch.GeminiClient getResponse
INFO: [GeminiClient] Waiting for semaphore. In queue: 20 | Active calls: 80 | Available permits: 0
May 06, 2026 2:30:01 PM arch.GeminiClient getResponse
INFO: [GeminiClient] Waiting for semaphore. In queue: 21 | Active calls: 80 | Available permits: 0
May 06, 2026 2:30:01 PM arch.GeminiClient getResponse
INFO: [GeminiClient] Got response. Active calls: 79
May 06, 2026 2:30:01 PM arch.GeminiClient getResponse
INFO: [GeminiClient] Acquired semaphore. Active calls: 80
May 06, 2026 2:30:01 PM arch.GeminiClient getResponse
INFO: [GeminiClient] Waiting for semaphore. In queue: 21 | Active calls: 80 | Available permits: 0
May 06, 2026 2:30:02 PM arch.GeminiClient getResponse
INFO: [GeminiClient] Got response. Active calls: 79
May 06, 2026 2:30:02 PM arch.GeminiClient getResponse
INFO: [GeminiClient] Acquired semaphore. Active calls: 80
May 06, 2026 2:30:02 PM arch.GeminiClient getResponse
INFO: [GeminiClient] Waiting for semaphore. In queue: 21 | Active calls: 80 | Available permits: 0
May 06, 2026 2:30:02 PM arch.GeminiClient getResponse
INFO: [GeminiClient] Got response. Active calls: 79
May 06, 2026 2:30:02 PM arch.GeminiClient getResponse
INFO: [GeminiClient] Acquired semaphore. Active calls: 80
May 06, 2026 2:30:02 PM arch.GeminiClient getResponse
INFO: [GeminiClient] Waiting for semaphore. In queue: 21 | Active calls: 80 | Available permits: 0
May 06, 2026 2:30:02 PM arch.GeminiClient getResponse
INFO: [GeminiClient] Got response. Active calls: 79
May 06, 2026 2:30:02 PM arch.GeminiClient getResponse
INFO: [GeminiClient] Acquired semaphore. Active calls: 80
May 06, 2026 2:30:02 PM arch.GeminiClient getResponse
INFO: [GeminiClient] Waiting for semaphore. In queue: 21 | Active calls: 80 | Available permits: 0
May 06, 2026 2:30:02 PM arch.GeminiClient getResponse
INFO: [GeminiClient] Got response. Active calls: 79
May 06, 2026 2:30:02 PM arch.GeminiClient getResponse
INFO: [GeminiClient] Acquired semaphore. Active calls: 80
May 06, 2026 2:30:02 PM arch.GeminiClient getResponse
INFO: [GeminiClient] Got response. Active calls: 79
May 06, 2026 2:30:02 PM arch.GeminiClient getResponse
INFO: [GeminiClient] Acquired semaphore. Active calls: 80
May 06, 2026 2:30:02 PM arch.GeminiClient getResponse
INFO: [GeminiClient] Waiting for semaphore. In queue: 20 | Active calls: 80 | Available permits: 0
May 06, 2026 2:30:02 PM arch.GeminiClient getResponse
INFO: [GeminiClient] Waiting for semaphore. In queue: 21 | Active calls: 80 | Available permits: 0
May 06, 2026 2:30:02 PM arch.GeminiClient getResponse
INFO: [GeminiClient] Got response. Active calls: 79
May 06, 2026 2:30:02 PM arch.GeminiClient getResponse
INFO: [GeminiClient] Acquired semaphore. Active calls: 80
May 06, 2026 2:30:02 PM arch.GeminiClient getResponse
INFO: [GeminiClient] Waiting for semaphore. In queue: 21 | Active calls: 80 | Available permits: 0
May 06, 2026 2:30:02 PM arch.GeminiClient getResponse
INFO: [GeminiClient] Got response. Active calls: 79
May 06, 2026 2:30:02 PM arch.GeminiClient getResponse
INFO: [GeminiClient] Acquired semaphore. Active calls: 80
May 06, 2026 2:30:02 PM arch.GeminiClient getResponse
INFO: [GeminiClient] Got response. Active calls: 79
May 06, 2026 2:30:02 PM arch.GeminiClient getResponse
INFO: [GeminiClient] Acquired semaphore. Active calls: 80
May 06, 2026 2:30:02 PM arch.GeminiClient getResponse
INFO: [GeminiClient] Waiting for semaphore. In queue: 20 | Active calls: 80 | Available permits: 0
May 06, 2026 2:30:03 PM arch.GeminiClient getResponse
INFO: [GeminiClient] Got response. Active calls: 79
May 06, 2026 2:30:03 PM arch.GeminiClient getResponse
INFO: [GeminiClient] Got response. Active calls: 78
May 06, 2026 2:30:03 PM arch.GeminiClient getResponse
INFO: [GeminiClient] Acquired semaphore. Active calls: 79
May 06, 2026 2:30:03 PM arch.GeminiClient getResponse
INFO: [GeminiClient] Acquired semaphore. Active calls: 80
May 06, 2026 2:30:03 PM arch.GeminiClient getResponse
INFO: [GeminiClient] Waiting for semaphore. In queue: 19 | Active calls: 80 | Available permits: 0
May 06, 2026 2:30:03 PM arch.GeminiClient getResponse
INFO: [GeminiClient] Waiting for semaphore. In queue: 20 | Active calls: 80 | Available permits: 0
May 06, 2026 2:30:03 PM arch.GeminiClient getResponse
INFO: [GeminiClient] Waiting for semaphore. In queue: 21 | Active calls: 80 | Available permits: 0
May 06, 2026 2:30:03 PM arch.GeminiClient getResponse
INFO: [GeminiClient] Got response. Active calls: 79
May 06, 2026 2:30:03 PM arch.GeminiClient getResponse
INFO: [GeminiClient] Acquired semaphore. Active calls: 80
May 06, 2026 2:30:03 PM arch.GeminiClient getResponse
INFO: [GeminiClient] Got response. Active calls: 79
May 06, 2026 2:30:03 PM arch.GeminiClient getResponse
INFO: [GeminiClient] Acquired semaphore. Active calls: 80
May 06, 2026 2:30:03 PM arch.GeminiClient getResponse
INFO: [GeminiClient] Waiting for semaphore. In queue: 20 | Active calls: 80 | Available permits: 0
May 06, 2026 2:30:03 PM arch.GeminiClient getResponse
INFO: [GeminiClient] Waiting for semaphore. In queue: 21 | Active calls: 80 | Available permits: 0
May 06, 2026 2:30:03 PM arch.GeminiClient getResponse
INFO: [GeminiClient] Got response. Active calls: 79
May 06, 2026 2:30:03 PM arch.GeminiClient getResponse
INFO: [GeminiClient] Acquired semaphore. Active calls: 80
May 06, 2026 2:30:03 PM arch.GeminiClient getResponse
INFO: [GeminiClient] Waiting for semaphore. In queue: 21 | Active calls: 80 | Available permits: 0
May 06, 2026 2:30:03 PM arch.GeminiClient getResponse
INFO: [GeminiClient] Got response. Active calls: 79
May 06, 2026 2:30:03 PM arch.GeminiClient getResponse
INFO: [GeminiClient] Acquired semaphore. Active calls: 80
May 06, 2026 2:30:03 PM arch.GeminiClient getResponse
INFO: [GeminiClient] Waiting for semaphore. In queue: 21 | Active calls: 80 | Available permits: 0
May 06, 2026 2:30:03 PM arch.GeminiClient getResponse
INFO: [GeminiClient] Got response. Active calls: 79
May 06, 2026 2:30:03 PM arch.GeminiClient getResponse
INFO: [GeminiClient] Acquired semaphore. Active calls: 80
May 06, 2026 2:30:03 PM arch.GeminiClient getResponse
INFO: [GeminiClient] Waiting for semaphore. In queue: 21 | Active calls: 80 | Available permits: 0
May 06, 2026 2:30:03 PM arch.GeminiClient getResponse
INFO: [GeminiClient] Got response. Active calls: 79
May 06, 2026 2:30:03 PM arch.GeminiClient getResponse
INFO: [GeminiClient] Acquired semaphore. Active calls: 80
May 06, 2026 2:30:03 PM arch.GeminiClient getResponse
INFO: [GeminiClient] Waiting for semaphore. In queue: 21 | Active calls: 80 | Available permits: 0
May 06, 2026 2:30:03 PM arch.GeminiClient getResponse
INFO: [GeminiClient] Got response. Active calls: 79
May 06, 2026 2:30:03 PM arch.GeminiClient getResponse
INFO: [GeminiClient] Acquired semaphore. Active calls: 80
May 06, 2026 2:30:03 PM arch.GeminiClient getResponse
INFO: [GeminiClient] Waiting for semaphore. In queue: 21 | Active calls: 80 | Available permits: 0
May 06, 2026 2:30:04 PM arch.GeminiClient getResponse
INFO: [GeminiClient] Got response. Active calls: 79
May 06, 2026 2:30:04 PM arch.GeminiClient getResponse
INFO: [GeminiClient] Acquired semaphore. Active calls: 80
May 06, 2026 2:30:04 PM arch.GeminiClient getResponse
INFO: [GeminiClient] Waiting for semaphore. In queue: 21 | Active calls: 80 | Available permits: 0
May 06, 2026 2:30:04 PM arch.GeminiClient getResponse
INFO: [GeminiClient] Got response. Active calls: 79
May 06, 2026 2:30:04 PM arch.GeminiClient getResponse
INFO: [GeminiClient] Acquired semaphore. Active calls: 80
May 06, 2026 2:30:04 PM arch.GeminiClient getResponse
INFO: [GeminiClient] Waiting for semaphore. In queue: 21 | Active calls: 80 | Available permits: 0
May 06, 2026 2:30:04 PM arch.GeminiClient getResponse
INFO: [GeminiClient] Got response. Active calls: 79
May 06, 2026 2:30:04 PM arch.GeminiClient getResponse
INFO: [GeminiClient] Acquired semaphore. Active calls: 80
May 06, 2026 2:30:04 PM arch.GeminiClient getResponse
INFO: [GeminiClient] Got response. Active calls: 79
May 06, 2026 2:30:04 PM arch.GeminiClient getResponse
INFO: [GeminiClient] Acquired semaphore. Active calls: 80
May 06, 2026 2:30:04 PM arch.GeminiClient getResponse
INFO: [GeminiClient] Waiting for semaphore. In queue: 20 | Active calls: 80 | Available permits: 0
May 06, 2026 2:30:04 PM arch.GeminiClient getResponse
INFO: [GeminiClient] Waiting for semaphore. In queue: 21 | Active calls: 80 | Available permits: 0
May 06, 2026 2:30:04 PM arch.GeminiClient getResponse
INFO: [GeminiClient] Got response. Active calls: 79
May 06, 2026 2:30:04 PM arch.GeminiClient getResponse
INFO: [GeminiClient] Acquired semaphore. Active calls: 80
May 06, 2026 2:30:04 PM arch.GeminiClient getResponse
INFO: [GeminiClient] Waiting for semaphore. In queue: 21 | Active calls: 80 | Available permits: 0
May 06, 2026 2:30:04 PM arch.GeminiClient getResponse
INFO: [GeminiClient] Got response. Active calls: 79
May 06, 2026 2:30:04 PM arch.GeminiClient getResponse
INFO: [GeminiClient] Acquired semaphore. Active calls: 80
May 06, 2026 2:30:04 PM arch.GeminiClient getResponse
INFO: [GeminiClient] Got response. Active calls: 79
May 06, 2026 2:30:04 PM arch.GeminiClient getResponse
INFO: [GeminiClient] Acquired semaphore. Active calls: 80
May 06, 2026 2:30:04 PM arch.GeminiClient getResponse
INFO: [GeminiClient] Got response. Active calls: 79
May 06, 2026 2:30:04 PM arch.GeminiClient getResponse
INFO: [GeminiClient] Acquired semaphore. Active calls: 80
May 06, 2026 2:30:04 PM arch.GeminiClient getResponse
INFO: [GeminiClient] Got response. Active calls: 79
May 06, 2026 2:30:04 PM arch.GeminiClient getResponse
INFO: [GeminiClient] Acquired semaphore. Active calls: 79
May 06, 2026 2:30:04 PM arch.GeminiClient getResponse
INFO: [GeminiClient] Got response. Active calls: 78
May 06, 2026 2:30:04 PM arch.GeminiClient getResponse
INFO: [GeminiClient] Acquired semaphore. Active calls: 80
May 06, 2026 2:30:04 PM arch.GeminiClient getResponse
INFO: [GeminiClient] Waiting for semaphore. In queue: 17 | Active calls: 80 | Available permits: 0
May 06, 2026 2:30:04 PM arch.GeminiClient getResponse
INFO: [GeminiClient] Waiting for semaphore. In queue: 18 | Active calls: 80 | Available permits: 0
May 06, 2026 2:30:04 PM arch.GeminiClient getResponse
INFO: [GeminiClient] Waiting for semaphore. In queue: 19 | Active calls: 80 | Available permits: 0
May 06, 2026 2:30:04 PM arch.GeminiClient getResponse
INFO: [GeminiClient] Got response. Active calls: 79
May 06, 2026 2:30:04 PM arch.GeminiClient getResponse
INFO: [GeminiClient] Acquired semaphore. Active calls: 80
May 06, 2026 2:30:04 PM arch.GeminiClient getResponse
INFO: [GeminiClient] Waiting for semaphore. In queue: 19 | Active calls: 80 | Available permits: 0
May 06, 2026 2:30:04 PM arch.GeminiClient getResponse
INFO: [GeminiClient] Waiting for semaphore. In queue: 20 | Active calls: 80 | Available permits: 0
May 06, 2026 2:30:05 PM arch.GeminiClient getResponse
INFO: [GeminiClient] Got response. Active calls: 79
May 06, 2026 2:30:05 PM arch.GeminiClient getResponse
INFO: [GeminiClient] Acquired semaphore. Active calls: 80
May 06, 2026 2:30:05 PM arch.GeminiClient getResponse
INFO: [GeminiClient] Waiting for semaphore. In queue: 20 | Active calls: 80 | Available permits: 0
May 06, 2026 2:30:05 PM arch.GeminiClient getResponse
INFO: [GeminiClient] Got response. Active calls: 79
May 06, 2026 2:30:05 PM arch.GeminiClient getResponse
INFO: [GeminiClient] Acquired semaphore. Active calls: 80
May 06, 2026 2:30:05 PM arch.GeminiClient getResponse
INFO: [GeminiClient] Waiting for semaphore. In queue: 20 | Active calls: 80 | Available permits: 0
May 06, 2026 2:30:05 PM arch.GeminiClient getResponse
INFO: [GeminiClient] Got response. Active calls: 79
May 06, 2026 2:30:05 PM arch.GeminiClient getResponse
INFO: [GeminiClient] Acquired semaphore. Active calls: 80
May 06, 2026 2:30:05 PM arch.GeminiClient getResponse
INFO: [GeminiClient] Waiting for semaphore. In queue: 20 | Active calls: 80 | Available permits: 0
May 06, 2026 2:30:05 PM arch.GeminiClient getResponse
INFO: [GeminiClient] Got response. Active calls: 79
May 06, 2026 2:30:05 PM arch.GeminiClient getResponse
INFO: [GeminiClient] Acquired semaphore. Active calls: 80
May 06, 2026 2:30:05 PM arch.GeminiClient getResponse
INFO: [GeminiClient] Got response. Active calls: 79
May 06, 2026 2:30:05 PM arch.GeminiClient getResponse
INFO: [GeminiClient] Acquired semaphore. Active calls: 79
May 06, 2026 2:30:05 PM arch.GeminiClient getResponse
INFO: [GeminiClient] Got response. Active calls: 78
May 06, 2026 2:30:05 PM arch.GeminiClient getResponse
INFO: [GeminiClient] Acquired semaphore. Active calls: 80
May 06, 2026 2:30:05 PM arch.GeminiClient getResponse
INFO: [GeminiClient] Waiting for semaphore. In queue: 18 | Active calls: 80 | Available permits: 0
May 06, 2026 2:30:05 PM arch.GeminiClient getResponse
INFO: [GeminiClient] Waiting for semaphore. In queue: 19 | Active calls: 80 | Available permits: 0
May 06, 2026 2:30:05 PM arch.GeminiClient getResponse
INFO: [GeminiClient] Waiting for semaphore. In queue: 20 | Active calls: 80 | Available permits: 0
May 06, 2026 2:30:05 PM arch.GeminiClient getResponse
INFO: [GeminiClient] Got response. Active calls: 79
May 06, 2026 2:30:05 PM arch.GeminiClient getResponse
INFO: [GeminiClient] Acquired semaphore. Active calls: 80
May 06, 2026 2:30:05 PM arch.GeminiClient getResponse
INFO: [GeminiClient] Waiting for semaphore. In queue: 20 | Active calls: 80 | Available permits: 0
May 06, 2026 2:30:06 PM arch.GeminiClient getResponse
INFO: [GeminiClient] Got response. Active calls: 79
May 06, 2026 2:30:06 PM arch.GeminiClient getResponse
INFO: [GeminiClient] Got response. Active calls: 78
May 06, 2026 2:30:06 PM arch.GeminiClient getResponse
INFO: [GeminiClient] Acquired semaphore. Active calls: 79
May 06, 2026 2:30:06 PM arch.GeminiClient getResponse
INFO: [GeminiClient] Acquired semaphore. Active calls: 80
May 06, 2026 2:30:06 PM arch.GeminiClient getResponse
INFO: [GeminiClient] Waiting for semaphore. In queue: 19 | Active calls: 80 | Available permits: 0
May 06, 2026 2:30:06 PM arch.GeminiClient getResponse
INFO: [GeminiClient] Waiting for semaphore. In queue: 20 | Active calls: 80 | Available permits: 0
May 06, 2026 2:30:06 PM arch.GeminiClient getResponse
INFO: [GeminiClient] Got response. Active calls: 79
May 06, 2026 2:30:06 PM arch.GeminiClient getResponse
INFO: [GeminiClient] Acquired semaphore. Active calls: 80
May 06, 2026 2:30:06 PM arch.GeminiClient getResponse
INFO: [GeminiClient] Waiting for semaphore. In queue: 20 | Active calls: 80 | Available permits: 0
May 06, 2026 2:30:06 PM arch.GeminiClient getResponse
INFO: [GeminiClient] Got response. Active calls: 79
May 06, 2026 2:30:06 PM arch.GeminiClient getResponse
INFO: [GeminiClient] Acquired semaphore. Active calls: 80
May 06, 2026 2:30:06 PM arch.GeminiClient getResponse
INFO: [GeminiClient] Waiting for semaphore. In queue: 20 | Active calls: 80 | Available permits: 0
May 06, 2026 2:30:06 PM arch.GeminiClient getResponse
INFO: [GeminiClient] Got response. Active calls: 79
May 06, 2026 2:30:06 PM arch.GeminiClient getResponse
INFO: [GeminiClient] Acquired semaphore. Active calls: 80
May 06, 2026 2:30:06 PM arch.GeminiClient getResponse
INFO: [GeminiClient] Waiting for semaphore. In queue: 20 | Active calls: 80 | Available permits: 0
May 06, 2026 2:30:06 PM arch.GeminiClient getResponse
INFO: [GeminiClient] Got response. Active calls: 79
May 06, 2026 2:30:06 PM arch.GeminiClient getResponse
INFO: [GeminiClient] Acquired semaphore. Active calls: 80
May 06, 2026 2:30:06 PM arch.GeminiClient getResponse
INFO: [GeminiClient] Waiting for semaphore. In queue: 20 | Active calls: 80 | Available permits: 0
May 06, 2026 2:30:06 PM arch.GeminiClient getResponse
INFO: [GeminiClient] Got response. Active calls: 79
May 06, 2026 2:30:06 PM arch.GeminiClient getResponse
INFO: [GeminiClient] Acquired semaphore. Active calls: 80
May 06, 2026 2:30:06 PM arch.GeminiClient getResponse
INFO: [GeminiClient] Waiting for semaphore. In queue: 20 | Active calls: 80 | Available permits: 0
May 06, 2026 2:30:06 PM arch.GeminiClient getResponse
INFO: [GeminiClient] Got response. Active calls: 79
May 06, 2026 2:30:06 PM arch.GeminiClient getResponse
INFO: [GeminiClient] Acquired semaphore. Active calls: 80
May 06, 2026 2:30:06 PM arch.GeminiClient getResponse
INFO: [GeminiClient] Got response. Active calls: 79
May 06, 2026 2:30:06 PM arch.GeminiClient getResponse
INFO: [GeminiClient] Got response. Active calls: 78
May 06, 2026 2:30:06 PM arch.GeminiClient getResponse
INFO: [GeminiClient] Acquired semaphore. Active calls: 79
May 06, 2026 2:30:06 PM arch.GeminiClient getResponse
INFO: [GeminiClient] Acquired semaphore. Active calls: 80
May 06, 2026 2:30:06 PM arch.GeminiClient getResponse
INFO: [GeminiClient] Waiting for semaphore. In queue: 18 | Active calls: 80 | Available permits: 0
May 06, 2026 2:30:06 PM arch.GeminiClient getResponse
INFO: [GeminiClient] Waiting for semaphore. In queue: 19 | Active calls: 80 | Available permits: 0
May 06, 2026 2:30:06 PM arch.GeminiClient getResponse
INFO: [GeminiClient] Waiting for semaphore. In queue: 20 | Active calls: 80 | Available permits: 0
May 06, 2026 2:30:06 PM arch.GeminiClient getResponse
INFO: [GeminiClient] Got response. Active calls: 79
May 06, 2026 2:30:06 PM arch.GeminiClient getResponse
INFO: [GeminiClient] Acquired semaphore. Active calls: 80
May 06, 2026 2:30:06 PM arch.GeminiClient getResponse
INFO: [GeminiClient] Waiting for semaphore. In queue: 20 | Active calls: 80 | Available permits: 0
May 06, 2026 2:30:07 PM arch.GeminiClient getResponse
INFO: [GeminiClient] Got response. Active calls: 79
May 06, 2026 2:30:07 PM arch.GeminiClient getResponse
INFO: [GeminiClient] Acquired semaphore. Active calls: 80
May 06, 2026 2:30:07 PM arch.GeminiClient getResponse
INFO: [GeminiClient] Waiting for semaphore. In queue: 20 | Active calls: 80 | Available permits: 0
May 06, 2026 2:30:07 PM arch.GeminiClient getResponse
INFO: [GeminiClient] Got response. Active calls: 79
May 06, 2026 2:30:07 PM arch.GeminiClient getResponse
INFO: [GeminiClient] Acquired semaphore. Active calls: 80
May 06, 2026 2:30:07 PM arch.GeminiClient getResponse
INFO: [GeminiClient] Waiting for semaphore. In queue: 20 | Active calls: 80 | Available permits: 0
May 06, 2026 2:30:07 PM arch.GeminiClient getResponse
INFO: [GeminiClient] Got response. Active calls: 79
May 06, 2026 2:30:07 PM arch.GeminiClient getResponse
INFO: [GeminiClient] Acquired semaphore. Active calls: 80
May 06, 2026 2:30:07 PM arch.GeminiClient getResponse
INFO: [GeminiClient] Waiting for semaphore. In queue: 20 | Active calls: 80 | Available permits: 0
May 06, 2026 2:30:07 PM arch.GeminiClient getResponse
INFO: [GeminiClient] Got response. Active calls: 79
May 06, 2026 2:30:07 PM arch.GeminiClient getResponse
INFO: [GeminiClient] Acquired semaphore. Active calls: 80
May 06, 2026 2:30:07 PM arch.GeminiClient getResponse
INFO: [GeminiClient] Waiting for semaphore. In queue: 20 | Active calls: 80 | Available permits: 0
May 06, 2026 2:30:07 PM arch.GeminiClient getResponse
INFO: [GeminiClient] Got response. Active calls: 79
May 06, 2026 2:30:07 PM arch.GeminiClient getResponse
INFO: [GeminiClient] Acquired semaphore. Active calls: 80
May 06, 2026 2:30:07 PM arch.GeminiClient getResponse
INFO: [GeminiClient] Got response. Active calls: 79
May 06, 2026 2:30:07 PM arch.GeminiClient getResponse
INFO: [GeminiClient] Acquired semaphore. Active calls: 80
May 06, 2026 2:30:07 PM arch.GeminiClient getResponse
INFO: [GeminiClient] Got response. Active calls: 79
May 06, 2026 2:30:07 PM arch.GeminiClient getResponse
INFO: [GeminiClient] Acquired semaphore. Active calls: 80
May 06, 2026 2:30:07 PM arch.GeminiClient getResponse
INFO: [GeminiClient] Waiting for semaphore. In queue: 18 | Active calls: 80 | Available permits: 0
May 06, 2026 2:30:07 PM arch.GeminiClient getResponse
INFO: [GeminiClient] Waiting for semaphore. In queue: 19 | Active calls: 80 | Available permits: 0
May 06, 2026 2:30:07 PM arch.GeminiClient getResponse
INFO: [GeminiClient] Waiting for semaphore. In queue: 20 | Active calls: 80 | Available permits: 0
May 06, 2026 2:30:07 PM arch.GeminiClient getResponse
INFO: [GeminiClient] Got response. Active calls: 79
May 06, 2026 2:30:07 PM arch.GeminiClient getResponse
INFO: [GeminiClient] Got response. Active calls: 78
May 06, 2026 2:30:07 PM arch.GeminiClient getResponse
INFO: [GeminiClient] Got response. Active calls: 77
May 06, 2026 2:30:07 PM arch.GeminiClient getResponse
INFO: [GeminiClient] Acquired semaphore. Active calls: 78
May 06, 2026 2:30:07 PM arch.GeminiClient getResponse
INFO: [GeminiClient] Acquired semaphore. Active calls: 79
May 06, 2026 2:30:07 PM arch.GeminiClient getResponse
INFO: [GeminiClient] Acquired semaphore. Active calls: 80
May 06, 2026 2:30:07 PM arch.GeminiClient getResponse
INFO: [GeminiClient] Waiting for semaphore. In queue: 18 | Active calls: 80 | Available permits: 0
May 06, 2026 2:30:07 PM arch.GeminiClient getResponse
INFO: [GeminiClient] Waiting for semaphore. In queue: 19 | Active calls: 80 | Available permits: 0
May 06, 2026 2:30:07 PM arch.GeminiClient getResponse
INFO: [GeminiClient] Waiting for semaphore. In queue: 20 | Active calls: 80 | Available permits: 0
May 06, 2026 2:30:07 PM arch.GeminiClient getResponse
INFO: [GeminiClient] Waiting for semaphore. In queue: 21 | Active calls: 80 | Available permits: 0
May 06, 2026 2:30:07 PM arch.GeminiClient getResponse
INFO: [GeminiClient] Got response. Active calls: 79
May 06, 2026 2:30:07 PM arch.GeminiClient getResponse
INFO: [GeminiClient] Acquired semaphore. Active calls: 80
May 06, 2026 2:30:07 PM arch.GeminiClient getResponse
INFO: [GeminiClient] Waiting for semaphore. In queue: 21 | Active calls: 80 | Available permits: 0
May 06, 2026 2:30:07 PM arch.GeminiClient getResponse
INFO: [GeminiClient] Got response. Active calls: 79
May 06, 2026 2:30:07 PM arch.GeminiClient getResponse
INFO: [GeminiClient] Acquired semaphore. Active calls: 80
May 06, 2026 2:30:07 PM arch.GeminiClient getResponse
INFO: [GeminiClient] Waiting for semaphore. In queue: 21 | Active calls: 80 | Available permits: 0
May 06, 2026 2:30:07 PM arch.GeminiClient getResponse
INFO: [GeminiClient] Got response. Active calls: 79
May 06, 2026 2:30:07 PM arch.GeminiClient getResponse
INFO: [GeminiClient] Acquired semaphore. Active calls: 80
May 06, 2026 2:30:07 PM arch.GeminiClient getResponse
INFO: [GeminiClient] Got response. Active calls: 79
May 06, 2026 2:30:07 PM arch.GeminiClient getResponse
INFO: [GeminiClient] Got response. Active calls: 78
May 06, 2026 2:30:07 PM arch.GeminiClient getResponse
INFO: [GeminiClient] Acquired semaphore. Active calls: 80
May 06, 2026 2:30:07 PM arch.GeminiClient getResponse
INFO: [GeminiClient] Acquired semaphore. Active calls: 79
May 06, 2026 2:30:07 PM arch.GeminiClient getResponse
INFO: [GeminiClient] Waiting for semaphore. In queue: 19 | Active calls: 80 | Available permits: 0
May 06, 2026 2:30:08 PM arch.GeminiClient getResponse
INFO: [GeminiClient] Waiting for semaphore. In queue: 20 | Active calls: 80 | Available permits: 0
May 06, 2026 2:30:08 PM arch.GeminiClient getResponse
INFO: [GeminiClient] Got response. Active calls: 79
May 06, 2026 2:30:08 PM arch.GeminiClient getResponse
INFO: [GeminiClient] Acquired semaphore. Active calls: 79
May 06, 2026 2:30:08 PM arch.GeminiClient getResponse
INFO: [GeminiClient] Got response. Active calls: 78
May 06, 2026 2:30:08 PM arch.GeminiClient getResponse
INFO: [GeminiClient] Acquired semaphore. Active calls: 80
May 06, 2026 2:30:08 PM arch.GeminiClient getResponse
INFO: [GeminiClient] Waiting for semaphore. In queue: 19 | Active calls: 80 | Available permits: 0
May 06, 2026 2:30:08 PM arch.GeminiClient getResponse
INFO: [GeminiClient] Waiting for semaphore. In queue: 20 | Active calls: 80 | Available permits: 0
May 06, 2026 2:30:08 PM arch.GeminiClient getResponse
INFO: [GeminiClient] Waiting for semaphore. In queue: 21 | Active calls: 80 | Available permits: 0
May 06, 2026 2:30:08 PM arch.GeminiClient getResponse
INFO: [GeminiClient] Got response. Active calls: 79
May 06, 2026 2:30:08 PM arch.GeminiClient getResponse
INFO: [GeminiClient] Acquired semaphore. Active calls: 80
May 06, 2026 2:30:08 PM arch.GeminiClient getResponse
INFO: [GeminiClient] Waiting for semaphore. In queue: 21 | Active calls: 80 | Available permits: 0
May 06, 2026 2:30:08 PM arch.GeminiClient getResponse
INFO: [GeminiClient] Got response. Active calls: 79
May 06, 2026 2:30:08 PM arch.GeminiClient getResponse
INFO: [GeminiClient] Got response. Active calls: 78
May 06, 2026 2:30:08 PM arch.GeminiClient getResponse
INFO: [GeminiClient] Acquired semaphore. Active calls: 80
May 06, 2026 2:30:08 PM arch.GeminiClient getResponse
INFO: [GeminiClient] Acquired semaphore. Active calls: 79
May 06, 2026 2:30:08 PM arch.GeminiClient getResponse
INFO: [GeminiClient] Waiting for semaphore. In queue: 20 | Active calls: 80 | Available permits: 0
May 06, 2026 2:30:08 PM arch.GeminiClient getResponse
INFO: [GeminiClient] Waiting for semaphore. In queue: 21 | Active calls: 80 | Available permits: 0
May 06, 2026 2:30:08 PM arch.GeminiClient getResponse
INFO: [GeminiClient] Got response. Active calls: 79
May 06, 2026 2:30:08 PM arch.GeminiClient getResponse
INFO: [GeminiClient] Acquired semaphore. Active calls: 80
May 06, 2026 2:30:08 PM arch.GeminiClient getResponse
INFO: [GeminiClient] Waiting for semaphore. In queue: 21 | Active calls: 80 | Available permits: 0
May 06, 2026 2:30:08 PM arch.GeminiClient getResponse
INFO: [GeminiClient] Got response. Active calls: 79
May 06, 2026 2:30:08 PM arch.GeminiClient getResponse
INFO: [GeminiClient] Acquired semaphore. Active calls: 80
May 06, 2026 2:30:08 PM arch.GeminiClient getResponse
INFO: [GeminiClient] Waiting for semaphore. In queue: 21 | Active calls: 80 | Available permits: 0
May 06, 2026 2:30:08 PM arch.GeminiClient getResponse
INFO: [GeminiClient] Got response. Active calls: 79
May 06, 2026 2:30:08 PM arch.GeminiClient getResponse
INFO: [GeminiClient] Acquired semaphore. Active calls: 80
May 06, 2026 2:30:08 PM arch.GeminiClient getResponse
INFO: [GeminiClient] Waiting for semaphore. In queue: 21 | Active calls: 80 | Available permits: 0
May 06, 2026 2:30:08 PM arch.GeminiClient getResponse
INFO: [GeminiClient] Got response. Active calls: 79
May 06, 2026 2:30:08 PM arch.GeminiClient getResponse
INFO: [GeminiClient] Acquired semaphore. Active calls: 80
May 06, 2026 2:30:08 PM arch.GeminiClient getResponse
INFO: [GeminiClient] Got response. Active calls: 79
May 06, 2026 2:30:08 PM arch.GeminiClient getResponse
INFO: [GeminiClient] Acquired semaphore. Active calls: 80
May 06, 2026 2:30:09 PM arch.GeminiClient getResponse
INFO: [GeminiClient] Got response. Active calls: 79
May 06, 2026 2:30:09 PM arch.GeminiClient getResponse
INFO: [GeminiClient] Acquired semaphore. Active calls: 80
May 06, 2026 2:30:09 PM arch.GeminiClient getResponse
INFO: [GeminiClient] Waiting for semaphore. In queue: 19 | Active calls: 80 | Available permits: 0
May 06, 2026 2:30:09 PM arch.GeminiClient getResponse
INFO: [GeminiClient] Waiting for semaphore. In queue: 20 | Active calls: 80 | Available permits: 0
May 06, 2026 2:30:09 PM arch.GeminiClient getResponse
INFO: [GeminiClient] Got response. Active calls: 79
May 06, 2026 2:30:09 PM arch.GeminiClient getResponse
INFO: [GeminiClient] Acquired semaphore. Active calls: 79
May 06, 2026 2:30:09 PM arch.GeminiClient getResponse
INFO: [GeminiClient] Got response. Active calls: 78
May 06, 2026 2:30:09 PM arch.GeminiClient getResponse
INFO: [GeminiClient] Acquired semaphore. Active calls: 80
May 06, 2026 2:30:09 PM arch.GeminiClient getResponse
INFO: [GeminiClient] Waiting for semaphore. In queue: 19 | Active calls: 80 | Available permits: 0
May 06, 2026 2:30:09 PM arch.GeminiClient getResponse
INFO: [GeminiClient] Got response. Active calls: 79
May 06, 2026 2:30:09 PM arch.GeminiClient getResponse
INFO: [GeminiClient] Acquired semaphore. Active calls: 80
May 06, 2026 2:30:09 PM arch.GeminiClient getResponse
INFO: [GeminiClient] Waiting for semaphore. In queue: 19 | Active calls: 80 | Available permits: 0
May 06, 2026 2:30:09 PM arch.GeminiClient getResponse
INFO: [GeminiClient] Waiting for semaphore. In queue: 20 | Active calls: 80 | Available permits: 0
May 06, 2026 2:30:09 PM arch.GeminiClient getResponse
INFO: [GeminiClient] Waiting for semaphore. In queue: 21 | Active calls: 80 | Available permits: 0
May 06, 2026 2:30:09 PM arch.GeminiClient getResponse
INFO: [GeminiClient] Got response. Active calls: 79
May 06, 2026 2:30:09 PM arch.GeminiClient getResponse
INFO: [GeminiClient] Acquired semaphore. Active calls: 80
May 06, 2026 2:30:09 PM arch.GeminiClient getResponse
INFO: [GeminiClient] Got response. Active calls: 79
May 06, 2026 2:30:09 PM arch.GeminiClient getResponse
INFO: [GeminiClient] Acquired semaphore. Active calls: 80
May 06, 2026 2:30:09 PM arch.GeminiClient getResponse
INFO: [GeminiClient] Waiting for semaphore. In queue: 20 | Active calls: 80 | Available permits: 0
May 06, 2026 2:30:09 PM arch.GeminiClient getResponse
INFO: [GeminiClient] Got response. Active calls: 79
May 06, 2026 2:30:09 PM arch.GeminiClient getResponse
INFO: [GeminiClient] Acquired semaphore. Active calls: 80
May 06, 2026 2:30:09 PM arch.GeminiClient getResponse
INFO: [GeminiClient] Got response. Active calls: 79
May 06, 2026 2:30:09 PM arch.GeminiClient getResponse
INFO: [GeminiClient] Acquired semaphore. Active calls: 80
May 06, 2026 2:30:09 PM arch.GeminiClient getResponse
INFO: [GeminiClient] Waiting for semaphore. In queue: 19 | Active calls: 80 | Available permits: 0
May 06, 2026 2:30:09 PM arch.GeminiClient getResponse
INFO: [GeminiClient] Got response. Active calls: 79
May 06, 2026 2:30:09 PM arch.GeminiClient getResponse
INFO: [GeminiClient] Acquired semaphore. Active calls: 80
May 06, 2026 2:30:09 PM arch.GeminiClient getResponse
INFO: [GeminiClient] Waiting for semaphore. In queue: 19 | Active calls: 80 | Available permits: 0
May 06, 2026 2:30:09 PM arch.GeminiClient getResponse
INFO: [GeminiClient] Got response. Active calls: 79
May 06, 2026 2:30:09 PM arch.GeminiClient getResponse
INFO: [GeminiClient] Acquired semaphore. Active calls: 80
May 06, 2026 2:30:09 PM arch.GeminiClient getResponse
INFO: [GeminiClient] Waiting for semaphore. In queue: 19 | Active calls: 80 | Available permits: 0
May 06, 2026 2:30:09 PM arch.GeminiClient getResponse
INFO: [GeminiClient] Waiting for semaphore. In queue: 20 | Active calls: 80 | Available permits: 0
May 06, 2026 2:30:09 PM arch.GeminiClient getResponse
INFO: [GeminiClient] Waiting for semaphore. In queue: 21 | Active calls: 80 | Available permits: 0
May 06, 2026 2:30:09 PM arch.GeminiClient getResponse
INFO: [GeminiClient] Got response. Active calls: 79
May 06, 2026 2:30:09 PM arch.GeminiClient getResponse
INFO: [GeminiClient] Acquired semaphore. Active calls: 80
May 06, 2026 2:30:09 PM arch.GeminiClient getResponse
INFO: [GeminiClient] Got response. Active calls: 79
May 06, 2026 2:30:09 PM arch.GeminiClient getResponse
INFO: [GeminiClient] Acquired semaphore. Active calls: 80
May 06, 2026 2:30:09 PM arch.GeminiClient getResponse
INFO: [GeminiClient] Waiting for semaphore. In queue: 20 | Active calls: 80 | Available permits: 0
May 06, 2026 2:30:09 PM arch.GeminiClient getResponse
INFO: [GeminiClient] Got response. Active calls: 79
May 06, 2026 2:30:09 PM arch.GeminiClient getResponse
INFO: [GeminiClient] Got response. Active calls: 78
May 06, 2026 2:30:09 PM arch.GeminiClient getResponse
INFO: [GeminiClient] Acquired semaphore. Active calls: 80
May 06, 2026 2:30:09 PM arch.GeminiClient getResponse
INFO: [GeminiClient] Acquired semaphore. Active calls: 79
May 06, 2026 2:30:09 PM arch.GeminiClient getResponse
INFO: [GeminiClient] Waiting for semaphore. In queue: 19 | Active calls: 80 | Available permits: 0
May 06, 2026 2:30:09 PM arch.GeminiClient getResponse
INFO: [GeminiClient] Waiting for semaphore. In queue: 20 | Active calls: 80 | Available permits: 0
May 06, 2026 2:30:09 PM arch.GeminiClient getResponse
WARNING: [GeminiClient] TIMEOUT. Active: 79
May 06, 2026 2:30:09 PM arch.GeminiClient getResponse
INFO: [GeminiClient] Acquired semaphore. Active calls: 80
May 06, 2026 2:30:09 PM arch.GeminiClient getResponse
INFO: [GeminiClient] Waiting for semaphore. In queue: 21 | Active calls: 79 | Available permits: 1
May 06, 2026 2:30:09 PM arch.GeminiClient getResponse
INFO: [GeminiClient] Got response. Active calls: 79
May 06, 2026 2:30:09 PM arch.GeminiClient getResponse
INFO: [GeminiClient] Acquired semaphore. Active calls: 80
May 06, 2026 2:30:09 PM arch.GeminiClient getResponse
INFO: [GeminiClient] Got response. Active calls: 79
May 06, 2026 2:30:09 PM arch.GeminiClient getResponse
INFO: [GeminiClient] Got response. Active calls: 78
May 06, 2026 2:30:09 PM arch.GeminiClient getResponse
INFO: [GeminiClient] Acquired semaphore. Active calls: 80
May 06, 2026 2:30:09 PM arch.GeminiClient getResponse
INFO: [GeminiClient] Acquired semaphore. Active calls: 79
May 06, 2026 2:30:09 PM arch.GeminiClient getResponse
INFO: [GeminiClient] Waiting for semaphore. In queue: 18 | Active calls: 80 | Available permits: 0
May 06, 2026 2:30:09 PM arch.GeminiClient getResponse
INFO: [GeminiClient] Got response. Active calls: 79
May 06, 2026 2:30:09 PM arch.GeminiClient getResponse
INFO: [GeminiClient] Acquired semaphore. Active calls: 80
May 06, 2026 2:30:09 PM arch.GeminiClient getResponse
INFO: [GeminiClient] Waiting for semaphore. In queue: 18 | Active calls: 80 | Available permits: 0
May 06, 2026 2:30:09 PM arch.GeminiClient getResponse
INFO: [GeminiClient] Waiting for semaphore. In queue: 19 | Active calls: 80 | Available permits: 0
May 06, 2026 2:30:09 PM arch.GeminiClient getResponse
INFO: [GeminiClient] Waiting for semaphore. In queue: 20 | Active calls: 80 | Available permits: 0
May 06, 2026 2:30:09 PM arch.GeminiClient getResponse
WARNING: [GeminiClient] TIMEOUT. Active: 79
May 06, 2026 2:30:09 PM arch.GeminiClient getResponse
INFO: [GeminiClient] Waiting for semaphore. In queue: 21 | Active calls: 79 | Available permits: 1
May 06, 2026 2:30:09 PM arch.GeminiClient getResponse
INFO: [GeminiClient] Acquired semaphore. Active calls: 80
May 06, 2026 2:30:10 PM arch.GeminiClient getResponse
INFO: [GeminiClient] Got response. Active calls: 79
May 06, 2026 2:30:10 PM arch.GeminiClient getResponse
INFO: [GeminiClient] Acquired semaphore. Active calls: 80
May 06, 2026 2:30:10 PM arch.GeminiClient getResponse
INFO: [GeminiClient] Got response. Active calls: 79
May 06, 2026 2:30:10 PM arch.GeminiClient getResponse
INFO: [GeminiClient] Acquired semaphore. Active calls: 80
May 06, 2026 2:30:10 PM arch.GeminiClient getResponse
INFO: [GeminiClient] Waiting for semaphore. In queue: 19 | Active calls: 80 | Available permits: 0
May 06, 2026 2:30:10 PM arch.GeminiClient getResponse
INFO: [GeminiClient] Waiting for semaphore. In queue: 20 | Active calls: 80 | Available permits: 0
May 06, 2026 2:30:10 PM arch.GeminiClient getResponse
INFO: [GeminiClient] Got response. Active calls: 79
May 06, 2026 2:30:10 PM arch.GeminiClient getResponse
INFO: [GeminiClient] Acquired semaphore. Active calls: 80
May 06, 2026 2:30:10 PM arch.GeminiClient getResponse
INFO: [GeminiClient] Waiting for semaphore. In queue: 20 | Active calls: 80 | Available permits: 0
May 06, 2026 2:30:10 PM arch.GeminiClient getResponse
INFO: [GeminiClient] Waiting for semaphore. In queue: 21 | Active calls: 80 | Available permits: 0
May 06, 2026 2:30:10 PM arch.GeminiClient getResponse
INFO: [GeminiClient] Got response. Active calls: 79
May 06, 2026 2:30:10 PM arch.GeminiClient getResponse
INFO: [GeminiClient] Acquired semaphore. Active calls: 80
May 06, 2026 2:30:10 PM arch.GeminiClient getResponse
INFO: [GeminiClient] Waiting for semaphore. In queue: 21 | Active calls: 80 | Available permits: 0
May 06, 2026 2:30:10 PM arch.GeminiClient getResponse
INFO: [GeminiClient] Got response. Active calls: 79
May 06, 2026 2:30:10 PM arch.GeminiClient getResponse
INFO: [GeminiClient] Acquired semaphore. Active calls: 80
May 06, 2026 2:30:10 PM arch.GeminiClient getResponse
INFO: [GeminiClient] Waiting for semaphore. In queue: 21 | Active calls: 80 | Available permits: 0
May 06, 2026 2:30:10 PM arch.GeminiClient getResponse
INFO: [GeminiClient] Got response. Active calls: 79
May 06, 2026 2:30:10 PM arch.GeminiClient getResponse
INFO: [GeminiClient] Got response. Active calls: 78
May 06, 2026 2:30:10 PM arch.GeminiClient getResponse
INFO: [GeminiClient] Acquired semaphore. Active calls: 79
May 06, 2026 2:30:10 PM arch.GeminiClient getResponse
INFO: [GeminiClient] Acquired semaphore. Active calls: 80
May 06, 2026 2:30:10 PM arch.GeminiClient getResponse
INFO: [GeminiClient] Waiting for semaphore. In queue: 20 | Active calls: 80 | Available permits: 0
May 06, 2026 2:30:10 PM arch.GeminiClient getResponse
INFO: [GeminiClient] Waiting for semaphore. In queue: 21 | Active calls: 80 | Available permits: 0
May 06, 2026 2:30:10 PM arch.GeminiClient getResponse
INFO: [GeminiClient] Got response. Active calls: 79
May 06, 2026 2:30:10 PM arch.GeminiClient getResponse
INFO: [GeminiClient] Acquired semaphore. Active calls: 80
May 06, 2026 2:30:10 PM arch.GeminiClient getResponse
INFO: [GeminiClient] Got response. Active calls: 79
May 06, 2026 2:30:10 PM arch.GeminiClient getResponse
INFO: [GeminiClient] Acquired semaphore. Active calls: 80
May 06, 2026 2:30:10 PM arch.GeminiClient getResponse
INFO: [GeminiClient] Waiting for semaphore. In queue: 20 | Active calls: 80 | Available permits: 0
May 06, 2026 2:30:10 PM arch.GeminiClient getResponse
INFO: [GeminiClient] Got response. Active calls: 79
May 06, 2026 2:30:10 PM arch.GeminiClient getResponse
INFO: [GeminiClient] Acquired semaphore. Active calls: 80
May 06, 2026 2:30:10 PM arch.GeminiClient getResponse
INFO: [GeminiClient] Waiting for semaphore. In queue: 20 | Active calls: 80 | Available permits: 0
May 06, 2026 2:30:10 PM arch.GeminiClient getResponse
INFO: [GeminiClient] Got response. Active calls: 79
May 06, 2026 2:30:10 PM arch.GeminiClient getResponse
INFO: [GeminiClient] Acquired semaphore. Active calls: 80
May 06, 2026 2:30:10 PM arch.GeminiClient getResponse
INFO: [GeminiClient] Waiting for semaphore. In queue: 20 | Active calls: 80 | Available permits: 0
May 06, 2026 2:30:10 PM arch.GeminiClient getResponse
INFO: [GeminiClient] Got response. Active calls: 79
May 06, 2026 2:30:10 PM arch.GeminiClient getResponse
INFO: [GeminiClient] Acquired semaphore. Active calls: 80
May 06, 2026 2:30:10 PM arch.GeminiClient getResponse
INFO: [GeminiClient] Got response. Active calls: 79
May 06, 2026 2:30:10 PM arch.GeminiClient getResponse
INFO: [GeminiClient] Got response. Active calls: 78
May 06, 2026 2:30:10 PM arch.GeminiClient getResponse
INFO: [GeminiClient] Acquired semaphore. Active calls: 80
May 06, 2026 2:30:10 PM arch.GeminiClient getResponse
INFO: [GeminiClient] Acquired semaphore. Active calls: 79
May 06, 2026 2:30:10 PM arch.GeminiClient getResponse
INFO: [GeminiClient] Waiting for semaphore. In queue: 18 | Active calls: 80 | Available permits: 0
May 06, 2026 2:30:10 PM arch.GeminiClient getResponse
INFO: [GeminiClient] Waiting for semaphore. In queue: 19 | Active calls: 80 | Available permits: 0
May 06, 2026 2:30:10 PM arch.GeminiClient getResponse
INFO: [GeminiClient] Got response. Active calls: 79
May 06, 2026 2:30:10 PM arch.GeminiClient getResponse
INFO: [GeminiClient] Acquired semaphore. Active calls: 80
May 06, 2026 2:30:10 PM arch.GeminiClient getResponse
INFO: [GeminiClient] Waiting for semaphore. In queue: 19 | Active calls: 80 | Available permits: 0
May 06, 2026 2:30:10 PM arch.GeminiClient getResponse
INFO: [GeminiClient] Waiting for semaphore. In queue: 20 | Active calls: 80 | Available permits: 0
May 06, 2026 2:30:10 PM arch.GeminiClient getResponse
INFO: [GeminiClient] Got response. Active calls: 79
May 06, 2026 2:30:10 PM arch.GeminiClient getResponse
INFO: [GeminiClient] Acquired semaphore. Active calls: 80
May 06, 2026 2:30:10 PM arch.GeminiClient getResponse
INFO: [GeminiClient] Waiting for semaphore. In queue: 20 | Active calls: 80 | Available permits: 0
May 06, 2026 2:30:10 PM arch.GeminiClient getResponse
INFO: [GeminiClient] Got response. Active calls: 79
May 06, 2026 2:30:10 PM arch.GeminiClient getResponse
INFO: [GeminiClient] Acquired semaphore. Active calls: 80
May 06, 2026 2:30:10 PM arch.GeminiClient getResponse
INFO: [GeminiClient] Waiting for semaphore. In queue: 20 | Active calls: 80 | Available permits: 0
May 06, 2026 2:30:10 PM arch.GeminiClient getResponse
INFO: [GeminiClient] Got response. Active calls: 79
May 06, 2026 2:30:10 PM arch.GeminiClient getResponse
INFO: [GeminiClient] Acquired semaphore. Active calls: 80
May 06, 2026 2:30:10 PM arch.GeminiClient getResponse
INFO: [GeminiClient] Got response. Active calls: 79
May 06, 2026 2:30:10 PM arch.GeminiClient getResponse
INFO: [GeminiClient] Acquired semaphore. Active calls: 80
May 06, 2026 2:30:10 PM arch.GeminiClient getResponse
INFO: [GeminiClient] Got response. Active calls: 79
May 06, 2026 2:30:10 PM arch.GeminiClient getResponse
INFO: [GeminiClient] Acquired semaphore. Active calls: 80
May 06, 2026 2:30:11 PM arch.GeminiClient getResponse
INFO: [GeminiClient] Waiting for semaphore. In queue: 18 | Active calls: 80 | Available permits: 0
May 06, 2026 2:30:11 PM arch.GeminiClient getResponse
INFO: [GeminiClient] Waiting for semaphore. In queue: 19 | Active calls: 80 | Available permits: 0
May 06, 2026 2:30:11 PM arch.GeminiClient getResponse
INFO: [GeminiClient] Got response. Active calls: 79
May 06, 2026 2:30:11 PM arch.GeminiClient getResponse
INFO: [GeminiClient] Acquired semaphore. Active calls: 79
May 06, 2026 2:30:11 PM arch.GeminiClient getResponse
INFO: [GeminiClient] Got response. Active calls: 78
May 06, 2026 2:30:11 PM arch.GeminiClient getResponse
INFO: [GeminiClient] Acquired semaphore. Active calls: 80
May 06, 2026 2:30:11 PM arch.GeminiClient getResponse
INFO: [GeminiClient] Waiting for semaphore. In queue: 18 | Active calls: 80 | Available permits: 0
May 06, 2026 2:30:11 PM arch.GeminiClient getResponse
INFO: [GeminiClient] Got response. Active calls: 79
May 06, 2026 2:30:11 PM arch.GeminiClient getResponse
INFO: [GeminiClient] Acquired semaphore. Active calls: 80
May 06, 2026 2:30:11 PM arch.GeminiClient getResponse
INFO: [GeminiClient] Waiting for semaphore. In queue: 18 | Active calls: 80 | Available permits: 0
May 06, 2026 2:30:11 PM arch.GeminiClient getResponse
INFO: [GeminiClient] Waiting for semaphore. In queue: 19 | Active calls: 80 | Available permits: 0
May 06, 2026 2:30:11 PM arch.GeminiClient getResponse
INFO: [GeminiClient] Got response. Active calls: 79
May 06, 2026 2:30:11 PM arch.GeminiClient getResponse
INFO: [GeminiClient] Acquired semaphore. Active calls: 80
May 06, 2026 2:30:11 PM arch.GeminiClient getResponse
INFO: [GeminiClient] Got response. Active calls: 79
May 06, 2026 2:30:11 PM arch.GeminiClient getResponse
INFO: [GeminiClient] Got response. Active calls: 78
May 06, 2026 2:30:11 PM arch.GeminiClient getResponse
INFO: [GeminiClient] Acquired semaphore. Active calls: 80
May 06, 2026 2:30:11 PM arch.GeminiClient getResponse
INFO: [GeminiClient] Acquired semaphore. Active calls: 79
May 06, 2026 2:30:11 PM arch.GeminiClient getResponse
INFO: [GeminiClient] Waiting for semaphore. In queue: 17 | Active calls: 80 | Available permits: 0
May 06, 2026 2:30:11 PM arch.GeminiClient getResponse
INFO: [GeminiClient] Waiting for semaphore. In queue: 18 | Active calls: 80 | Available permits: 0
May 06, 2026 2:30:11 PM arch.GeminiClient getResponse
INFO: [GeminiClient] Waiting for semaphore. In queue: 19 | Active calls: 80 | Available permits: 0
May 06, 2026 2:30:11 PM arch.GeminiClient getResponse
INFO: [GeminiClient] Got response. Active calls: 79
May 06, 2026 2:30:11 PM arch.GeminiClient getResponse
INFO: [GeminiClient] Acquired semaphore. Active calls: 80
May 06, 2026 2:30:11 PM arch.GeminiClient getResponse
INFO: [GeminiClient] Waiting for semaphore. In queue: 19 | Active calls: 80 | Available permits: 0
May 06, 2026 2:30:11 PM arch.GeminiClient getResponse
INFO: [GeminiClient] Got response. Active calls: 79
May 06, 2026 2:30:11 PM arch.GeminiClient getResponse
INFO: [GeminiClient] Acquired semaphore. Active calls: 80
May 06, 2026 2:30:11 PM arch.GeminiClient getResponse
INFO: [GeminiClient] Waiting for semaphore. In queue: 19 | Active calls: 80 | Available permits: 0
May 06, 2026 2:30:11 PM arch.GeminiClient getResponse
INFO: [GeminiClient] Waiting for semaphore. In queue: 20 | Active calls: 80 | Available permits: 0
May 06, 2026 2:30:11 PM arch.GeminiClient getResponse
INFO: [GeminiClient] Waiting for semaphore. In queue: 21 | Active calls: 80 | Available permits: 0
May 06, 2026 2:30:11 PM arch.GeminiClient getResponse
INFO: [GeminiClient] Waiting for semaphore. In queue: 22 | Active calls: 80 | Available permits: 0
May 06, 2026 2:30:11 PM arch.GeminiClient getResponse
INFO: [GeminiClient] Got response. Active calls: 79
May 06, 2026 2:30:11 PM arch.GeminiClient getResponse
INFO: [GeminiClient] Acquired semaphore. Active calls: 80
May 06, 2026 2:30:11 PM arch.GeminiClient getResponse
INFO: [GeminiClient] Got response. Active calls: 79
May 06, 2026 2:30:11 PM arch.GeminiClient getResponse
INFO: [GeminiClient] Acquired semaphore. Active calls: 80
May 06, 2026 2:30:11 PM arch.GeminiClient getResponse
INFO: [GeminiClient] Got response. Active calls: 79
May 06, 2026 2:30:11 PM arch.GeminiClient getResponse
INFO: [GeminiClient] Acquired semaphore. Active calls: 80
May 06, 2026 2:30:11 PM arch.GeminiClient getResponse
INFO: [GeminiClient] Waiting for semaphore. In queue: 20 | Active calls: 80 | Available permits: 0
May 06, 2026 2:30:11 PM arch.GeminiClient getResponse
INFO: [GeminiClient] Waiting for semaphore. In queue: 21 | Active calls: 80 | Available permits: 0
May 06, 2026 2:30:11 PM arch.GeminiClient getResponse
INFO: [GeminiClient] Got response. Active calls: 79
May 06, 2026 2:30:11 PM arch.GeminiClient getResponse
INFO: [GeminiClient] Acquired semaphore. Active calls: 80
May 06, 2026 2:30:11 PM arch.GeminiClient getResponse
INFO: [GeminiClient] Waiting for semaphore. In queue: 21 | Active calls: 80 | Available permits: 0
May 06, 2026 2:30:11 PM arch.GeminiClient getResponse
INFO: [GeminiClient] Waiting for semaphore. In queue: 22 | Active calls: 80 | Available permits: 0
May 06, 2026 2:30:11 PM arch.GeminiClient getResponse
INFO: [GeminiClient] Waiting for semaphore. In queue: 23 | Active calls: 80 | Available permits: 0
May 06, 2026 2:30:11 PM arch.GeminiClient getResponse
INFO: [GeminiClient] Got response. Active calls: 79
May 06, 2026 2:30:11 PM arch.GeminiClient getResponse
INFO: [GeminiClient] Got response. Active calls: 78
May 06, 2026 2:30:11 PM arch.GeminiClient getResponse
INFO: [GeminiClient] Acquired semaphore. Active calls: 79
May 06, 2026 2:30:11 PM arch.GeminiClient getResponse
INFO: [GeminiClient] Acquired semaphore. Active calls: 80
May 06, 2026 2:30:11 PM arch.GeminiClient getResponse
INFO: [GeminiClient] Waiting for semaphore. In queue: 22 | Active calls: 80 | Available permits: 0
May 06, 2026 2:30:11 PM arch.GeminiClient getResponse
INFO: [GeminiClient] Waiting for semaphore. In queue: 23 | Active calls: 80 | Available permits: 0
May 06, 2026 2:30:11 PM arch.GeminiClient getResponse
INFO: [GeminiClient] Got response. Active calls: 79
May 06, 2026 2:30:11 PM arch.GeminiClient getResponse
INFO: [GeminiClient] Acquired semaphore. Active calls: 80
May 06, 2026 2:30:11 PM arch.GeminiClient getResponse
INFO: [GeminiClient] Waiting for semaphore. In queue: 23 | Active calls: 80 | Available permits: 0
May 06, 2026 2:30:11 PM arch.GeminiClient getResponse
INFO: [GeminiClient] Got response. Active calls: 79
May 06, 2026 2:30:11 PM arch.GeminiClient getResponse
INFO: [GeminiClient] Acquired semaphore. Active calls: 80
May 06, 2026 2:30:11 PM arch.GeminiClient getResponse
INFO: [GeminiClient] Waiting for semaphore. In queue: 23 | Active calls: 80 | Available permits: 0
May 06, 2026 2:30:11 PM arch.GeminiClient getResponse
INFO: [GeminiClient] Got response. Active calls: 79
May 06, 2026 2:30:11 PM arch.GeminiClient getResponse
INFO: [GeminiClient] Acquired semaphore. Active calls: 80
May 06, 2026 2:30:11 PM arch.GeminiClient getResponse
INFO: [GeminiClient] Waiting for semaphore. In queue: 23 | Active calls: 80 | Available permits: 0
May 06, 2026 2:30:11 PM arch.GeminiClient getResponse
INFO: [GeminiClient] Got response. Active calls: 79
May 06, 2026 2:30:11 PM arch.GeminiClient getResponse
INFO: [GeminiClient] Acquired semaphore. Active calls: 80
May 06, 2026 2:30:11 PM arch.GeminiClient getResponse
INFO: [GeminiClient] Got response. Active calls: 79
May 06, 2026 2:30:11 PM arch.GeminiClient getResponse
INFO: [GeminiClient] Acquired semaphore. Active calls: 80
May 06, 2026 2:30:11 PM arch.GeminiClient getResponse
INFO: [GeminiClient] Got response. Active calls: 79
May 06, 2026 2:30:11 PM arch.GeminiClient getResponse
INFO: [GeminiClient] Acquired semaphore. Active calls: 80
May 06, 2026 2:30:11 PM arch.GeminiClient getResponse
INFO: [GeminiClient] Waiting for semaphore. In queue: 21 | Active calls: 80 | Available permits: 0
May 06, 2026 2:30:11 PM arch.GeminiClient getResponse
INFO: [GeminiClient] Waiting for semaphore. In queue: 22 | Active calls: 80 | Available permits: 0
May 06, 2026 2:30:12 PM arch.GeminiClient getResponse
INFO: [GeminiClient] Waiting for semaphore. In queue: 23 | Active calls: 80 | Available permits: 0
May 06, 2026 2:30:12 PM arch.GeminiClient getResponse
INFO: [GeminiClient] Got response. Active calls: 79
May 06, 2026 2:30:12 PM arch.GeminiClient getResponse
INFO: [GeminiClient] Acquired semaphore. Active calls: 80
May 06, 2026 2:30:12 PM arch.GeminiClient getResponse
INFO: [GeminiClient] Got response. Active calls: 79
May 06, 2026 2:30:12 PM arch.GeminiClient getResponse
INFO: [GeminiClient] Acquired semaphore. Active calls: 80
May 06, 2026 2:30:12 PM arch.GeminiClient getResponse
INFO: [GeminiClient] Waiting for semaphore. In queue: 22 | Active calls: 80 | Available permits: 0
May 06, 2026 2:30:12 PM arch.GeminiClient getResponse
INFO: [GeminiClient] Waiting for semaphore. In queue: 23 | Active calls: 80 | Available permits: 0
May 06, 2026 2:30:12 PM arch.GeminiClient getResponse
INFO: [GeminiClient] Got response. Active calls: 79
May 06, 2026 2:30:12 PM arch.GeminiClient getResponse
INFO: [GeminiClient] Acquired semaphore. Active calls: 80
May 06, 2026 2:30:12 PM arch.GeminiClient getResponse
INFO: [GeminiClient] Waiting for semaphore. In queue: 23 | Active calls: 80 | Available permits: 0
May 06, 2026 2:30:12 PM arch.GeminiClient getResponse
INFO: [GeminiClient] Got response. Active calls: 79
May 06, 2026 2:30:12 PM arch.GeminiClient getResponse
INFO: [GeminiClient] Acquired semaphore. Active calls: 80
May 06, 2026 2:30:12 PM arch.GeminiClient getResponse
INFO: [GeminiClient] Got response. Active calls: 79
May 06, 2026 2:30:12 PM arch.GeminiClient getResponse
INFO: [GeminiClient] Acquired semaphore. Active calls: 80
May 06, 2026 2:30:12 PM arch.GeminiClient getResponse
INFO: [GeminiClient] Waiting for semaphore. In queue: 22 | Active calls: 80 | Available permits: 0
May 06, 2026 2:30:12 PM arch.GeminiClient getResponse
INFO: [GeminiClient] Waiting for semaphore. In queue: 23 | Active calls: 80 | Available permits: 0
May 06, 2026 2:30:12 PM arch.GeminiClient getResponse
INFO: [GeminiClient] Got response. Active calls: 79
May 06, 2026 2:30:12 PM arch.GeminiClient getResponse
INFO: [GeminiClient] Acquired semaphore. Active calls: 80
May 06, 2026 2:30:12 PM arch.GeminiClient getResponse
INFO: [GeminiClient] Waiting for semaphore. In queue: 23 | Active calls: 80 | Available permits: 0
May 06, 2026 2:30:12 PM arch.GeminiClient getResponse
INFO: [GeminiClient] Got response. Active calls: 79
May 06, 2026 2:30:12 PM arch.GeminiClient getResponse
INFO: [GeminiClient] Acquired semaphore. Active calls: 80
May 06, 2026 2:30:12 PM arch.GeminiClient getResponse
INFO: [GeminiClient] Waiting for semaphore. In queue: 23 | Active calls: 80 | Available permits: 0
May 06, 2026 2:30:12 PM arch.GeminiClient getResponse
INFO: [GeminiClient] Got response. Active calls: 79
May 06, 2026 2:30:12 PM arch.GeminiClient getResponse
INFO: [GeminiClient] Acquired semaphore. Active calls: 80
May 06, 2026 2:30:12 PM arch.GeminiClient getResponse
INFO: [GeminiClient] Waiting for semaphore. In queue: 23 | Active calls: 80 | Available permits: 0
May 06, 2026 2:30:12 PM arch.GeminiClient getResponse
INFO: [GeminiClient] Got response. Active calls: 79
May 06, 2026 2:30:12 PM arch.GeminiClient getResponse
INFO: [GeminiClient] Acquired semaphore. Active calls: 80
May 06, 2026 2:30:12 PM arch.GeminiClient getResponse
INFO: [GeminiClient] Got response. Active calls: 79
May 06, 2026 2:30:12 PM arch.GeminiClient getResponse
INFO: [GeminiClient] Acquired semaphore. Active calls: 80
May 06, 2026 2:30:13 PM arch.GeminiClient getResponse
INFO: [GeminiClient] Waiting for semaphore. In queue: 22 | Active calls: 80 | Available permits: 0
May 06, 2026 2:30:13 PM arch.GeminiClient getResponse
INFO: [GeminiClient] Got response. Active calls: 79
May 06, 2026 2:30:13 PM arch.GeminiClient getResponse
INFO: [GeminiClient] Got response. Active calls: 78
May 06, 2026 2:30:13 PM arch.GeminiClient getResponse
INFO: [GeminiClient] Acquired semaphore. Active calls: 79
May 06, 2026 2:30:13 PM arch.GeminiClient getResponse
INFO: [GeminiClient] Acquired semaphore. Active calls: 80
May 06, 2026 2:30:13 PM arch.GeminiClient getResponse
INFO: [GeminiClient] Got response. Active calls: 79
May 06, 2026 2:30:13 PM arch.GeminiClient getResponse
INFO: [GeminiClient] Acquired semaphore. Active calls: 80
May 06, 2026 2:30:13 PM arch.GeminiClient getResponse
INFO: [GeminiClient] Waiting for semaphore. In queue: 20 | Active calls: 80 | Available permits: 0
May 06, 2026 2:30:13 PM arch.GeminiClient getResponse
INFO: [GeminiClient] Waiting for semaphore. In queue: 21 | Active calls: 80 | Available permits: 0
May 06, 2026 2:30:13 PM arch.GeminiClient getResponse
INFO: [GeminiClient] Waiting for semaphore. In queue: 22 | Active calls: 80 | Available permits: 0
May 06, 2026 2:30:13 PM arch.GeminiClient getResponse
INFO: [GeminiClient] Got response. Active calls: 79
May 06, 2026 2:30:13 PM arch.GeminiClient getResponse
INFO: [GeminiClient] Acquired semaphore. Active calls: 80
May 06, 2026 2:30:13 PM arch.GeminiClient getResponse
INFO: [GeminiClient] Waiting for semaphore. In queue: 22 | Active calls: 80 | Available permits: 0
May 06, 2026 2:30:13 PM arch.GeminiClient getResponse
INFO: [GeminiClient] Waiting for semaphore. In queue: 23 | Active calls: 80 | Available permits: 0
May 06, 2026 2:30:13 PM arch.GeminiClient getResponse
INFO: [GeminiClient] Got response. Active calls: 79
May 06, 2026 2:30:13 PM arch.GeminiClient getResponse
INFO: [GeminiClient] Acquired semaphore. Active calls: 80
May 06, 2026 2:30:13 PM arch.GeminiClient getResponse
INFO: [GeminiClient] Got response. Active calls: 79
May 06, 2026 2:30:13 PM arch.GeminiClient getResponse
INFO: [GeminiClient] Acquired semaphore. Active calls: 80
May 06, 2026 2:30:13 PM arch.GeminiClient getResponse
INFO: [GeminiClient] Waiting for semaphore. In queue: 22 | Active calls: 80 | Available permits: 0
May 06, 2026 2:30:13 PM arch.GeminiClient getResponse
INFO: [GeminiClient] Waiting for semaphore. In queue: 23 | Active calls: 80 | Available permits: 0
May 06, 2026 2:30:13 PM arch.GeminiClient getResponse
INFO: [GeminiClient] Got response. Active calls: 79
May 06, 2026 2:30:13 PM arch.GeminiClient getResponse
INFO: [GeminiClient] Acquired semaphore. Active calls: 80
May 06, 2026 2:30:13 PM arch.GeminiClient getResponse
INFO: [GeminiClient] Got response. Active calls: 79
May 06, 2026 2:30:13 PM arch.GeminiClient getResponse
INFO: [GeminiClient] Acquired semaphore. Active calls: 80
May 06, 2026 2:30:13 PM arch.GeminiClient getResponse
INFO: [GeminiClient] Waiting for semaphore. In queue: 22 | Active calls: 80 | Available permits: 0
May 06, 2026 2:30:13 PM arch.GeminiClient getResponse
INFO: [GeminiClient] Waiting for semaphore. In queue: 23 | Active calls: 80 | Available permits: 0
May 06, 2026 2:30:13 PM arch.GeminiClient getResponse
INFO: [GeminiClient] Got response. Active calls: 79
May 06, 2026 2:30:13 PM arch.GeminiClient getResponse
INFO: [GeminiClient] Acquired semaphore. Active calls: 80
May 06, 2026 2:30:13 PM arch.GeminiClient getResponse
INFO: [GeminiClient] Waiting for semaphore. In queue: 23 | Active calls: 80 | Available permits: 0
May 06, 2026 2:30:13 PM arch.GeminiClient getResponse
INFO: [GeminiClient] Got response. Active calls: 79
May 06, 2026 2:30:13 PM arch.GeminiClient getResponse
INFO: [GeminiClient] Acquired semaphore. Active calls: 80
May 06, 2026 2:30:13 PM arch.GeminiClient getResponse
INFO: [GeminiClient] Waiting for semaphore. In queue: 23 | Active calls: 80 | Available permits: 0
May 06, 2026 2:30:13 PM arch.GeminiClient getResponse
INFO: [GeminiClient] Got response. Active calls: 79
May 06, 2026 2:30:13 PM arch.GeminiClient getResponse
INFO: [GeminiClient] Acquired semaphore. Active calls: 80
May 06, 2026 2:30:14 PM arch.GeminiClient getResponse
INFO: [GeminiClient] Got response. Active calls: 79
May 06, 2026 2:30:14 PM arch.GeminiClient getResponse
INFO: [GeminiClient] Got response. Active calls: 78
May 06, 2026 2:30:14 PM arch.GeminiClient getResponse
INFO: [GeminiClient] Acquired semaphore. Active calls: 79
May 06, 2026 2:30:14 PM arch.GeminiClient getResponse
INFO: [GeminiClient] Acquired semaphore. Active calls: 80
May 06, 2026 2:30:14 PM arch.GeminiClient getResponse
INFO: [GeminiClient] Waiting for semaphore. In queue: 21 | Active calls: 80 | Available permits: 0
May 06, 2026 2:30:14 PM arch.GeminiClient getResponse
INFO: [GeminiClient] Waiting for semaphore. In queue: 22 | Active calls: 80 | Available permits: 0
May 06, 2026 2:30:14 PM arch.GeminiClient getResponse
INFO: [GeminiClient] Waiting for semaphore. In queue: 23 | Active calls: 80 | Available permits: 0
May 06, 2026 2:30:14 PM arch.GeminiClient getResponse
INFO: [GeminiClient] Got response. Active calls: 79
May 06, 2026 2:30:14 PM arch.GeminiClient getResponse
INFO: [GeminiClient] Acquired semaphore. Active calls: 80
May 06, 2026 2:30:14 PM arch.GeminiClient getResponse
INFO: [GeminiClient] Waiting for semaphore. In queue: 23 | Active calls: 80 | Available permits: 0
May 06, 2026 2:30:14 PM arch.GeminiClient getResponse
INFO: [GeminiClient] Got response. Active calls: 79
May 06, 2026 2:30:14 PM arch.GeminiClient getResponse
INFO: [GeminiClient] Acquired semaphore. Active calls: 80
May 06, 2026 2:30:14 PM arch.GeminiClient getResponse
INFO: [GeminiClient] Waiting for semaphore. In queue: 23 | Active calls: 80 | Available permits: 0
May 06, 2026 2:30:14 PM arch.GeminiClient getResponse
INFO: [GeminiClient] Got response. Active calls: 79
May 06, 2026 2:30:14 PM arch.GeminiClient getResponse
INFO: [GeminiClient] Acquired semaphore. Active calls: 80
May 06, 2026 2:30:14 PM arch.GeminiClient getResponse
INFO: [GeminiClient] Got response. Active calls: 79
May 06, 2026 2:30:14 PM arch.GeminiClient getResponse
INFO: [GeminiClient] Got response. Active calls: 78
May 06, 2026 2:30:14 PM arch.GeminiClient getResponse
INFO: [GeminiClient] Acquired semaphore. Active calls: 80
May 06, 2026 2:30:14 PM arch.GeminiClient getResponse
INFO: [GeminiClient] Acquired semaphore. Active calls: 79
May 06, 2026 2:30:14 PM arch.GeminiClient getResponse
INFO: [GeminiClient] Waiting for semaphore. In queue: 21 | Active calls: 80 | Available permits: 0
May 06, 2026 2:30:14 PM arch.GeminiClient getResponse
INFO: [GeminiClient] Waiting for semaphore. In queue: 22 | Active calls: 80 | Available permits: 0
May 06, 2026 2:30:14 PM arch.GeminiClient getResponse
INFO: [GeminiClient] Waiting for semaphore. In queue: 23 | Active calls: 80 | Available permits: 0
May 06, 2026 2:30:14 PM arch.GeminiClient getResponse
INFO: [GeminiClient] Got response. Active calls: 79
May 06, 2026 2:30:14 PM arch.GeminiClient getResponse
INFO: [GeminiClient] Acquired semaphore. Active calls: 80
May 06, 2026 2:30:14 PM arch.GeminiClient getResponse
INFO: [GeminiClient] Waiting for semaphore. In queue: 23 | Active calls: 80 | Available permits: 0
May 06, 2026 2:30:15 PM arch.GeminiClient getResponse
INFO: [GeminiClient] Got response. Active calls: 79
May 06, 2026 2:30:15 PM arch.GeminiClient getResponse
INFO: [GeminiClient] Acquired semaphore. Active calls: 80
May 06, 2026 2:30:15 PM arch.GeminiClient getResponse
INFO: [GeminiClient] Waiting for semaphore. In queue: 23 | Active calls: 80 | Available permits: 0
May 06, 2026 2:30:15 PM arch.GeminiClient getResponse
INFO: [GeminiClient] Got response. Active calls: 79
May 06, 2026 2:30:15 PM arch.GeminiClient getResponse
INFO: [GeminiClient] Acquired semaphore. Active calls: 80
May 06, 2026 2:30:15 PM arch.GeminiClient getResponse
INFO: [GeminiClient] Waiting for semaphore. In queue: 23 | Active calls: 80 | Available permits: 0
May 06, 2026 2:30:15 PM arch.GeminiClient getResponse
INFO: [GeminiClient] Got response. Active calls: 79
May 06, 2026 2:30:15 PM arch.GeminiClient getResponse
INFO: [GeminiClient] Acquired semaphore. Active calls: 80
May 06, 2026 2:30:15 PM arch.GeminiClient getResponse
INFO: [GeminiClient] Waiting for semaphore. In queue: 23 | Active calls: 80 | Available permits: 0
May 06, 2026 2:30:15 PM arch.GeminiClient getResponse
INFO: [GeminiClient] Got response. Active calls: 79
May 06, 2026 2:30:15 PM arch.GeminiClient getResponse
INFO: [GeminiClient] Acquired semaphore. Active calls: 80
May 06, 2026 2:30:15 PM arch.GeminiClient getResponse
INFO: [GeminiClient] Waiting for semaphore. In queue: 23 | Active calls: 80 | Available permits: 0
May 06, 2026 2:30:15 PM arch.GeminiClient getResponse
INFO: [GeminiClient] Got response. Active calls: 79
May 06, 2026 2:30:15 PM arch.GeminiClient getResponse
INFO: [GeminiClient] Acquired semaphore. Active calls: 80
May 06, 2026 2:30:15 PM arch.GeminiClient getResponse
INFO: [GeminiClient] Waiting for semaphore. In queue: 23 | Active calls: 80 | Available permits: 0
May 06, 2026 2:30:16 PM arch.GeminiClient getResponse
INFO: [GeminiClient] Got response. Active calls: 79
May 06, 2026 2:30:16 PM arch.GeminiClient getResponse
INFO: [GeminiClient] Acquired semaphore. Active calls: 80
May 06, 2026 2:30:16 PM arch.GeminiClient getResponse
INFO: [GeminiClient] Waiting for semaphore. In queue: 23 | Active calls: 80 | Available permits: 0
May 06, 2026 2:30:16 PM arch.GeminiClient getResponse
INFO: [GeminiClient] Got response. Active calls: 79
May 06, 2026 2:30:16 PM arch.GeminiClient getResponse
INFO: [GeminiClient] Got response. Active calls: 78
May 06, 2026 2:30:16 PM arch.GeminiClient getResponse
INFO: [GeminiClient] Acquired semaphore. Active calls: 80
May 06, 2026 2:30:16 PM arch.GeminiClient getResponse
INFO: [GeminiClient] Acquired semaphore. Active calls: 79
May 06, 2026 2:30:16 PM arch.GeminiClient getResponse
INFO: [GeminiClient] Got response. Active calls: 79
May 06, 2026 2:30:16 PM arch.GeminiClient getResponse
INFO: [GeminiClient] Acquired semaphore. Active calls: 80
May 06, 2026 2:30:16 PM arch.GeminiClient getResponse
INFO: [GeminiClient] Waiting for semaphore. In queue: 21 | Active calls: 80 | Available permits: 0
May 06, 2026 2:30:16 PM arch.GeminiClient getResponse
INFO: [GeminiClient] Waiting for semaphore. In queue: 22 | Active calls: 80 | Available permits: 0
May 06, 2026 2:30:16 PM arch.GeminiClient getResponse
INFO: [GeminiClient] Waiting for semaphore. In queue: 23 | Active calls: 80 | Available permits: 0
May 06, 2026 2:30:16 PM arch.GeminiClient getResponse
WARNING: [GeminiClient] TIMEOUT. Active: 79
May 06, 2026 2:30:16 PM arch.GeminiClient getResponse
INFO: [GeminiClient] Waiting for semaphore. In queue: 24 | Active calls: 79 | Available permits: 1
May 06, 2026 2:30:16 PM arch.GeminiClient getResponse
INFO: [GeminiClient] Acquired semaphore. Active calls: 80
May 06, 2026 2:30:16 PM arch.GeminiClient getResponse
INFO: [GeminiClient] Got response. Active calls: 79
May 06, 2026 2:30:16 PM arch.GeminiClient getResponse
INFO: [GeminiClient] Acquired semaphore. Active calls: 80
May 06, 2026 2:30:16 PM arch.GeminiClient getResponse
INFO: [GeminiClient] Waiting for semaphore. In queue: 23 | Active calls: 80 | Available permits: 0
May 06, 2026 2:30:16 PM arch.GeminiClient getResponse
WARNING: [GeminiClient] TIMEOUT. Active: 79
May 06, 2026 2:30:16 PM arch.GeminiClient getResponse
INFO: [GeminiClient] Waiting for semaphore. In queue: 24 | Active calls: 79 | Available permits: 1
May 06, 2026 2:30:16 PM arch.GeminiClient getResponse
INFO: [GeminiClient] Acquired semaphore. Active calls: 80
May 06, 2026 2:30:16 PM arch.GeminiClient getResponse
INFO: [GeminiClient] Got response. Active calls: 79
May 06, 2026 2:30:16 PM arch.GeminiClient getResponse
INFO: [GeminiClient] Acquired semaphore. Active calls: 80
May 06, 2026 2:30:16 PM arch.GeminiClient getResponse
INFO: [GeminiClient] Waiting for semaphore. In queue: 23 | Active calls: 80 | Available permits: 0
May 06, 2026 2:30:16 PM arch.GeminiClient getResponse
INFO: [GeminiClient] Got response. Active calls: 79
May 06, 2026 2:30:16 PM arch.GeminiClient getResponse
INFO: [GeminiClient] Acquired semaphore. Active calls: 80
May 06, 2026 2:30:17 PM arch.GeminiClient getResponse
INFO: [GeminiClient] Got response. Active calls: 79
May 06, 2026 2:30:17 PM arch.GeminiClient getResponse
INFO: [GeminiClient] Acquired semaphore. Active calls: 80
May 06, 2026 2:30:17 PM arch.GeminiClient getResponse
INFO: [GeminiClient] Waiting for semaphore. In queue: 22 | Active calls: 80 | Available permits: 0
May 06, 2026 2:30:17 PM arch.GeminiClient getResponse
INFO: [GeminiClient] Waiting for semaphore. In queue: 23 | Active calls: 80 | Available permits: 0
May 06, 2026 2:30:17 PM arch.GeminiClient getResponse
INFO: [GeminiClient] Got response. Active calls: 79
May 06, 2026 2:30:17 PM arch.GeminiClient getResponse
INFO: [GeminiClient] Acquired semaphore. Active calls: 80
May 06, 2026 2:30:17 PM arch.GeminiClient getResponse
INFO: [GeminiClient] Waiting for semaphore. In queue: 23 | Active calls: 80 | Available permits: 0
May 06, 2026 2:30:17 PM arch.GeminiClient getResponse
INFO: [GeminiClient] Got response. Active calls: 79
May 06, 2026 2:30:17 PM arch.GeminiClient getResponse
INFO: [GeminiClient] Acquired semaphore. Active calls: 79
May 06, 2026 2:30:17 PM arch.GeminiClient getResponse
INFO: [GeminiClient] Got response. Active calls: 78
May 06, 2026 2:30:17 PM arch.GeminiClient getResponse
INFO: [GeminiClient] Acquired semaphore. Active calls: 80
May 06, 2026 2:30:17 PM arch.GeminiClient getResponse
INFO: [GeminiClient] Waiting for semaphore. In queue: 22 | Active calls: 80 | Available permits: 0
May 06, 2026 2:30:17 PM arch.GeminiClient getResponse
INFO: [GeminiClient] Waiting for semaphore. In queue: 23 | Active calls: 80 | Available permits: 0
May 06, 2026 2:30:17 PM arch.GeminiClient getResponse
INFO: [GeminiClient] Got response. Active calls: 79
May 06, 2026 2:30:17 PM arch.GeminiClient getResponse
INFO: [GeminiClient] Acquired semaphore. Active calls: 80
May 06, 2026 2:30:17 PM arch.GeminiClient getResponse
INFO: [GeminiClient] Got response. Active calls: 79
May 06, 2026 2:30:17 PM arch.GeminiClient getResponse
INFO: [GeminiClient] Acquired semaphore. Active calls: 80
May 06, 2026 2:30:17 PM arch.GeminiClient getResponse
INFO: [GeminiClient] Waiting for semaphore. In queue: 22 | Active calls: 80 | Available permits: 0
May 06, 2026 2:30:17 PM arch.GeminiClient getResponse
INFO: [GeminiClient] Waiting for semaphore. In queue: 23 | Active calls: 80 | Available permits: 0
May 06, 2026 2:30:17 PM arch.GeminiClient getResponse
INFO: [GeminiClient] Got response. Active calls: 79
May 06, 2026 2:30:17 PM arch.GeminiClient getResponse
INFO: [GeminiClient] Acquired semaphore. Active calls: 80
May 06, 2026 2:30:17 PM arch.GeminiClient getResponse
INFO: [GeminiClient] Waiting for semaphore. In queue: 23 | Active calls: 80 | Available permits: 0
May 06, 2026 2:30:17 PM arch.GeminiClient getResponse
INFO: [GeminiClient] Got response. Active calls: 79
May 06, 2026 2:30:17 PM arch.GeminiClient getResponse
INFO: [GeminiClient] Acquired semaphore. Active calls: 80
May 06, 2026 2:30:17 PM arch.GeminiClient getResponse
INFO: [GeminiClient] Got response. Active calls: 79
May 06, 2026 2:30:17 PM arch.GeminiClient getResponse
INFO: [GeminiClient] Acquired semaphore. Active calls: 80
May 06, 2026 2:30:17 PM arch.GeminiClient getResponse
INFO: [GeminiClient] Waiting for semaphore. In queue: 22 | Active calls: 80 | Available permits: 0
May 06, 2026 2:30:17 PM arch.GeminiClient getResponse
INFO: [GeminiClient] Waiting for semaphore. In queue: 23 | Active calls: 80 | Available permits: 0
May 06, 2026 2:30:18 PM arch.GeminiClient getResponse
INFO: [GeminiClient] Got response. Active calls: 79
May 06, 2026 2:30:18 PM arch.GeminiClient getResponse
INFO: [GeminiClient] Acquired semaphore. Active calls: 80
May 06, 2026 2:30:18 PM arch.GeminiClient getResponse
INFO: [GeminiClient] Got response. Active calls: 79
May 06, 2026 2:30:18 PM arch.GeminiClient getResponse
INFO: [GeminiClient] Got response. Active calls: 78
May 06, 2026 2:30:18 PM arch.GeminiClient getResponse
INFO: [GeminiClient] Acquired semaphore. Active calls: 80
May 06, 2026 2:30:18 PM arch.GeminiClient getResponse
INFO: [GeminiClient] Acquired semaphore. Active calls: 79
May 06, 2026 2:30:18 PM arch.GeminiClient getResponse
INFO: [GeminiClient] Waiting for semaphore. In queue: 21 | Active calls: 80 | Available permits: 0
May 06, 2026 2:30:18 PM arch.GeminiClient getResponse
INFO: [GeminiClient] Waiting for semaphore. In queue: 22 | Active calls: 80 | Available permits: 0
May 06, 2026 2:30:18 PM arch.GeminiClient getResponse
INFO: [GeminiClient] Waiting for semaphore. In queue: 23 | Active calls: 80 | Available permits: 0
May 06, 2026 2:30:18 PM arch.GeminiClient getResponse
INFO: [GeminiClient] Got response. Active calls: 79
May 06, 2026 2:30:18 PM arch.GeminiClient getResponse
INFO: [GeminiClient] Acquired semaphore. Active calls: 80
May 06, 2026 2:30:18 PM arch.GeminiClient getResponse
INFO: [GeminiClient] Got response. Active calls: 79
May 06, 2026 2:30:18 PM arch.GeminiClient getResponse
INFO: [GeminiClient] Acquired semaphore. Active calls: 80
May 06, 2026 2:30:18 PM arch.GeminiClient getResponse
INFO: [GeminiClient] Waiting for semaphore. In queue: 23 | Active calls: 80 | Available permits: 0
May 06, 2026 2:30:18 PM arch.GeminiClient getResponse
INFO: [GeminiClient] Waiting for semaphore. In queue: 23 | Active calls: 80 | Available permits: 0
May 06, 2026 2:30:18 PM arch.GeminiClient getResponse
WARNING: [GeminiClient] TIMEOUT. Active: 79
May 06, 2026 2:30:18 PM arch.GeminiClient getResponse
INFO: [GeminiClient] Acquired semaphore. Active calls: 80
May 06, 2026 2:30:18 PM arch.GeminiClient getResponse
INFO: [GeminiClient] Waiting for semaphore. In queue: 24 | Active calls: 79 | Available permits: 1
May 06, 2026 2:30:18 PM arch.GeminiClient getResponse
INFO: [GeminiClient] Got response. Active calls: 79
May 06, 2026 2:30:18 PM arch.GeminiClient getResponse
INFO: [GeminiClient] Acquired semaphore. Active calls: 80
May 06, 2026 2:30:18 PM arch.GeminiClient getResponse
INFO: [GeminiClient] Waiting for semaphore. In queue: 23 | Active calls: 80 | Available permits: 0
May 06, 2026 2:30:18 PM arch.GeminiClient getResponse
INFO: [GeminiClient] Got response. Active calls: 79
May 06, 2026 2:30:18 PM arch.GeminiClient getResponse
INFO: [GeminiClient] Acquired semaphore. Active calls: 79
May 06, 2026 2:30:18 PM arch.GeminiClient getResponse
INFO: [GeminiClient] Got response. Active calls: 78
May 06, 2026 2:30:18 PM arch.GeminiClient getResponse
INFO: [GeminiClient] Acquired semaphore. Active calls: 80
May 06, 2026 2:30:18 PM arch.GeminiClient getResponse
INFO: [GeminiClient] Waiting for semaphore. In queue: 22 | Active calls: 80 | Available permits: 0
May 06, 2026 2:30:18 PM arch.GeminiClient getResponse
INFO: [GeminiClient] Got response. Active calls: 79
May 06, 2026 2:30:18 PM arch.GeminiClient getResponse
INFO: [GeminiClient] Acquired semaphore. Active calls: 79
May 06, 2026 2:30:18 PM arch.GeminiClient getResponse
INFO: [GeminiClient] Got response. Active calls: 78
May 06, 2026 2:30:18 PM arch.GeminiClient getResponse
INFO: [GeminiClient] Acquired semaphore. Active calls: 80
May 06, 2026 2:30:18 PM arch.GeminiClient getResponse
INFO: [GeminiClient] Waiting for semaphore. In queue: 21 | Active calls: 80 | Available permits: 0
May 06, 2026 2:30:18 PM arch.GeminiClient getResponse
INFO: [GeminiClient] Waiting for semaphore. In queue: 22 | Active calls: 80 | Available permits: 0
May 06, 2026 2:30:18 PM arch.GeminiClient getResponse
INFO: [GeminiClient] Waiting for semaphore. In queue: 23 | Active calls: 80 | Available permits: 0
May 06, 2026 2:30:18 PM arch.GeminiClient getResponse
INFO: [GeminiClient] Got response. Active calls: 79
May 06, 2026 2:30:18 PM arch.GeminiClient getResponse
INFO: [GeminiClient] Acquired semaphore. Active calls: 80
May 06, 2026 2:30:18 PM arch.GeminiClient getResponse
INFO: [GeminiClient] Waiting for semaphore. In queue: 23 | Active calls: 80 | Available permits: 0
May 06, 2026 2:30:18 PM arch.GeminiClient getResponse
INFO: [GeminiClient] Got response. Active calls: 79
May 06, 2026 2:30:18 PM arch.GeminiClient getResponse
INFO: [GeminiClient] Acquired semaphore. Active calls: 80
May 06, 2026 2:30:18 PM arch.GeminiClient getResponse
INFO: [GeminiClient] Waiting for semaphore. In queue: 23 | Active calls: 80 | Available permits: 0
May 06, 2026 2:30:18 PM arch.GeminiClient getResponse
INFO: [GeminiClient] Got response. Active calls: 79
May 06, 2026 2:30:18 PM arch.GeminiClient getResponse
INFO: [GeminiClient] Acquired semaphore. Active calls: 80
May 06, 2026 2:30:18 PM arch.GeminiClient getResponse
INFO: [GeminiClient] Got response. Active calls: 79
May 06, 2026 2:30:18 PM arch.GeminiClient getResponse
INFO: [GeminiClient] Acquired semaphore. Active calls: 80
May 06, 2026 2:30:18 PM arch.GeminiClient getResponse
INFO: [GeminiClient] Waiting for semaphore. In queue: 22 | Active calls: 80 | Available permits: 0
May 06, 2026 2:30:18 PM arch.GeminiClient getResponse
INFO: [GeminiClient] Waiting for semaphore. In queue: 23 | Active calls: 80 | Available permits: 0
May 06, 2026 2:30:18 PM arch.GeminiClient getResponse
INFO: [GeminiClient] Got response. Active calls: 79
May 06, 2026 2:30:18 PM arch.GeminiClient getResponse
INFO: [GeminiClient] Acquired semaphore. Active calls: 80
May 06, 2026 2:30:18 PM arch.GeminiClient getResponse
INFO: [GeminiClient] Waiting for semaphore. In queue: 23 | Active calls: 80 | Available permits: 0
May 06, 2026 2:30:19 PM arch.GeminiClient getResponse
INFO: [GeminiClient] Got response. Active calls: 79
May 06, 2026 2:30:19 PM arch.GeminiClient getResponse
INFO: [GeminiClient] Acquired semaphore. Active calls: 80
May 06, 2026 2:30:19 PM arch.GeminiClient getResponse
INFO: [GeminiClient] Waiting for semaphore. In queue: 23 | Active calls: 80 | Available permits: 0
May 06, 2026 2:30:19 PM arch.GeminiClient getResponse
INFO: [GeminiClient] Got response. Active calls: 79
May 06, 2026 2:30:19 PM arch.GeminiClient getResponse
INFO: [GeminiClient] Acquired semaphore. Active calls: 80
May 06, 2026 2:30:19 PM arch.GeminiClient getResponse
INFO: [GeminiClient] Waiting for semaphore. In queue: 23 | Active calls: 80 | Available permits: 0
May 06, 2026 2:30:19 PM arch.GeminiClient getResponse
INFO: [GeminiClient] Got response. Active calls: 79
May 06, 2026 2:30:19 PM arch.GeminiClient getResponse
INFO: [GeminiClient] Acquired semaphore. Active calls: 80
May 06, 2026 2:30:19 PM arch.GeminiClient getResponse
INFO: [GeminiClient] Waiting for semaphore. In queue: 23 | Active calls: 80 | Available permits: 0
May 06, 2026 2:30:19 PM arch.GeminiClient getResponse
INFO: [GeminiClient] Got response. Active calls: 79
May 06, 2026 2:30:19 PM arch.GeminiClient getResponse
INFO: [GeminiClient] Acquired semaphore. Active calls: 80
May 06, 2026 2:30:19 PM arch.GeminiClient getResponse
INFO: [GeminiClient] Waiting for semaphore. In queue: 23 | Active calls: 80 | Available permits: 0
May 06, 2026 2:30:19 PM arch.GeminiClient getResponse
INFO: [GeminiClient] Got response. Active calls: 79
May 06, 2026 2:30:19 PM arch.GeminiClient getResponse
INFO: [GeminiClient] Acquired semaphore. Active calls: 80
May 06, 2026 2:30:19 PM arch.GeminiClient getResponse
INFO: [GeminiClient] Waiting for semaphore. In queue: 23 | Active calls: 80 | Available permits: 0
May 06, 2026 2:30:20 PM arch.GeminiClient getResponse
INFO: [GeminiClient] Got response. Active calls: 79
May 06, 2026 2:30:20 PM arch.GeminiClient getResponse
INFO: [GeminiClient] Acquired semaphore. Active calls: 80
May 06, 2026 2:30:20 PM arch.GeminiClient getResponse
INFO: [GeminiClient] Waiting for semaphore. In queue: 23 | Active calls: 80 | Available permits: 0
May 06, 2026 2:30:20 PM arch.GeminiClient getResponse
INFO: [GeminiClient] Got response. Active calls: 79
May 06, 2026 2:30:20 PM arch.GeminiClient getResponse
INFO: [GeminiClient] Acquired semaphore. Active calls: 80
May 06, 2026 2:30:20 PM arch.GeminiClient getResponse
INFO: [GeminiClient] Got response. Active calls: 79
May 06, 2026 2:30:20 PM arch.GeminiClient getResponse
INFO: [GeminiClient] Acquired semaphore. Active calls: 80
May 06, 2026 2:30:20 PM arch.GeminiClient getResponse
INFO: [GeminiClient] Waiting for semaphore. In queue: 22 | Active calls: 80 | Available permits: 0
May 06, 2026 2:30:20 PM arch.GeminiClient getResponse
INFO: [GeminiClient] Waiting for semaphore. In queue: 23 | Active calls: 80 | Available permits: 0
May 06, 2026 2:30:20 PM arch.GeminiClient getResponse
INFO: [GeminiClient] Got response. Active calls: 79
May 06, 2026 2:30:20 PM arch.GeminiClient getResponse
INFO: [GeminiClient] Acquired semaphore. Active calls: 80
May 06, 2026 2:30:20 PM arch.GeminiClient getResponse
INFO: [GeminiClient] Waiting for semaphore. In queue: 23 | Active calls: 80 | Available permits: 0
May 06, 2026 2:30:20 PM arch.GeminiClient getResponse
INFO: [GeminiClient] Got response. Active calls: 79
May 06, 2026 2:30:20 PM arch.GeminiClient getResponse
INFO: [GeminiClient] Acquired semaphore. Active calls: 80
May 06, 2026 2:30:20 PM arch.GeminiClient getResponse
INFO: [GeminiClient] Waiting for semaphore. In queue: 23 | Active calls: 80 | Available permits: 0
May 06, 2026 2:30:20 PM arch.GeminiClient getResponse
INFO: [GeminiClient] Got response. Active calls: 79
May 06, 2026 2:30:20 PM arch.GeminiClient getResponse
INFO: [GeminiClient] Acquired semaphore. Active calls: 80
May 06, 2026 2:30:20 PM arch.GeminiClient getResponse
INFO: [GeminiClient] Got response. Active calls: 79
May 06, 2026 2:30:20 PM arch.GeminiClient getResponse
INFO: [GeminiClient] Acquired semaphore. Active calls: 80
May 06, 2026 2:30:20 PM arch.GeminiClient getResponse
INFO: [GeminiClient] Waiting for semaphore. In queue: 22 | Active calls: 80 | Available permits: 0
May 06, 2026 2:30:20 PM arch.GeminiClient getResponse
INFO: [GeminiClient] Got response. Active calls: 79
May 06, 2026 2:30:20 PM arch.GeminiClient getResponse
INFO: [GeminiClient] Acquired semaphore. Active calls: 80
May 06, 2026 2:30:20 PM arch.GeminiClient getResponse
INFO: [GeminiClient] Waiting for semaphore. In queue: 22 | Active calls: 80 | Available permits: 0
May 06, 2026 2:30:20 PM arch.GeminiClient getResponse
INFO: [GeminiClient] Got response. Active calls: 79
May 06, 2026 2:30:20 PM arch.GeminiClient getResponse
INFO: [GeminiClient] Acquired semaphore. Active calls: 80
May 06, 2026 2:30:20 PM arch.GeminiClient getResponse
INFO: [GeminiClient] Waiting for semaphore. In queue: 22 | Active calls: 80 | Available permits: 0
May 06, 2026 2:30:21 PM arch.GeminiClient getResponse
INFO: [GeminiClient] Waiting for semaphore. In queue: 23 | Active calls: 80 | Available permits: 0
May 06, 2026 2:30:21 PM arch.GeminiClient getResponse
WARNING: [GeminiClient] TIMEOUT. Active: 79
May 06, 2026 2:30:21 PM arch.GeminiClient getResponse
INFO: [GeminiClient] Waiting for semaphore. In queue: 24 | Active calls: 79 | Available permits: 1
May 06, 2026 2:30:21 PM arch.GeminiClient getResponse
INFO: [GeminiClient] Acquired semaphore. Active calls: 80
May 06, 2026 2:30:21 PM arch.GeminiClient getResponse
INFO: [GeminiClient] Got response. Active calls: 79
May 06, 2026 2:30:21 PM arch.GeminiClient getResponse
INFO: [GeminiClient] Acquired semaphore. Active calls: 80
May 06, 2026 2:30:21 PM arch.GeminiClient getResponse
INFO: [GeminiClient] Got response. Active calls: 79
May 06, 2026 2:30:21 PM arch.GeminiClient getResponse
INFO: [GeminiClient] Acquired semaphore. Active calls: 80
May 06, 2026 2:30:21 PM arch.GeminiClient getResponse
INFO: [GeminiClient] Waiting for semaphore. In queue: 22 | Active calls: 80 | Available permits: 0
May 06, 2026 2:30:21 PM arch.GeminiClient getResponse
INFO: [GeminiClient] Waiting for semaphore. In queue: 23 | Active calls: 80 | Available permits: 0
May 06, 2026 2:30:21 PM arch.GeminiClient getResponse
INFO: [GeminiClient] Got response. Active calls: 79
May 06, 2026 2:30:21 PM arch.GeminiClient getResponse
INFO: [GeminiClient] Acquired semaphore. Active calls: 80
May 06, 2026 2:30:21 PM arch.GeminiClient getResponse
INFO: [GeminiClient] Got response. Active calls: 79
May 06, 2026 2:30:21 PM arch.GeminiClient getResponse
INFO: [GeminiClient] Acquired semaphore. Active calls: 80
May 06, 2026 2:30:21 PM arch.GeminiClient getResponse
INFO: [GeminiClient] Waiting for semaphore. In queue: 22 | Active calls: 80 | Available permits: 0
May 06, 2026 2:30:21 PM arch.GeminiClient getResponse
INFO: [GeminiClient] Waiting for semaphore. In queue: 23 | Active calls: 80 | Available permits: 0
May 06, 2026 2:30:21 PM arch.GeminiClient getResponse
INFO: [GeminiClient] Got response. Active calls: 79
May 06, 2026 2:30:21 PM arch.GeminiClient getResponse
INFO: [GeminiClient] Acquired semaphore. Active calls: 80
May 06, 2026 2:30:21 PM arch.GeminiClient getResponse
INFO: [GeminiClient] Got response. Active calls: 79
May 06, 2026 2:30:21 PM arch.GeminiClient getResponse
INFO: [GeminiClient] Acquired semaphore. Active calls: 80
May 06, 2026 2:30:21 PM arch.GeminiClient getResponse
INFO: [GeminiClient] Waiting for semaphore. In queue: 22 | Active calls: 80 | Available permits: 0
May 06, 2026 2:30:21 PM arch.GeminiClient getResponse
INFO: [GeminiClient] Got response. Active calls: 79
May 06, 2026 2:30:21 PM arch.GeminiClient getResponse
INFO: [GeminiClient] Acquired semaphore. Active calls: 80
May 06, 2026 2:30:21 PM arch.GeminiClient getResponse
INFO: [GeminiClient] Waiting for semaphore. In queue: 22 | Active calls: 80 | Available permits: 0
May 06, 2026 2:30:21 PM arch.GeminiClient getResponse
INFO: [GeminiClient] Waiting for semaphore. In queue: 23 | Active calls: 80 | Available permits: 0
May 06, 2026 2:30:22 PM arch.GeminiClient getResponse
INFO: [GeminiClient] Got response. Active calls: 79
May 06, 2026 2:30:22 PM arch.GeminiClient getResponse
INFO: [GeminiClient] Acquired semaphore. Active calls: 80
May 06, 2026 2:30:22 PM arch.GeminiClient getResponse
INFO: [GeminiClient] Waiting for semaphore. In queue: 23 | Active calls: 80 | Available permits: 0
May 06, 2026 2:30:22 PM arch.GeminiClient getResponse
INFO: [GeminiClient] Got response. Active calls: 79
May 06, 2026 2:30:22 PM arch.GeminiClient getResponse
INFO: [GeminiClient] Acquired semaphore. Active calls: 80
May 06, 2026 2:30:22 PM arch.GeminiClient getResponse
INFO: [GeminiClient] Waiting for semaphore. In queue: 23 | Active calls: 80 | Available permits: 0
May 06, 2026 2:30:22 PM arch.GeminiClient getResponse
INFO: [GeminiClient] Got response. Active calls: 79
May 06, 2026 2:30:22 PM arch.GeminiClient getResponse
INFO: [GeminiClient] Acquired semaphore. Active calls: 80
May 06, 2026 2:30:22 PM arch.GeminiClient getResponse
INFO: [GeminiClient] Waiting for semaphore. In queue: 23 | Active calls: 80 | Available permits: 0
May 06, 2026 2:30:22 PM arch.GeminiClient getResponse
INFO: [GeminiClient] Got response. Active calls: 79
May 06, 2026 2:30:22 PM arch.GeminiClient getResponse
INFO: [GeminiClient] Acquired semaphore. Active calls: 80
May 06, 2026 2:30:22 PM arch.GeminiClient getResponse
INFO: [GeminiClient] Got response. Active calls: 79
May 06, 2026 2:30:22 PM arch.GeminiClient getResponse
INFO: [GeminiClient] Got response. Active calls: 77
May 06, 2026 2:30:22 PM arch.GeminiClient getResponse
INFO: [GeminiClient] Got response. Active calls: 78
May 06, 2026 2:30:22 PM arch.GeminiClient getResponse
INFO: [GeminiClient] Got response. Active calls: 76
May 06, 2026 2:30:22 PM arch.GeminiClient getResponse
INFO: [GeminiClient] Acquired semaphore. Active calls: 77
May 06, 2026 2:30:22 PM arch.GeminiClient getResponse
INFO: [GeminiClient] Acquired semaphore. Active calls: 78
May 06, 2026 2:30:22 PM arch.GeminiClient getResponse
INFO: [GeminiClient] Acquired semaphore. Active calls: 79
May 06, 2026 2:30:22 PM arch.GeminiClient getResponse
INFO: [GeminiClient] Acquired semaphore. Active calls: 80
May 06, 2026 2:30:22 PM arch.GeminiClient getResponse
INFO: [GeminiClient] Waiting for semaphore. In queue: 19 | Active calls: 80 | Available permits: 0
May 06, 2026 2:30:22 PM arch.GeminiClient getResponse
INFO: [GeminiClient] Waiting for semaphore. In queue: 20 | Active calls: 80 | Available permits: 0
May 06, 2026 2:30:22 PM arch.GeminiClient getResponse
INFO: [GeminiClient] Waiting for semaphore. In queue: 21 | Active calls: 80 | Available permits: 0
May 06, 2026 2:30:22 PM arch.GeminiClient getResponse
INFO: [GeminiClient] Waiting for semaphore. In queue: 22 | Active calls: 80 | Available permits: 0
May 06, 2026 2:30:22 PM arch.GeminiClient getResponse
INFO: [GeminiClient] Waiting for semaphore. In queue: 23 | Active calls: 80 | Available permits: 0
May 06, 2026 2:30:22 PM arch.GeminiClient getResponse
INFO: [GeminiClient] Waiting for semaphore. In queue: 24 | Active calls: 80 | Available permits: 0
May 06, 2026 2:30:22 PM arch.GeminiClient getResponse
INFO: [GeminiClient] Got response. Active calls: 79
May 06, 2026 2:30:22 PM arch.GeminiClient getResponse
INFO: [GeminiClient] Acquired semaphore. Active calls: 80
May 06, 2026 2:30:22 PM arch.GeminiClient getResponse
INFO: [GeminiClient] Waiting for semaphore. In queue: 24 | Active calls: 80 | Available permits: 0
May 06, 2026 2:30:22 PM arch.GeminiClient getResponse
INFO: [GeminiClient] Waiting for semaphore. In queue: 25 | Active calls: 80 | Available permits: 0
May 06, 2026 2:30:22 PM arch.GeminiClient getResponse
INFO: [GeminiClient] Got response. Active calls: 79
May 06, 2026 2:30:22 PM arch.GeminiClient getResponse
INFO: [GeminiClient] Acquired semaphore. Active calls: 80
May 06, 2026 2:30:22 PM arch.GeminiClient getResponse
INFO: [GeminiClient] Waiting for semaphore. In queue: 25 | Active calls: 80 | Available permits: 0
May 06, 2026 2:30:22 PM arch.GeminiClient getResponse
INFO: [GeminiClient] Got response. Active calls: 79
May 06, 2026 2:30:22 PM arch.GeminiClient getResponse
INFO: [GeminiClient] Acquired semaphore. Active calls: 80
May 06, 2026 2:30:22 PM arch.GeminiClient getResponse
INFO: [GeminiClient] Waiting for semaphore. In queue: 25 | Active calls: 80 | Available permits: 0
May 06, 2026 2:30:23 PM arch.GeminiClient getResponse
INFO: [GeminiClient] Got response. Active calls: 79
May 06, 2026 2:30:23 PM arch.GeminiClient getResponse
INFO: [GeminiClient] Acquired semaphore. Active calls: 80
May 06, 2026 2:30:23 PM arch.GeminiClient getResponse
INFO: [GeminiClient] Waiting for semaphore. In queue: 25 | Active calls: 80 | Available permits: 0
May 06, 2026 2:30:23 PM arch.GeminiClient getResponse
INFO: [GeminiClient] Got response. Active calls: 79
May 06, 2026 2:30:23 PM arch.GeminiClient getResponse
INFO: [GeminiClient] Acquired semaphore. Active calls: 80
May 06, 2026 2:30:23 PM arch.GeminiClient getResponse
INFO: [GeminiClient] Waiting for semaphore. In queue: 25 | Active calls: 80 | Available permits: 0
May 06, 2026 2:30:23 PM arch.GeminiClient getResponse
INFO: [GeminiClient] Got response. Active calls: 79
May 06, 2026 2:30:23 PM arch.GeminiClient getResponse
INFO: [GeminiClient] Acquired semaphore. Active calls: 80
May 06, 2026 2:30:23 PM arch.GeminiClient getResponse
INFO: [GeminiClient] Waiting for semaphore. In queue: 25 | Active calls: 80 | Available permits: 0
May 06, 2026 2:30:23 PM arch.GeminiClient getResponse
INFO: [GeminiClient] Got response. Active calls: 79
May 06, 2026 2:30:23 PM arch.GeminiClient getResponse
INFO: [GeminiClient] Acquired semaphore. Active calls: 80
May 06, 2026 2:30:23 PM arch.GeminiClient getResponse
INFO: [GeminiClient] Got response. Active calls: 79
May 06, 2026 2:30:23 PM arch.GeminiClient getResponse
INFO: [GeminiClient] Got response. Active calls: 78
May 06, 2026 2:30:23 PM arch.GeminiClient getResponse
INFO: [GeminiClient] Acquired semaphore. Active calls: 80
May 06, 2026 2:30:23 PM arch.GeminiClient getResponse
INFO: [GeminiClient] Acquired semaphore. Active calls: 79
May 06, 2026 2:30:23 PM arch.GeminiClient getResponse
INFO: [GeminiClient] Waiting for semaphore. In queue: 23 | Active calls: 80 | Available permits: 0
May 06, 2026 2:30:23 PM arch.GeminiClient getResponse
INFO: [GeminiClient] Waiting for semaphore. In queue: 24 | Active calls: 80 | Available permits: 0
May 06, 2026 2:30:23 PM arch.GeminiClient getResponse
INFO: [GeminiClient] Got response. Active calls: 79
May 06, 2026 2:30:23 PM arch.GeminiClient getResponse
INFO: [GeminiClient] Acquired semaphore. Active calls: 80
May 06, 2026 2:30:23 PM arch.GeminiClient getResponse
INFO: [GeminiClient] Waiting for semaphore. In queue: 24 | Active calls: 80 | Available permits: 0
May 06, 2026 2:30:23 PM arch.GeminiClient getResponse
INFO: [GeminiClient] Waiting for semaphore. In queue: 25 | Active calls: 80 | Available permits: 0
May 06, 2026 2:30:23 PM arch.GeminiClient getResponse
WARNING: [GeminiClient] TIMEOUT. Active: 79
May 06, 2026 2:30:23 PM arch.GeminiClient getResponse
INFO: [GeminiClient] Waiting for semaphore. In queue: 26 | Active calls: 79 | Available permits: 1
May 06, 2026 2:30:23 PM arch.GeminiClient getResponse
INFO: [GeminiClient] Acquired semaphore. Active calls: 80
May 06, 2026 2:30:23 PM arch.GeminiClient getResponse
INFO: [GeminiClient] Got response. Active calls: 79
May 06, 2026 2:30:23 PM arch.GeminiClient getResponse
INFO: [GeminiClient] Acquired semaphore. Active calls: 80
May 06, 2026 2:30:23 PM arch.GeminiClient getResponse
INFO: [GeminiClient] Waiting for semaphore. In queue: 25 | Active calls: 80 | Available permits: 0
May 06, 2026 2:30:24 PM arch.GeminiClient getResponse
INFO: [GeminiClient] Got response. Active calls: 79
May 06, 2026 2:30:24 PM arch.GeminiClient getResponse
INFO: [GeminiClient] Got response. Active calls: 78
May 06, 2026 2:30:24 PM arch.GeminiClient getResponse
INFO: [GeminiClient] Acquired semaphore. Active calls: 79
May 06, 2026 2:30:24 PM arch.GeminiClient getResponse
INFO: [GeminiClient] Acquired semaphore. Active calls: 80
May 06, 2026 2:30:24 PM arch.GeminiClient getResponse
INFO: [GeminiClient] Waiting for semaphore. In queue: 24 | Active calls: 80 | Available permits: 0
May 06, 2026 2:30:24 PM arch.GeminiClient getResponse
INFO: [GeminiClient] Waiting for semaphore. In queue: 25 | Active calls: 80 | Available permits: 0
May 06, 2026 2:30:24 PM arch.GeminiClient getResponse
INFO: [GeminiClient] Got response. Active calls: 79
May 06, 2026 2:30:24 PM arch.GeminiClient getResponse
INFO: [GeminiClient] Acquired semaphore. Active calls: 80
May 06, 2026 2:30:24 PM arch.GeminiClient getResponse
INFO: [GeminiClient] Got response. Active calls: 79
May 06, 2026 2:30:24 PM arch.GeminiClient getResponse
INFO: [GeminiClient] Acquired semaphore. Active calls: 80
May 06, 2026 2:30:24 PM arch.GeminiClient getResponse
INFO: [GeminiClient] Waiting for semaphore. In queue: 24 | Active calls: 80 | Available permits: 0
May 06, 2026 2:30:24 PM arch.GeminiClient getResponse
INFO: [GeminiClient] Got response. Active calls: 79
May 06, 2026 2:30:24 PM arch.GeminiClient getResponse
INFO: [GeminiClient] Acquired semaphore. Active calls: 80
May 06, 2026 2:30:24 PM arch.GeminiClient getResponse
INFO: [GeminiClient] Waiting for semaphore. In queue: 24 | Active calls: 80 | Available permits: 0
May 06, 2026 2:30:24 PM arch.GeminiClient getResponse
INFO: [GeminiClient] Waiting for semaphore. In queue: 25 | Active calls: 80 | Available permits: 0
May 06, 2026 2:30:24 PM arch.GeminiClient getResponse
INFO: [GeminiClient] Got response. Active calls: 79
May 06, 2026 2:30:24 PM arch.GeminiClient getResponse
INFO: [GeminiClient] Acquired semaphore. Active calls: 80
May 06, 2026 2:30:24 PM arch.GeminiClient getResponse
INFO: [GeminiClient] Waiting for semaphore. In queue: 25 | Active calls: 80 | Available permits: 0
May 06, 2026 2:30:25 PM arch.GeminiClient getResponse
INFO: [GeminiClient] Got response. Active calls: 79
May 06, 2026 2:30:25 PM arch.GeminiClient getResponse
INFO: [GeminiClient] Acquired semaphore. Active calls: 80
May 06, 2026 2:30:25 PM arch.GeminiClient getResponse
INFO: [GeminiClient] Waiting for semaphore. In queue: 25 | Active calls: 80 | Available permits: 0
May 06, 2026 2:30:25 PM arch.GeminiClient getResponse
INFO: [GeminiClient] Got response. Active calls: 79
May 06, 2026 2:30:25 PM arch.GeminiClient getResponse
INFO: [GeminiClient] Acquired semaphore. Active calls: 80
May 06, 2026 2:30:25 PM arch.GeminiClient getResponse
INFO: [GeminiClient] Got response. Active calls: 79
May 06, 2026 2:30:25 PM arch.GeminiClient getResponse
INFO: [GeminiClient] Got response. Active calls: 78
May 06, 2026 2:30:25 PM arch.GeminiClient getResponse
INFO: [GeminiClient] Acquired semaphore. Active calls: 79
May 06, 2026 2:30:25 PM arch.GeminiClient getResponse
INFO: [GeminiClient] Acquired semaphore. Active calls: 80
May 06, 2026 2:30:25 PM arch.GeminiClient getResponse
INFO: [GeminiClient] Got response. Active calls: 79
May 06, 2026 2:30:25 PM arch.GeminiClient getResponse
INFO: [GeminiClient] Acquired semaphore. Active calls: 80
May 06, 2026 2:30:25 PM arch.GeminiClient getResponse
INFO: [GeminiClient] Waiting for semaphore. In queue: 22 | Active calls: 80 | Available permits: 0
May 06, 2026 2:30:25 PM arch.GeminiClient getResponse
INFO: [GeminiClient] Waiting for semaphore. In queue: 23 | Active calls: 80 | Available permits: 0
May 06, 2026 2:30:25 PM arch.GeminiClient getResponse
INFO: [GeminiClient] Waiting for semaphore. In queue: 24 | Active calls: 80 | Available permits: 0
May 06, 2026 2:30:25 PM arch.GeminiClient getResponse
INFO: [GeminiClient] Waiting for semaphore. In queue: 25 | Active calls: 80 | Available permits: 0
May 06, 2026 2:30:25 PM arch.GeminiClient getResponse
INFO: [GeminiClient] Got response. Active calls: 79
May 06, 2026 2:30:25 PM arch.GeminiClient getResponse
INFO: [GeminiClient] Acquired semaphore. Active calls: 80
May 06, 2026 2:30:25 PM arch.GeminiClient getResponse
INFO: [GeminiClient] Waiting for semaphore. In queue: 25 | Active calls: 80 | Available permits: 0
May 06, 2026 2:30:25 PM arch.GeminiClient getResponse
INFO: [GeminiClient] Got response. Active calls: 79
May 06, 2026 2:30:25 PM arch.GeminiClient getResponse
INFO: [GeminiClient] Acquired semaphore. Active calls: 80
May 06, 2026 2:30:25 PM arch.GeminiClient getResponse
INFO: [GeminiClient] Waiting for semaphore. In queue: 25 | Active calls: 80 | Available permits: 0
May 06, 2026 2:30:26 PM arch.GeminiClient lambda$static$1
INFO: [WATCHDOG] permits=0 activeGemini=80 waitingForSemaphore=25 executorQueueSize=0 executorActiveThreads=85
May 06, 2026 2:30:26 PM arch.GeminiClient getResponse
INFO: [GeminiClient] Got response. Active calls: 79
May 06, 2026 2:30:26 PM arch.GeminiClient getResponse
INFO: [GeminiClient] Acquired semaphore. Active calls: 80
May 06, 2026 2:30:26 PM arch.GeminiClient getResponse
INFO: [GeminiClient] Got response. Active calls: 79
May 06, 2026 2:30:26 PM arch.GeminiClient getResponse
INFO: [GeminiClient] Acquired semaphore. Active calls: 80
May 06, 2026 2:30:26 PM arch.GeminiClient getResponse
INFO: [GeminiClient] Got response. Active calls: 79
May 06, 2026 2:30:26 PM arch.GeminiClient getResponse
INFO: [GeminiClient] Acquired semaphore. Active calls: 80
May 06, 2026 2:30:26 PM arch.GeminiClient getResponse
INFO: [GeminiClient] Waiting for semaphore. In queue: 23 | Active calls: 80 | Available permits: 0
May 06, 2026 2:30:26 PM arch.GeminiClient getResponse
INFO: [GeminiClient] Waiting for semaphore. In queue: 24 | Active calls: 80 | Available permits: 0
May 06, 2026 2:30:26 PM arch.GeminiClient getResponse
INFO: [GeminiClient] Waiting for semaphore. In queue: 25 | Active calls: 80 | Available permits: 0
May 06, 2026 2:30:26 PM arch.GeminiClient getResponse
INFO: [GeminiClient] Waiting for semaphore. In queue: 26 | Active calls: 80 | Available permits: 0
May 06, 2026 2:30:26 PM arch.GeminiClient getResponse
INFO: [GeminiClient] Waiting for semaphore. In queue: 27 | Active calls: 80 | Available permits: 0
May 06, 2026 2:30:26 PM arch.GeminiClient getResponse
INFO: [GeminiClient] Got response. Active calls: 79
May 06, 2026 2:30:26 PM arch.GeminiClient getResponse
INFO: [GeminiClient] Acquired semaphore. Active calls: 80
May 06, 2026 2:30:26 PM arch.GeminiClient getResponse
INFO: [GeminiClient] Waiting for semaphore. In queue: 27 | Active calls: 80 | Available permits: 0
May 06, 2026 2:30:27 PM arch.GeminiClient getResponse
INFO: [GeminiClient] Got response. Active calls: 79
May 06, 2026 2:30:27 PM arch.GeminiClient getResponse
INFO: [GeminiClient] Acquired semaphore. Active calls: 80
May 06, 2026 2:30:27 PM arch.GeminiClient getResponse
INFO: [GeminiClient] Waiting for semaphore. In queue: 27 | Active calls: 80 | Available permits: 0
May 06, 2026 2:30:27 PM arch.GeminiClient getResponse
INFO: [GeminiClient] Got response. Active calls: 79
May 06, 2026 2:30:27 PM arch.GeminiClient getResponse
INFO: [GeminiClient] Acquired semaphore. Active calls: 80
May 06, 2026 2:30:27 PM arch.GeminiClient getResponse
INFO: [GeminiClient] Got response. Active calls: 79
May 06, 2026 2:30:27 PM arch.GeminiClient getResponse
INFO: [GeminiClient] Got response. Active calls: 78
May 06, 2026 2:30:27 PM arch.GeminiClient getResponse
INFO: [GeminiClient] Acquired semaphore. Active calls: 80
May 06, 2026 2:30:27 PM arch.GeminiClient getResponse
INFO: [GeminiClient] Acquired semaphore. Active calls: 79
May 06, 2026 2:30:27 PM arch.GeminiClient getResponse
INFO: [GeminiClient] Waiting for semaphore. In queue: 25 | Active calls: 80 | Available permits: 0
May 06, 2026 2:30:27 PM arch.GeminiClient getResponse
INFO: [GeminiClient] Waiting for semaphore. In queue: 26 | Active calls: 80 | Available permits: 0
May 06, 2026 2:30:27 PM arch.GeminiClient getResponse
INFO: [GeminiClient] Got response. Active calls: 79
May 06, 2026 2:30:27 PM arch.GeminiClient getResponse
INFO: [GeminiClient] Acquired semaphore. Active calls: 80
May 06, 2026 2:30:27 PM arch.GeminiClient getResponse
INFO: [GeminiClient] Waiting for semaphore. In queue: 26 | Active calls: 80 | Available permits: 0
May 06, 2026 2:30:27 PM arch.GeminiClient getResponse
INFO: [GeminiClient] Waiting for semaphore. In queue: 27 | Active calls: 80 | Available permits: 0
May 06, 2026 2:30:27 PM arch.GeminiClient getResponse
WARNING: [GeminiClient] TIMEOUT. Active: 79
May 06, 2026 2:30:27 PM arch.GeminiClient getResponse
INFO: [GeminiClient] Waiting for semaphore. In queue: 28 | Active calls: 79 | Available permits: 1
May 06, 2026 2:30:27 PM arch.GeminiClient getResponse
INFO: [GeminiClient] Acquired semaphore. Active calls: 80
May 06, 2026 2:30:27 PM arch.GeminiClient getResponse
INFO: [GeminiClient] Got response. Active calls: 79
May 06, 2026 2:30:27 PM arch.GeminiClient getResponse
INFO: [GeminiClient] Acquired semaphore. Active calls: 80
May 06, 2026 2:30:27 PM arch.GeminiClient getResponse
INFO: [GeminiClient] Waiting for semaphore. In queue: 27 | Active calls: 80 | Available permits: 0
May 06, 2026 2:30:27 PM arch.GeminiClient getResponse
INFO: [GeminiClient] Got response. Active calls: 79
May 06, 2026 2:30:27 PM arch.GeminiClient getResponse
INFO: [GeminiClient] Acquired semaphore. Active calls: 80
May 06, 2026 2:30:27 PM arch.GeminiClient getResponse
INFO: [GeminiClient] Waiting for semaphore. In queue: 27 | Active calls: 80 | Available permits: 0
May 06, 2026 2:30:27 PM arch.GeminiClient getResponse
WARNING: [GeminiClient] TIMEOUT. Active: 79
May 06, 2026 2:30:27 PM arch.GeminiClient getResponse
INFO: [GeminiClient] Waiting for semaphore. In queue: 28 | Active calls: 79 | Available permits: 1
May 06, 2026 2:30:27 PM arch.GeminiClient getResponse
INFO: [GeminiClient] Acquired semaphore. Active calls: 80
May 06, 2026 2:30:27 PM arch.GeminiClient getResponse
WARNING: [GeminiClient] TIMEOUT. Active: 79
May 06, 2026 2:30:27 PM arch.GeminiClient getResponse
INFO: [GeminiClient] Waiting for semaphore. In queue: 28 | Active calls: 79 | Available permits: 1
May 06, 2026 2:30:27 PM arch.GeminiClient getResponse
INFO: [GeminiClient] Acquired semaphore. Active calls: 80
May 06, 2026 2:30:28 PM arch.GeminiClient getResponse
INFO: [GeminiClient] Got response. Active calls: 79
May 06, 2026 2:30:28 PM arch.GeminiClient getResponse
INFO: [GeminiClient] Acquired semaphore. Active calls: 80
May 06, 2026 2:30:28 PM arch.GeminiClient getResponse
INFO: [GeminiClient] Waiting for semaphore. In queue: 27 | Active calls: 80 | Available permits: 0
May 06, 2026 2:30:28 PM arch.GeminiClient getResponse
INFO: [GeminiClient] Got response. Active calls: 79
May 06, 2026 2:30:28 PM arch.GeminiClient getResponse
INFO: [GeminiClient] Got response. Active calls: 78
May 06, 2026 2:30:28 PM arch.GeminiClient getResponse
INFO: [GeminiClient] Acquired semaphore. Active calls: 79
May 06, 2026 2:30:28 PM arch.GeminiClient getResponse
INFO: [GeminiClient] Got response. Active calls: 78
May 06, 2026 2:30:28 PM arch.GeminiClient getResponse
INFO: [GeminiClient] Acquired semaphore. Active calls: 79
May 06, 2026 2:30:28 PM arch.GeminiClient getResponse
INFO: [GeminiClient] Acquired semaphore. Active calls: 80
May 06, 2026 2:30:28 PM arch.GeminiClient getResponse
INFO: [GeminiClient] Waiting for semaphore. In queue: 25 | Active calls: 80 | Available permits: 0
May 06, 2026 2:30:28 PM arch.GeminiClient getResponse
INFO: [GeminiClient] Waiting for semaphore. In queue: 26 | Active calls: 80 | Available permits: 0
May 06, 2026 2:30:28 PM arch.GeminiClient getResponse
INFO: [GeminiClient] Got response. Active calls: 79
May 06, 2026 2:30:28 PM arch.GeminiClient getResponse
INFO: [GeminiClient] Acquired semaphore. Active calls: 80
May 06, 2026 2:30:28 PM arch.GeminiClient getResponse
INFO: [GeminiClient] Waiting for semaphore. In queue: 26 | Active calls: 80 | Available permits: 0
May 06, 2026 2:30:28 PM arch.GeminiClient getResponse
INFO: [GeminiClient] Waiting for semaphore. In queue: 27 | Active calls: 80 | Available permits: 0
May 06, 2026 2:30:28 PM arch.GeminiClient getResponse
INFO: [GeminiClient] Got response. Active calls: 79
May 06, 2026 2:30:28 PM arch.GeminiClient getResponse
INFO: [GeminiClient] Acquired semaphore. Active calls: 80
May 06, 2026 2:30:28 PM arch.GeminiClient getResponse
INFO: [GeminiClient] Got response. Active calls: 79
May 06, 2026 2:30:28 PM arch.GeminiClient getResponse
INFO: [GeminiClient] Acquired semaphore. Active calls: 80
May 06, 2026 2:30:28 PM arch.GeminiClient getResponse
INFO: [GeminiClient] Got response. Active calls: 79
May 06, 2026 2:30:28 PM arch.GeminiClient getResponse
INFO: [GeminiClient] Acquired semaphore. Active calls: 80
May 06, 2026 2:30:28 PM arch.GeminiClient getResponse
INFO: [GeminiClient] Waiting for semaphore. In queue: 25 | Active calls: 80 | Available permits: 0
May 06, 2026 2:30:28 PM arch.GeminiClient getResponse
INFO: [GeminiClient] Waiting for semaphore. In queue: 26 | Active calls: 80 | Available permits: 0
May 06, 2026 2:30:28 PM arch.GeminiClient getResponse
WARNING: [GeminiClient] TIMEOUT. Active: 79
May 06, 2026 2:30:28 PM arch.GeminiClient getResponse
INFO: [GeminiClient] Waiting for semaphore. In queue: 27 | Active calls: 79 | Available permits: 1
May 06, 2026 2:30:28 PM arch.GeminiClient getResponse
INFO: [GeminiClient] Acquired semaphore. Active calls: 80
May 06, 2026 2:30:28 PM arch.GeminiClient getResponse
INFO: [GeminiClient] Got response. Active calls: 79
May 06, 2026 2:30:28 PM arch.GeminiClient getResponse
INFO: [GeminiClient] Acquired semaphore. Active calls: 80
May 06, 2026 2:30:28 PM arch.GeminiClient getResponse
INFO: [GeminiClient] Waiting for semaphore. In queue: 26 | Active calls: 80 | Available permits: 0
May 06, 2026 2:30:28 PM arch.GeminiClient getResponse
INFO: [GeminiClient] Got response. Active calls: 79
May 06, 2026 2:30:28 PM arch.GeminiClient getResponse
INFO: [GeminiClient] Acquired semaphore. Active calls: 80
May 06, 2026 2:30:28 PM arch.GeminiClient getResponse
INFO: [GeminiClient] Waiting for semaphore. In queue: 26 | Active calls: 80 | Available permits: 0
May 06, 2026 2:30:28 PM arch.GeminiClient getResponse
INFO: [GeminiClient] Waiting for semaphore. In queue: 27 | Active calls: 80 | Available permits: 0
May 06, 2026 2:30:29 PM arch.GeminiClient getResponse
INFO: [GeminiClient] Got response. Active calls: 79
May 06, 2026 2:30:29 PM arch.GeminiClient getResponse
INFO: [GeminiClient] Acquired semaphore. Active calls: 80
May 06, 2026 2:30:29 PM arch.GeminiClient getResponse
INFO: [GeminiClient] Got response. Active calls: 79
May 06, 2026 2:30:29 PM arch.GeminiClient getResponse
INFO: [GeminiClient] Acquired semaphore. Active calls: 80
May 06, 2026 2:30:29 PM arch.GeminiClient getResponse
INFO: [GeminiClient] Waiting for semaphore. In queue: 26 | Active calls: 80 | Available permits: 0
May 06, 2026 2:30:29 PM arch.GeminiClient getResponse
INFO: [GeminiClient] Waiting for semaphore. In queue: 27 | Active calls: 80 | Available permits: 0
May 06, 2026 2:30:29 PM arch.GeminiClient getResponse
INFO: [GeminiClient] Got response. Active calls: 79
May 06, 2026 2:30:29 PM arch.GeminiClient getResponse
INFO: [GeminiClient] Acquired semaphore. Active calls: 80
May 06, 2026 2:30:29 PM arch.GeminiClient getResponse
INFO: [GeminiClient] Waiting for semaphore. In queue: 27 | Active calls: 80 | Available permits: 0
May 06, 2026 2:30:29 PM arch.GeminiClient getResponse
INFO: [GeminiClient] Got response. Active calls: 79
May 06, 2026 2:30:29 PM arch.GeminiClient getResponse
INFO: [GeminiClient] Acquired semaphore. Active calls: 80
May 06, 2026 2:30:29 PM arch.GeminiClient getResponse
INFO: [GeminiClient] Waiting for semaphore. In queue: 27 | Active calls: 80 | Available permits: 0
May 06, 2026 2:30:29 PM arch.GeminiClient getResponse
INFO: [GeminiClient] Got response. Active calls: 79
May 06, 2026 2:30:29 PM arch.GeminiClient getResponse
INFO: [GeminiClient] Acquired semaphore. Active calls: 80
May 06, 2026 2:30:29 PM arch.GeminiClient getResponse
INFO: [GeminiClient] Waiting for semaphore. In queue: 27 | Active calls: 80 | Available permits: 0
May 06, 2026 2:30:29 PM arch.GeminiClient getResponse
INFO: [GeminiClient] Got response. Active calls: 79
May 06, 2026 2:30:29 PM arch.GeminiClient getResponse
INFO: [GeminiClient] Acquired semaphore. Active calls: 80
May 06, 2026 2:30:29 PM arch.GeminiClient getResponse
INFO: [GeminiClient] Waiting for semaphore. In queue: 27 | Active calls: 80 | Available permits: 0
May 06, 2026 2:30:30 PM arch.GeminiClient getResponse
INFO: [GeminiClient] Got response. Active calls: 79
May 06, 2026 2:30:30 PM arch.GeminiClient getResponse
INFO: [GeminiClient] Acquired semaphore. Active calls: 80
May 06, 2026 2:30:30 PM arch.GeminiClient getResponse
INFO: [GeminiClient] Waiting for semaphore. In queue: 27 | Active calls: 80 | Available permits: 0
May 06, 2026 2:30:30 PM arch.GeminiClient getResponse
INFO: [GeminiClient] Got response. Active calls: 79
May 06, 2026 2:30:30 PM arch.GeminiClient getResponse
INFO: [GeminiClient] Acquired semaphore. Active calls: 80
May 06, 2026 2:30:30 PM arch.GeminiClient getResponse
INFO: [GeminiClient] Waiting for semaphore. In queue: 27 | Active calls: 80 | Available permits: 0
May 06, 2026 2:30:30 PM arch.GeminiClient getResponse
INFO: [GeminiClient] Got response. Active calls: 79
May 06, 2026 2:30:30 PM arch.GeminiClient getResponse
INFO: [GeminiClient] Acquired semaphore. Active calls: 80
May 06, 2026 2:30:30 PM arch.GeminiClient getResponse
INFO: [GeminiClient] Waiting for semaphore. In queue: 27 | Active calls: 80 | Available permits: 0
May 06, 2026 2:30:30 PM arch.GeminiClient getResponse
INFO: [GeminiClient] Got response. Active calls: 79
May 06, 2026 2:30:30 PM arch.GeminiClient getResponse
INFO: [GeminiClient] Acquired semaphore. Active calls: 80
May 06, 2026 2:30:30 PM arch.GeminiClient getResponse
INFO: [GeminiClient] Waiting for semaphore. In queue: 27 | Active calls: 80 | Available permits: 0
May 06, 2026 2:30:31 PM arch.GeminiClient getResponse
INFO: [GeminiClient] Got response. Active calls: 79
May 06, 2026 2:30:31 PM arch.GeminiClient getResponse
INFO: [GeminiClient] Acquired semaphore. Active calls: 80
May 06, 2026 2:30:31 PM arch.GeminiClient getResponse
INFO: [GeminiClient] Waiting for semaphore. In queue: 27 | Active calls: 80 | Available permits: 0
May 06, 2026 2:30:31 PM arch.GeminiClient getResponse
INFO: [GeminiClient] Got response. Active calls: 79
May 06, 2026 2:30:31 PM arch.GeminiClient getResponse
INFO: [GeminiClient] Acquired semaphore. Active calls: 80
May 06, 2026 2:30:31 PM arch.GeminiClient getResponse
INFO: [GeminiClient] Waiting for semaphore. In queue: 27 | Active calls: 80 | Available permits: 0
May 06, 2026 2:30:31 PM arch.GeminiClient getResponse
INFO: [GeminiClient] Got response. Active calls: 79
May 06, 2026 2:30:31 PM arch.GeminiClient getResponse
INFO: [GeminiClient] Acquired semaphore. Active calls: 79
May 06, 2026 2:30:31 PM arch.GeminiClient getResponse
INFO: [GeminiClient] Got response. Active calls: 78
May 06, 2026 2:30:31 PM arch.GeminiClient getResponse
INFO: [GeminiClient] Acquired semaphore. Active calls: 80
May 06, 2026 2:30:31 PM arch.GeminiClient getResponse
INFO: [GeminiClient] Got response. Active calls: 79
May 06, 2026 2:30:31 PM arch.GeminiClient getResponse
INFO: [GeminiClient] Acquired semaphore. Active calls: 80
May 06, 2026 2:30:31 PM arch.GeminiClient getResponse
INFO: [GeminiClient] Waiting for semaphore. In queue: 25 | Active calls: 80 | Available permits: 0
May 06, 2026 2:30:31 PM arch.GeminiClient getResponse
INFO: [GeminiClient] Waiting for semaphore. In queue: 26 | Active calls: 80 | Available permits: 0
May 06, 2026 2:30:31 PM arch.GeminiClient getResponse
INFO: [GeminiClient] Got response. Active calls: 79
May 06, 2026 2:30:31 PM arch.GeminiClient getResponse
INFO: [GeminiClient] Acquired semaphore. Active calls: 80
May 06, 2026 2:30:31 PM arch.GeminiClient getResponse
INFO: [GeminiClient] Waiting for semaphore. In queue: 26 | Active calls: 80 | Available permits: 0
May 06, 2026 2:30:31 PM arch.GeminiClient getResponse
INFO: [GeminiClient] Got response. Active calls: 79
May 06, 2026 2:30:31 PM arch.GeminiClient getResponse
INFO: [GeminiClient] Acquired semaphore. Active calls: 80
May 06, 2026 2:30:31 PM arch.GeminiClient getResponse
INFO: [GeminiClient] Waiting for semaphore. In queue: 26 | Active calls: 80 | Available permits: 0
May 06, 2026 2:30:31 PM arch.GeminiClient getResponse
INFO: [GeminiClient] Got response. Active calls: 79
May 06, 2026 2:30:31 PM arch.GeminiClient getResponse
INFO: [GeminiClient] Acquired semaphore. Active calls: 79
May 06, 2026 2:30:31 PM arch.GeminiClient getResponse
INFO: [GeminiClient] Got response. Active calls: 78
May 06, 2026 2:30:31 PM arch.GeminiClient getResponse
INFO: [GeminiClient] Acquired semaphore. Active calls: 80
May 06, 2026 2:30:31 PM arch.GeminiClient getResponse
INFO: [GeminiClient] Waiting for semaphore. In queue: 25 | Active calls: 80 | Available permits: 0
May 06, 2026 2:30:31 PM arch.GeminiClient getResponse
INFO: [GeminiClient] Waiting for semaphore. In queue: 26 | Active calls: 80 | Available permits: 0
May 06, 2026 2:30:31 PM arch.GeminiClient getResponse
INFO: [GeminiClient] Waiting for semaphore. In queue: 27 | Active calls: 80 | Available permits: 0
May 06, 2026 2:30:31 PM arch.GeminiClient getResponse
INFO: [GeminiClient] Got response. Active calls: 79
May 06, 2026 2:30:31 PM arch.GeminiClient getResponse
INFO: [GeminiClient] Acquired semaphore. Active calls: 80
May 06, 2026 2:30:31 PM arch.GeminiClient getResponse
INFO: [GeminiClient] Got response. Active calls: 79
May 06, 2026 2:30:31 PM arch.GeminiClient getResponse
INFO: [GeminiClient] Acquired semaphore. Active calls: 80
May 06, 2026 2:30:31 PM arch.GeminiClient getResponse
INFO: [GeminiClient] Got response. Active calls: 79
May 06, 2026 2:30:31 PM arch.GeminiClient getResponse
INFO: [GeminiClient] Acquired semaphore. Active calls: 80
May 06, 2026 2:30:31 PM arch.GeminiClient getResponse
INFO: [GeminiClient] Waiting for semaphore. In queue: 25 | Active calls: 80 | Available permits: 0
May 06, 2026 2:30:31 PM arch.GeminiClient getResponse
INFO: [GeminiClient] Waiting for semaphore. In queue: 26 | Active calls: 80 | Available permits: 0
May 06, 2026 2:30:31 PM arch.GeminiClient getResponse
INFO: [GeminiClient] Waiting for semaphore. In queue: 27 | Active calls: 80 | Available permits: 0
May 06, 2026 2:30:32 PM arch.GeminiClient getResponse
INFO: [GeminiClient] Got response. Active calls: 79
May 06, 2026 2:30:32 PM arch.GeminiClient getResponse
INFO: [GeminiClient] Acquired semaphore. Active calls: 80
May 06, 2026 2:30:32 PM arch.GeminiClient getResponse
INFO: [GeminiClient] Waiting for semaphore. In queue: 27 | Active calls: 80 | Available permits: 0
May 06, 2026 2:30:32 PM arch.GeminiClient getResponse
INFO: [GeminiClient] Got response. Active calls: 79
May 06, 2026 2:30:32 PM arch.GeminiClient getResponse
INFO: [GeminiClient] Acquired semaphore. Active calls: 80
May 06, 2026 2:30:32 PM arch.GeminiClient getResponse
INFO: [GeminiClient] Waiting for semaphore. In queue: 27 | Active calls: 80 | Available permits: 0
May 06, 2026 2:30:32 PM arch.GeminiClient getResponse
INFO: [GeminiClient] Got response. Active calls: 79
May 06, 2026 2:30:32 PM arch.GeminiClient getResponse
INFO: [GeminiClient] Got response. Active calls: 78
May 06, 2026 2:30:32 PM arch.GeminiClient getResponse
INFO: [GeminiClient] Acquired semaphore. Active calls: 79
May 06, 2026 2:30:32 PM arch.GeminiClient getResponse
INFO: [GeminiClient] Acquired semaphore. Active calls: 80
May 06, 2026 2:30:32 PM arch.GeminiClient getResponse
INFO: [GeminiClient] Waiting for semaphore. In queue: 26 | Active calls: 80 | Available permits: 0
May 06, 2026 2:30:32 PM arch.GeminiClient getResponse
WARNING: [GeminiClient] TIMEOUT. Active: 79
May 06, 2026 2:30:32 PM arch.GeminiClient getResponse
INFO: [GeminiClient] Waiting for semaphore. In queue: 27 | Active calls: 79 | Available permits: 1
May 06, 2026 2:30:32 PM arch.GeminiClient getResponse
INFO: [GeminiClient] Acquired semaphore. Active calls: 80
May 06, 2026 2:30:32 PM arch.GeminiClient getResponse
INFO: [GeminiClient] Waiting for semaphore. In queue: 27 | Active calls: 80 | Available permits: 0
May 06, 2026 2:30:32 PM arch.GeminiClient getResponse
INFO: [GeminiClient] Got response. Active calls: 79
May 06, 2026 2:30:32 PM arch.GeminiClient getResponse
INFO: [GeminiClient] Acquired semaphore. Active calls: 79
May 06, 2026 2:30:32 PM arch.GeminiClient getResponse
INFO: [GeminiClient] Got response. Active calls: 78
May 06, 2026 2:30:32 PM arch.GeminiClient getResponse
INFO: [GeminiClient] Acquired semaphore. Active calls: 80
May 06, 2026 2:30:32 PM arch.GeminiClient getResponse
INFO: [GeminiClient] Waiting for semaphore. In queue: 26 | Active calls: 80 | Available permits: 0
May 06, 2026 2:30:32 PM arch.GeminiClient getResponse
INFO: [GeminiClient] Waiting for semaphore. In queue: 27 | Active calls: 80 | Available permits: 0
May 06, 2026 2:30:33 PM arch.GeminiClient getResponse
INFO: [GeminiClient] Got response. Active calls: 79
May 06, 2026 2:30:33 PM arch.GeminiClient getResponse
INFO: [GeminiClient] Acquired semaphore. Active calls: 80
May 06, 2026 2:30:33 PM arch.GeminiClient getResponse
INFO: [GeminiClient] Waiting for semaphore. In queue: 27 | Active calls: 80 | Available permits: 0
May 06, 2026 2:30:33 PM arch.GeminiClient getResponse
INFO: [GeminiClient] Got response. Active calls: 79
May 06, 2026 2:30:33 PM arch.GeminiClient getResponse
INFO: [GeminiClient] Acquired semaphore. Active calls: 80
May 06, 2026 2:30:33 PM arch.GeminiClient getResponse
INFO: [GeminiClient] Acquired semaphore. Active calls: 81
May 06, 2026 2:30:33 PM arch.GeminiClient getResponse
INFO: [GeminiClient] Acquired semaphore. Active calls: 82
May 06, 2026 2:30:33 PM arch.GeminiClient getResponse
INFO: [GeminiClient] Acquired semaphore. Active calls: 83
