May 08, 2026 3:44:29 PM arch.GeminiClient getResponse
INFO: [GeminiClient] Waiting for semaphore. In queue: 1 | Active calls: 8 | Available permits: 68
May 08, 2026 3:44:29 PM arch.GeminiClient getResponse
INFO: [GeminiClient] Acquired semaphore. Active calls: 9
May 08, 2026 3:44:29 PM arch.GeminiClient getResponse
INFO: [GeminiClient] Waiting for semaphore. In queue: 1 | Active calls: 9 | Available permits: 67
May 08, 2026 3:44:29 PM arch.GeminiClient getResponse
INFO: [GeminiClient] Acquired semaphore. Active calls: 10
May 08, 2026 3:44:19 PM arch.GeminiClient getResponse
INFO: [GeminiClient] Got response. Active calls: 12
May 08, 2026 3:44:19 PM arch.GeminiClient getResponse
INFO: [GeminiClient] Got response. Active calls: 10
May 08, 2026 3:44:30 PM arch.GeminiClient getResponse
INFO: [GeminiClient] Waiting for semaphore. In queue: 1 | Active calls: 10 | Available permits: 68
May 08, 2026 3:44:30 PM arch.GeminiClient getResponse
INFO: [GeminiClient] Acquired semaphore. Active calls: 11
May 08, 2026 3:44:32 PM arch.GeminiClient getResponse
INFO: [GeminiClient] Waiting for semaphore. In queue: 1 | Active calls: 11 | Available permits: 67
May 08, 2026 3:44:32 PM arch.GeminiClient getResponse
INFO: [GeminiClient] Acquired semaphore. Active calls: 12
May 08, 2026 3:44:32 PM arch.GeminiClient getResponse
INFO: [GeminiClient] Got response. Active calls: 11
May 08, 2026 3:44:32 PM arch.GeminiClient getResponse
INFO: [GeminiClient] Got response. Active calls: 10
May 08, 2026 3:44:32 PM arch.GeminiClient getResponse
INFO: [GeminiClient] Waiting for semaphore. In queue: 1 | Active calls: 10 | Available permits: 68
May 08, 2026 3:44:32 PM arch.GeminiClient getResponse
INFO: [GeminiClient] Acquired semaphore. Active calls: 11
May 08, 2026 3:44:33 PM arch.GeminiClient getResponse
INFO: [GeminiClient] Got response. Active calls: 10
May 08, 2026 3:44:33 PM arch.GeminiClient getResponse
INFO: [GeminiClient] Got response. Active calls: 9
May 08, 2026 3:44:33 PM arch.GeminiClient getResponse
INFO: [GeminiClient] Waiting for semaphore. In queue: 1 | Active calls: 8 | Available permits: 69
May 08, 2026 3:44:33 PM arch.GeminiClient getResponse
INFO: [GeminiClient] Acquired semaphore. Active calls: 9
May 08, 2026 3:44:34 PM arch.GeminiClient getResponse
INFO: [GeminiClient] Got response. Active calls: 8
May 08, 2026 3:44:26 PM arch.GeminiClient getResponse
INFO: [GeminiClient] Got response. Active calls: 7
May 08, 2026 3:44:35 PM arch.GeminiClient getResponse
INFO: [GeminiClient] Waiting for semaphore. In queue: 1 | Active calls: 8 | Available permits: 70
May 08, 2026 3:44:35 PM arch.GeminiClient getResponse
INFO: [GeminiClient] Acquired semaphore. Active calls: 6
May 08, 2026 3:44:26 PM arch.GeminiClient getResponse
INFO: [GeminiClient] Got response. Active calls: 7
May 08, 2026 3:44:37 PM arch.GeminiClient getResponse
INFO: [GeminiClient] Waiting for semaphore. In queue: 1 | Active calls: 6 | Available permits: 70
May 08, 2026 3:44:37 PM arch.GeminiClient getResponse
INFO: [GeminiClient] Acquired semaphore. Active calls: 7
May 08, 2026 3:44:39 PM arch.GeminiClient getResponse
INFO: [GeminiClient] Got response. Active calls: 6
May 08, 2026 3:44:40 PM arch.GeminiClient getResponse
INFO: [GeminiClient] Waiting for semaphore. In queue: 1 | Active calls: 6 | Available permits: 70
May 08, 2026 3:44:40 PM arch.GeminiClient getResponse
INFO: [GeminiClient] Acquired semaphore. Active calls: 7
May 08, 2026 3:44:40 PM arch.GeminiClient getResponse
INFO: [GeminiClient] Waiting for semaphore. In queue: 1 | Active calls: 7 | Available permits: 69
May 08, 2026 3:44:40 PM arch.GeminiClient getResponse
INFO: [GeminiClient] Acquired semaphore. Active calls: 8
May 08, 2026 3:44:40 PM arch.GeminiClient getResponse
INFO: [GeminiClient] Waiting for semaphore. In queue: 1 | Active calls: 8 | Available permits: 68
May 08, 2026 3:44:40 PM arch.GeminiClient getResponse
INFO: [GeminiClient] Acquired semaphore. Active calls: 9
May 08, 2026 3:44:41 PM arch.GeminiClient getResponse
INFO: [GeminiClient] Got response. Active calls: 8
May 08, 2026 3:44:41 PM arch.GeminiClient getResponse
INFO: [GeminiClient] Waiting for semaphore. In queue: 1 | Active calls: 8 | Available permits: 68
May 08, 2026 3:44:41 PM arch.GeminiClient getResponse
INFO: [GeminiClient] Acquired semaphore. Active calls: 9
May 08, 2026 3:44:42 PM arch.GeminiClient getResponse
INFO: [GeminiClient] Waiting for semaphore. In queue: 1 | Active calls: 9 | Available permits: 67
May 08, 2026 3:44:42 PM arch.GeminiClient getResponse
INFO: [GeminiClient] Acquired semaphore. Active calls: 9
May 08, 2026 3:44:43 PM arch.GeminiClient getResponse
INFO: [GeminiClient] Waiting for semaphore. In queue: 1 | Active calls: 9 | Available permits: 66
May 08, 2026 3:44:43 PM arch.GeminiClient getResponse
INFO: [GeminiClient] Acquired semaphore. Active calls: 10
May 08, 2026 3:44:43 PM arch.GeminiClient getResponse
INFO: [GeminiClient] Waiting for semaphore. In queue: 1 | Active calls: 10 | Available permits: 65
May 08, 2026 3:44:43 PM arch.GeminiClient getResponse
INFO: [GeminiClient] Acquired semaphore. Active calls: 11
May 08, 2026 3:44:45 PM arch.GeminiClient getResponse
INFO: [GeminiClient] Got response. Active calls: 9
May 08, 2026 3:44:45 PM arch.GeminiClient getResponse
INFO: [GeminiClient] Waiting for semaphore. In queue: 1 | Active calls: 8 | Available permits: 65
May 08, 2026 3:44:45 PM arch.GeminiClient getResponse
INFO: [GeminiClient] Acquired semaphore. Active calls: 9
May 08, 2026 3:44:45 PM arch.GeminiClient getResponse
INFO: [GeminiClient] Waiting for semaphore. In queue: 1 | Active calls: 9 | Available permits: 64
May 08, 2026 3:44:45 PM arch.GeminiClient getResponse
INFO: [GeminiClient] Acquired semaphore. Active calls: 10
May 08, 2026 3:44:46 PM arch.GeminiClient getResponse
INFO: [GeminiClient] Got response. Active calls: 9
May 08, 2026 3:44:46 PM arch.GeminiClient getResponse
INFO: [GeminiClient] Waiting for semaphore. In queue: 1 | Active calls: 9 | Available permits: 64
May 08, 2026 3:44:46 PM arch.GeminiClient getResponse
INFO: [GeminiClient] Acquired semaphore. Active calls: 9
May 08, 2026 3:44:47 PM arch.GeminiClient getResponse
INFO: [GeminiClient] Got response. Active calls: 8
May 08, 2026 3:44:48 PM arch.GeminiClient getResponse
INFO: [GeminiClient] Got response. Active calls: 7
May 08, 2026 3:44:48 PM arch.GeminiClient getResponse
INFO: [GeminiClient] Got response. Active calls: 6
May 08, 2026 3:44:49 PM arch.GeminiClient getResponse
INFO: [GeminiClient] Waiting for semaphore. In queue: 1 | Active calls: 6 | Available permits: 66
May 08, 2026 3:44:49 PM arch.GeminiClient getResponse
INFO: [GeminiClient] Acquired semaphore. Active calls: 7
May 08, 2026 3:44:49 PM arch.GeminiClient getResponse
INFO: [GeminiClient] Got response. Active calls: 6
May 08, 2026 3:44:49 PM arch.GeminiClient getResponse
INFO: [GeminiClient] Waiting for semaphore. In queue: 1 | Active calls: 5 | Available permits: 66
May 08, 2026 3:44:49 PM arch.GeminiClient getResponse
INFO: [GeminiClient] Acquired semaphore. Active calls: 6
May 08, 2026 3:44:50 PM arch.GeminiClient getResponse
INFO: [GeminiClient] Waiting for semaphore. In queue: 1 | Active calls: 6 | Available permits: 65
May 08, 2026 3:44:50 PM arch.GeminiClient getResponse
INFO: [GeminiClient] Acquired semaphore. Active calls: 7
May 08, 2026 3:44:33 PM arch.GeminiClient getResponse
INFO: [GeminiClient] Got response. Active calls: 8
May 08, 2026 3:44:52 PM arch.GeminiClient getResponse
INFO: [GeminiClient] Waiting for semaphore. In queue: 1 | Active calls: 7 | Available permits: 65
May 08, 2026 3:44:52 PM arch.GeminiClient getResponse
INFO: [GeminiClient] Acquired semaphore. Active calls: 8
May 08, 2026 3:44:53 PM arch.GeminiClient getResponse
INFO: [GeminiClient] Got response. Active calls: 7
May 08, 2026 3:44:35 PM arch.GeminiClient getResponse
INFO: [GeminiClient] Got response. Active calls: 7
May 08, 2026 3:44:35 PM arch.GeminiClient getResponse
INFO: [GeminiClient] Got response. Active calls: 6
May 08, 2026 3:44:35 PM arch.GeminiClient getResponse
INFO: [GeminiClient] Got response. Active calls: 5
May 08, 2026 3:44:54 PM arch.GeminiClient getResponse
INFO: [GeminiClient] Waiting for semaphore. In queue: 1 | Active calls: 7 | Available permits: 68
May 08, 2026 3:44:54 PM arch.GeminiClient getResponse
INFO: [GeminiClient] Acquired semaphore. Active calls: 8
May 08, 2026 3:44:56 PM arch.GeminiClient lambda$static$1
INFO: [WATCHDOG] permits=67 activeGemini=8 waitingForSemaphore=0 executorQueueSize=0 executorActiveThreads=8
May 08, 2026 3:44:57 PM arch.GeminiClient getResponse
INFO: [GeminiClient] Waiting for semaphore. In queue: 1 | Active calls: 8 | Available permits: 67
May 08, 2026 3:44:57 PM arch.GeminiClient getResponse
INFO: [GeminiClient] Acquired semaphore. Active calls: 9
May 08, 2026 3:44:57 PM arch.GeminiClient getResponse
INFO: [GeminiClient] Waiting for semaphore. In queue: 1 | Active calls: 9 | Available permits: 66
May 08, 2026 3:44:57 PM arch.GeminiClient getResponse
INFO: [GeminiClient] Acquired semaphore. Active calls: 10
May 08, 2026 3:44:57 PM arch.GeminiClient getResponse
INFO: [GeminiClient] Waiting for semaphore. In queue: 1 | Active calls: 10 | Available permits: 65
May 08, 2026 3:44:57 PM arch.GeminiClient getResponse
INFO: [GeminiClient] Acquired semaphore. Active calls: 11
May 08, 2026 3:44:57 PM arch.GeminiClient getResponse
INFO: [GeminiClient] Waiting for semaphore. In queue: 1 | Active calls: 11 | Available permits: 64
May 08, 2026 3:44:57 PM arch.GeminiClient getResponse
INFO: [GeminiClient] Acquired semaphore. Active calls: 12
May 08, 2026 3:44:42 PM arch.GeminiClient getResponse
INFO: [GeminiClient] Got response. Active calls: 8
May 08, 2026 3:44:59 PM arch.GeminiClient getResponse
INFO: [GeminiClient] Waiting for semaphore. In queue: 1 | Active calls: 12 | Available permits: 64
May 08, 2026 3:44:59 PM arch.GeminiClient getResponse
INFO: [GeminiClient] Acquired semaphore. Active calls: 13
May 08, 2026 3:45:00 PM arch.GeminiClient getResponse
INFO: [GeminiClient] Waiting for semaphore. In queue: 1 | Active calls: 13 | Available permits: 63
May 08, 2026 3:45:00 PM arch.GeminiClient getResponse
INFO: [GeminiClient] Acquired semaphore. Active calls: 14
May 08, 2026 3:45:00 PM arch.GeminiClient getResponse
INFO: [GeminiClient] Waiting for semaphore. In queue: 1 | Active calls: 14 | Available permits: 62
May 08, 2026 3:45:00 PM arch.GeminiClient getResponse
INFO: [GeminiClient] Acquired semaphore. Active calls: 15
May 08, 2026 3:44:44 PM arch.GeminiClient getResponse
INFO: [GeminiClient] Got response. Active calls: 10
May 08, 2026 3:44:45 PM arch.GeminiClient getResponse
INFO: [GeminiClient] Got response. Active calls: 8
May 08, 2026 3:45:02 PM arch.GeminiClient getResponse
INFO: [GeminiClient] Waiting for semaphore. In queue: 1 | Active calls: 15 | Available permits: 63
May 08, 2026 3:45:02 PM arch.GeminiClient getResponse
INFO: [GeminiClient] Acquired semaphore. Active calls: 16
May 08, 2026 3:45:02 PM arch.GeminiClient getResponse
INFO: [GeminiClient] Waiting for semaphore. In queue: 1 | Active calls: 16 | Available permits: 62
May 08, 2026 3:45:02 PM arch.GeminiClient getResponse
INFO: [GeminiClient] Acquired semaphore. Active calls: 17
May 08, 2026 3:45:04 PM arch.GeminiClient getResponse
INFO: [GeminiClient] Waiting for semaphore. In queue: 1 | Active calls: 17 | Available permits: 61
May 08, 2026 3:45:04 PM arch.GeminiClient getResponse
INFO: [GeminiClient] Acquired semaphore. Active calls: 18
May 08, 2026 3:45:06 PM arch.GeminiClient getResponse
WARNING: [GeminiClient] TIMEOUT. Active: 17
May 08, 2026 3:45:06 PM arch.GeminiClient getResponse
INFO: [GeminiClient] Waiting for semaphore. In queue: 1 | Active calls: 17 | Available permits: 61
May 08, 2026 3:45:06 PM arch.GeminiClient getResponse
INFO: [GeminiClient] Acquired semaphore. Active calls: 18
May 08, 2026 3:44:46 PM arch.GeminiClient getResponse
INFO: [GeminiClient] Got response. Active calls: 8
May 08, 2026 3:45:07 PM arch.GeminiClient getResponse
INFO: [GeminiClient] Waiting for semaphore. In queue: 1 | Active calls: 18 | Available permits: 61
May 08, 2026 3:45:07 PM arch.GeminiClient getResponse
INFO: [GeminiClient] Acquired semaphore. Active calls: 19
May 08, 2026 3:45:08 PM arch.GeminiClient getResponse
INFO: [GeminiClient] Waiting for semaphore. In queue: 1 | Active calls: 19 | Available permits: 60
May 08, 2026 3:45:08 PM arch.GeminiClient getResponse
INFO: [GeminiClient] Acquired semaphore. Active calls: 20
May 08, 2026 3:45:09 PM arch.GeminiClient getResponse
INFO: [GeminiClient] Waiting for semaphore. In queue: 1 | Active calls: 20 | Available permits: 59
May 08, 2026 3:45:09 PM arch.GeminiClient getResponse
INFO: [GeminiClient] Acquired semaphore. Active calls: 21
May 08, 2026 3:45:09 PM arch.GeminiClient getResponse
INFO: [GeminiClient] Waiting for semaphore. In queue: 1 | Active calls: 21 | Available permits: 58
May 08, 2026 3:45:09 PM arch.GeminiClient getResponse
INFO: [GeminiClient] Acquired semaphore. Active calls: 22
May 08, 2026 3:45:09 PM arch.GeminiClient getResponse
INFO: [GeminiClient] Waiting for semaphore. In queue: 1 | Active calls: 22 | Available permits: 57
May 08, 2026 3:45:09 PM arch.GeminiClient getResponse
INFO: [GeminiClient] Acquired semaphore. Active calls: 23
May 08, 2026 3:45:10 PM arch.GeminiClient getResponse
WARNING: [GeminiClient] TIMEOUT. Active: 22
May 08, 2026 3:45:10 PM arch.GeminiClient getResponse
INFO: [GeminiClient] Waiting for semaphore. In queue: 1 | Active calls: 22 | Available permits: 57
May 08, 2026 3:45:10 PM arch.GeminiClient getResponse
INFO: [GeminiClient] Acquired semaphore. Active calls: 23
May 08, 2026 3:45:10 PM arch.GeminiClient getResponse
INFO: [GeminiClient] Waiting for semaphore. In queue: 1 | Active calls: 23 | Available permits: 56
May 08, 2026 3:45:10 PM arch.GeminiClient getResponse
INFO: [GeminiClient] Acquired semaphore. Active calls: 24
May 08, 2026 3:44:49 PM arch.GeminiClient getResponse
INFO: [GeminiClient] Got response. Active calls: 5
May 08, 2026 3:45:11 PM arch.GeminiClient getResponse
INFO: [GeminiClient] Waiting for semaphore. In queue: 1 | Active calls: 24 | Available permits: 56
May 08, 2026 3:45:11 PM arch.GeminiClient getResponse
INFO: [GeminiClient] Acquired semaphore. Active calls: 25
May 08, 2026 3:45:12 PM arch.GeminiClient getResponse
INFO: [GeminiClient] Waiting for semaphore. In queue: 1 | Active calls: 25 | Available permits: 55
May 08, 2026 3:45:12 PM arch.GeminiClient getResponse
INFO: [GeminiClient] Acquired semaphore. Active calls: 26
May 08, 2026 3:45:13 PM arch.GeminiClient getResponse
INFO: [GeminiClient] Waiting for semaphore. In queue: 1 | Active calls: 26 | Available permits: 54
May 08, 2026 3:45:13 PM arch.GeminiClient getResponse
INFO: [GeminiClient] Acquired semaphore. Active calls: 27
May 08, 2026 3:45:15 PM arch.GeminiClient getResponse
INFO: [GeminiClient] Waiting for semaphore. In queue: 1 | Active calls: 27 | Available permits: 53
May 08, 2026 3:45:15 PM arch.GeminiClient getResponse
INFO: [GeminiClient] Acquired semaphore. Active calls: 28
May 08, 2026 3:45:17 PM arch.GeminiClient getResponse
WARNING: [GeminiClient] TIMEOUT. Active: 27
May 08, 2026 3:45:17 PM arch.GeminiClient getResponse
INFO: [GeminiClient] Waiting for semaphore. In queue: 1 | Active calls: 27 | Available permits: 53
May 08, 2026 3:45:17 PM arch.GeminiClient getResponse
INFO: [GeminiClient] Acquired semaphore. Active calls: 28
May 08, 2026 3:45:17 PM arch.GeminiClient getResponse
INFO: [GeminiClient] Waiting for semaphore. In queue: 1 | Active calls: 28 | Available permits: 52
May 08, 2026 3:45:17 PM arch.GeminiClient getResponse
INFO: [GeminiClient] Acquired semaphore. Active calls: 29
May 08, 2026 3:45:19 PM arch.GeminiClient getResponse
WARNING: [GeminiClient] TIMEOUT. Active: 28
May 08, 2026 3:45:19 PM arch.GeminiClient getResponse
INFO: [GeminiClient] Waiting for semaphore. In queue: 1 | Active calls: 28 | Available permits: 52
May 08, 2026 3:45:19 PM arch.GeminiClient getResponse
INFO: [GeminiClient] Acquired semaphore. Active calls: 29
May 08, 2026 3:45:19 PM arch.GeminiClient getResponse
WARNING: [GeminiClient] TIMEOUT. Active: 28
May 08, 2026 3:45:19 PM arch.GeminiClient getResponse
INFO: [GeminiClient] Waiting for semaphore. In queue: 1 | Active calls: 28 | Available permits: 52
May 08, 2026 3:45:19 PM arch.GeminiClient getResponse
INFO: [GeminiClient] Acquired semaphore. Active calls: 29
May 08, 2026 3:45:20 PM arch.GeminiClient getResponse
WARNING: [GeminiClient] TIMEOUT. Active: 28
May 08, 2026 3:45:20 PM arch.GeminiClient getResponse
INFO: [GeminiClient] Waiting for semaphore. In queue: 1 | Active calls: 28 | Available permits: 52
May 08, 2026 3:45:20 PM arch.GeminiClient getResponse
INFO: [GeminiClient] Acquired semaphore. Active calls: 29
May 08, 2026 3:45:22 PM arch.GeminiClient getResponse
WARNING: [GeminiClient] TIMEOUT. Active: 28
May 08, 2026 3:45:22 PM arch.GeminiClient getResponse
INFO: [GeminiClient] Waiting for semaphore. In queue: 2 | Active calls: 28 | Available permits: 52
May 08, 2026 3:45:22 PM arch.GeminiClient getResponse
INFO: [GeminiClient] Acquired semaphore. Active calls: 29
May 08, 2026 3:45:23 PM arch.GeminiClient getResponse
INFO: [GeminiClient] Waiting for semaphore. In queue: 2 | Active calls: 29 | Available permits: 51
May 08, 2026 3:45:23 PM arch.GeminiClient getResponse
INFO: [GeminiClient] Acquired semaphore. Active calls: 30
May 08, 2026 3:45:24 PM arch.GeminiClient getResponse
INFO: [GeminiClient] Waiting for semaphore. In queue: 2 | Active calls: 30 | Available permits: 50
May 08, 2026 3:45:24 PM arch.GeminiClient getResponse
INFO: [GeminiClient] Acquired semaphore. Active calls: 31
May 08, 2026 3:45:25 PM arch.GeminiClient getResponse
WARNING: [GeminiClient] TIMEOUT. Active: 30
May 08, 2026 3:45:25 PM arch.GeminiClient getResponse
INFO: [GeminiClient] Waiting for semaphore. In queue: 2 | Active calls: 30 | Available permits: 50
May 08, 2026 3:45:25 PM arch.GeminiClient getResponse
INFO: [GeminiClient] Acquired semaphore. Active calls: 31
May 08, 2026 3:45:25 PM arch.GeminiClient getResponse
INFO: [GeminiClient] Got response. Active calls: 30
May 08, 2026 3:45:25 PM arch.GeminiClient getResponse
INFO: [GeminiClient] Waiting for semaphore. In queue: 2 | Active calls: 24 | Available permits: 50
May 08, 2026 3:45:25 PM arch.GeminiClient getResponse
INFO: [GeminiClient] Acquired semaphore. Active calls: 25
May 08, 2026 3:45:26 PM arch.GeminiClient getResponse
INFO: [GeminiClient] Got response. Active calls: 24
May 08, 2026 3:45:26 PM arch.GeminiClient lambda$static$1
INFO: [WATCHDOG] permits=50 activeGemini=24 waitingForSemaphore=1 executorQueueSize=0 executorActiveThreads=28
May 08, 2026 3:45:27 PM arch.GeminiClient getResponse
INFO: [GeminiClient] Got response. Active calls: 23
May 08, 2026 3:45:27 PM arch.GeminiClient getResponse
WARNING: [GeminiClient] TIMEOUT. Active: 22
May 08, 2026 3:45:27 PM arch.GeminiClient getResponse
INFO: [GeminiClient] Waiting for semaphore. In queue: 2 | Active calls: 21 | Available permits: 52
May 08, 2026 3:45:27 PM arch.GeminiClient getResponse
INFO: [GeminiClient] Acquired semaphore. Active calls: 22
May 08, 2026 3:45:27 PM arch.GeminiClient getResponse
WARNING: [GeminiClient] TIMEOUT. Active: 21
May 08, 2026 3:45:27 PM arch.GeminiClient getResponse
INFO: [GeminiClient] Waiting for semaphore. In queue: 2 | Active calls: 21 | Available permits: 52
May 08, 2026 3:45:27 PM arch.GeminiClient getResponse
INFO: [GeminiClient] Acquired semaphore. Active calls: 22
May 08, 2026 3:45:28 PM arch.GeminiClient getResponse
INFO: [GeminiClient] Got response. Active calls: 21
May 08, 2026 3:45:30 PM arch.GeminiClient getResponse
INFO: [GeminiClient] Got response. Active calls: 17
May 08, 2026 3:45:31 PM arch.GeminiClient getResponse
WARNING: [GeminiClient] TIMEOUT. Active: 16
May 08, 2026 3:45:31 PM arch.GeminiClient getResponse
INFO: [GeminiClient] Waiting for semaphore. In queue: 2 | Active calls: 16 | Available permits: 54
May 08, 2026 3:45:31 PM arch.GeminiClient getResponse
INFO: [GeminiClient] Acquired semaphore. Active calls: 17
May 08, 2026 3:45:31 PM arch.GeminiClient getResponse
INFO: [GeminiClient] Got response. Active calls: 16
May 08, 2026 3:45:31 PM arch.GeminiClient getResponse
INFO: [GeminiClient] Got response. Active calls: 15
May 08, 2026 3:45:32 PM arch.GeminiClient getResponse
INFO: [GeminiClient] Waiting for semaphore. In queue: 2 | Active calls: 14 | Available permits: 55
May 08, 2026 3:45:32 PM arch.GeminiClient getResponse
INFO: [GeminiClient] Acquired semaphore. Active calls: 13
May 08, 2026 3:45:33 PM arch.GeminiClient getResponse
INFO: [GeminiClient] Got response. Active calls: 12
May 08, 2026 3:45:33 PM arch.GeminiClient getResponse
INFO: [GeminiClient] Waiting for semaphore. In queue: 2 | Active calls: 12 | Available permits: 55
May 08, 2026 3:45:33 PM arch.GeminiClient getResponse
INFO: [GeminiClient] Acquired semaphore. Active calls: 13
May 08, 2026 3:45:34 PM arch.GeminiClient getResponse
INFO: [GeminiClient] Got response. Active calls: 12
May 08, 2026 3:45:34 PM arch.GeminiClient getResponse
INFO: [GeminiClient] Got response. Active calls: 11
May 08, 2026 3:45:34 PM arch.GeminiClient getResponse
INFO: [GeminiClient] Waiting for semaphore. In queue: 2 | Active calls: 10 | Available permits: 56
May 08, 2026 3:45:34 PM arch.GeminiClient getResponse
INFO: [GeminiClient] Acquired semaphore. Active calls: 11
May 08, 2026 3:45:35 PM arch.GeminiClient getResponse
INFO: [GeminiClient] Got response. Active calls: 10
May 08, 2026 3:45:35 PM arch.GeminiClient getResponse
INFO: [GeminiClient] Waiting for semaphore. In queue: 2 | Active calls: 10 | Available permits: 56
May 08, 2026 3:45:35 PM arch.GeminiClient getResponse
INFO: [GeminiClient] Acquired semaphore. Active calls: 11
May 08, 2026 3:45:22 PM arch.GeminiClient getResponse
INFO: [GeminiClient] Waiting for semaphore. In queue: 1 | Active calls: 28 | Available permits: 51
May 08, 2026 3:45:35 PM arch.GeminiClient getResponse
INFO: [GeminiClient] Acquired semaphore. Active calls: 12
May 08, 2026 3:45:37 PM arch.GeminiClient getResponse
INFO: [GeminiClient] Got response. Active calls: 11
May 08, 2026 3:45:37 PM arch.GeminiClient getResponse
INFO: [GeminiClient] Waiting for semaphore. In queue: 1 | Active calls: 11 | Available permits: 55
May 08, 2026 3:45:37 PM arch.GeminiClient getResponse
INFO: [GeminiClient] Acquired semaphore. Active calls: 11
May 08, 2026 3:45:38 PM arch.GeminiClient getResponse
INFO: [GeminiClient] Waiting for semaphore. In queue: 1 | Active calls: 11 | Available permits: 54
May 08, 2026 3:45:38 PM arch.GeminiClient getResponse
INFO: [GeminiClient] Acquired semaphore. Active calls: 12
May 08, 2026 3:45:38 PM arch.GeminiClient getResponse
INFO: [GeminiClient] Waiting for semaphore. In queue: 1 | Active calls: 12 | Available permits: 53
May 08, 2026 3:45:38 PM arch.GeminiClient getResponse
INFO: [GeminiClient] Acquired semaphore. Active calls: 13
May 08, 2026 3:45:38 PM arch.GeminiClient getResponse
INFO: [GeminiClient] Waiting for semaphore. In queue: 1 | Active calls: 13 | Available permits: 52
May 08, 2026 3:45:38 PM arch.GeminiClient getResponse
INFO: [GeminiClient] Acquired semaphore. Active calls: 14
May 08, 2026 3:45:25 PM arch.GeminiClient getResponse
INFO: [GeminiClient] Got response. Active calls: 29
May 08, 2026 3:45:25 PM arch.GeminiClient getResponse
INFO: [GeminiClient] Got response. Active calls: 28
May 08, 2026 3:45:25 PM arch.GeminiClient getResponse
INFO: [GeminiClient] Got response. Active calls: 27
May 08, 2026 3:45:25 PM arch.GeminiClient getResponse
INFO: [GeminiClient] Got response. Active calls: 26
May 08, 2026 3:45:25 PM arch.GeminiClient getResponse
INFO: [GeminiClient] Got response. Active calls: 25
May 08, 2026 3:45:25 PM arch.GeminiClient getResponse
INFO: [GeminiClient] Got response. Active calls: 24
May 08, 2026 3:45:38 PM arch.GeminiClient getResponse
INFO: [GeminiClient] Waiting for semaphore. In queue: 1 | Active calls: 14 | Available permits: 57
May 08, 2026 3:45:38 PM arch.GeminiClient getResponse
INFO: [GeminiClient] Acquired semaphore. Active calls: 15
May 08, 2026 3:45:40 PM arch.GeminiClient getResponse
INFO: [GeminiClient] Got response. Active calls: 14
May 08, 2026 3:45:27 PM arch.GeminiClient getResponse
WARNING: [GeminiClient] TIMEOUT. Active: 21
May 08, 2026 3:45:40 PM arch.GeminiClient getResponse
INFO: [GeminiClient] Waiting for semaphore. In queue: 1 | Active calls: 14 | Available permits: 58
May 08, 2026 3:45:40 PM arch.GeminiClient getResponse
INFO: [GeminiClient] Acquired semaphore. Active calls: 15
May 08, 2026 3:45:40 PM arch.GeminiClient getResponse
INFO: [GeminiClient] Waiting for semaphore. In queue: 1 | Active calls: 15 | Available permits: 57
May 08, 2026 3:45:40 PM arch.GeminiClient getResponse
INFO: [GeminiClient] Acquired semaphore. Active calls: 15
May 08, 2026 3:45:41 PM arch.GeminiClient getResponse
INFO: [GeminiClient] Got response. Active calls: 14
May 08, 2026 3:45:41 PM arch.GeminiClient getResponse
INFO: [GeminiClient] Waiting for semaphore. In queue: 1 | Active calls: 14 | Available permits: 57
May 08, 2026 3:45:41 PM arch.GeminiClient getResponse
INFO: [GeminiClient] Acquired semaphore. Active calls: 14
May 08, 2026 3:45:28 PM arch.GeminiClient getResponse
INFO: [GeminiClient] Got response. Active calls: 20
May 08, 2026 3:45:29 PM arch.GeminiClient getResponse
INFO: [GeminiClient] Got response. Active calls: 19
May 08, 2026 3:45:30 PM arch.GeminiClient getResponse
INFO: [GeminiClient] Got response. Active calls: 18
May 08, 2026 3:45:41 PM arch.GeminiClient getResponse
INFO: [GeminiClient] Waiting for semaphore. In queue: 1 | Active calls: 14 | Available permits: 59
May 08, 2026 3:45:41 PM arch.GeminiClient getResponse
INFO: [GeminiClient] Acquired semaphore. Active calls: 15
May 08, 2026 3:45:42 PM arch.GeminiClient getResponse
INFO: [GeminiClient] Got response. Active calls: 14
May 08, 2026 3:45:43 PM arch.GeminiClient getResponse
INFO: [GeminiClient] Waiting for semaphore. In queue: 1 | Active calls: 14 | Available permits: 59
May 08, 2026 3:45:43 PM arch.GeminiClient getResponse
WARNING: [GeminiClient] TIMEOUT. Active: 14
May 08, 2026 3:45:43 PM arch.GeminiClient getResponse
INFO: [GeminiClient] Waiting for semaphore. In queue: 1 | Active calls: 14 | Available permits: 59
May 08, 2026 3:45:43 PM arch.GeminiClient getResponse
INFO: [GeminiClient] Acquired semaphore. Active calls: 15
May 08, 2026 3:45:31 PM arch.GeminiClient getResponse
INFO: [GeminiClient] Got response. Active calls: 14
May 08, 2026 3:45:43 PM arch.GeminiClient getResponse
INFO: [GeminiClient] Waiting for semaphore. In queue: 1 | Active calls: 15 | Available permits: 59
May 08, 2026 3:45:43 PM arch.GeminiClient getResponse
INFO: [GeminiClient] Acquired semaphore. Active calls: 16
May 08, 2026 3:45:32 PM arch.GeminiClient getResponse
INFO: [GeminiClient] Got response. Active calls: 13
May 08, 2026 3:45:32 PM arch.GeminiClient getResponse
INFO: [GeminiClient] Got response. Active calls: 12
May 08, 2026 3:45:44 PM arch.GeminiClient getResponse
INFO: [GeminiClient] Waiting for semaphore. In queue: 1 | Active calls: 16 | Available permits: 60
May 08, 2026 3:45:44 PM arch.GeminiClient getResponse
INFO: [GeminiClient] Acquired semaphore. Active calls: 17
May 08, 2026 3:45:45 PM arch.GeminiClient getResponse
INFO: [GeminiClient] Waiting for semaphore. In queue: 1 | Active calls: 17 | Available permits: 59
May 08, 2026 3:45:45 PM arch.GeminiClient getResponse
INFO: [GeminiClient] Acquired semaphore. Active calls: 18
May 08, 2026 3:45:45 PM arch.GeminiClient getResponse
INFO: [GeminiClient] Waiting for semaphore. In queue: 1 | Active calls: 18 | Available permits: 58
May 08, 2026 3:45:45 PM arch.GeminiClient getResponse
INFO: [GeminiClient] Acquired semaphore. Active calls: 18
May 08, 2026 3:45:34 PM arch.GeminiClient getResponse
INFO: [GeminiClient] Got response. Active calls: 10
May 08, 2026 3:45:45 PM arch.GeminiClient getResponse
INFO: [GeminiClient] Waiting for semaphore. In queue: 1 | Active calls: 18 | Available permits: 58
May 08, 2026 3:45:45 PM arch.GeminiClient getResponse
INFO: [GeminiClient] Acquired semaphore. Active calls: 19
May 08, 2026 3:45:45 PM arch.GeminiClient getResponse
INFO: [GeminiClient] Got response. Active calls: 18
May 08, 2026 3:45:46 PM arch.GeminiClient getResponse
INFO: [GeminiClient] Waiting for semaphore. In queue: 1 | Active calls: 18 | Available permits: 58
May 08, 2026 3:45:46 PM arch.GeminiClient getResponse
INFO: [GeminiClient] Acquired semaphore. Active calls: 19
May 08, 2026 3:45:37 PM arch.GeminiClient getResponse
WARNING: [GeminiClient] TIMEOUT. Active: 10
May 08, 2026 3:45:46 PM arch.GeminiClient getResponse
INFO: [GeminiClient] Waiting for semaphore. In queue: 1 | Active calls: 19 | Available permits: 58
May 08, 2026 3:45:46 PM arch.GeminiClient getResponse
INFO: [GeminiClient] Acquired semaphore. Active calls: 20
May 08, 2026 3:45:46 PM arch.GeminiClient getResponse
INFO: [GeminiClient] Got response. Active calls: 19
May 08, 2026 3:45:46 PM arch.GeminiClient getResponse
INFO: [GeminiClient] Waiting for semaphore. In queue: 1 | Active calls: 19 | Available permits: 58
May 08, 2026 3:45:46 PM arch.GeminiClient getResponse
INFO: [GeminiClient] Acquired semaphore. Active calls: 20
May 08, 2026 3:45:48 PM arch.GeminiClient getResponse
INFO: [GeminiClient] Waiting for semaphore. In queue: 1 | Active calls: 20 | Available permits: 57
May 08, 2026 3:45:48 PM arch.GeminiClient getResponse
INFO: [GeminiClient] Acquired semaphore. Active calls: 21
May 08, 2026 3:45:48 PM arch.GeminiClient getResponse
INFO: [GeminiClient] Waiting for semaphore. In queue: 1 | Active calls: 21 | Available permits: 56
May 08, 2026 3:45:48 PM arch.GeminiClient getResponse
INFO: [GeminiClient] Acquired semaphore. Active calls: 22
May 08, 2026 3:45:49 PM arch.GeminiClient getResponse
INFO: [GeminiClient] Got response. Active calls: 21
May 08, 2026 3:45:50 PM arch.GeminiClient getResponse
INFO: [GeminiClient] Got response. Active calls: 20
May 08, 2026 3:45:50 PM arch.GeminiClient getResponse
INFO: [GeminiClient] Waiting for semaphore. In queue: 1 | Active calls: 18 | Available permits: 57
May 08, 2026 3:45:50 PM arch.GeminiClient getResponse
INFO: [GeminiClient] Acquired semaphore. Active calls: 19
May 08, 2026 3:45:50 PM arch.GeminiClient getResponse
INFO: [GeminiClient] Waiting for semaphore. In queue: 1 | Active calls: 19 | Available permits: 56
May 08, 2026 3:45:50 PM arch.GeminiClient getResponse
INFO: [GeminiClient] Acquired semaphore. Active calls: 20
May 08, 2026 3:45:51 PM arch.GeminiClient getResponse
INFO: [GeminiClient] Waiting for semaphore. In queue: 1 | Active calls: 20 | Available permits: 55
May 08, 2026 3:45:51 PM arch.GeminiClient getResponse
INFO: [GeminiClient] Acquired semaphore. Active calls: 21
May 08, 2026 3:45:51 PM arch.GeminiClient getResponse
INFO: [GeminiClient] Waiting for semaphore. In queue: 1 | Active calls: 21 | Available permits: 54
May 08, 2026 3:45:51 PM arch.GeminiClient getResponse
INFO: [GeminiClient] Acquired semaphore. Active calls: 20
May 08, 2026 3:45:52 PM arch.GeminiClient getResponse
INFO: [GeminiClient] Got response. Active calls: 19
May 08, 2026 3:45:40 PM arch.GeminiClient getResponse
INFO: [GeminiClient] Got response. Active calls: 14
May 08, 2026 3:45:53 PM arch.GeminiClient getResponse
INFO: [GeminiClient] Got response. Active calls: 18
May 08, 2026 3:45:54 PM arch.GeminiClient getResponse
INFO: [GeminiClient] Waiting for semaphore. In queue: 1 | Active calls: 18 | Available permits: 56
May 08, 2026 3:45:54 PM arch.GeminiClient getResponse
INFO: [GeminiClient] Acquired semaphore. Active calls: 19
May 08, 2026 3:45:41 PM arch.GeminiClient getResponse
INFO: [GeminiClient] Got response. Active calls: 13
May 08, 2026 3:45:54 PM arch.GeminiClient getResponse
INFO: [GeminiClient] Waiting for semaphore. In queue: 1 | Active calls: 19 | Available permits: 56
May 08, 2026 3:45:54 PM arch.GeminiClient getResponse
INFO: [GeminiClient] Acquired semaphore. Active calls: 20
May 08, 2026 3:45:54 PM arch.GeminiClient getResponse
INFO: [GeminiClient] Waiting for semaphore. In queue: 1 | Active calls: 20 | Available permits: 55
May 08, 2026 3:45:54 PM arch.GeminiClient getResponse
INFO: [GeminiClient] Acquired semaphore. Active calls: 21
May 08, 2026 3:45:54 PM arch.GeminiClient getResponse
INFO: [GeminiClient] Waiting for semaphore. In queue: 1 | Active calls: 21 | Available permits: 54
May 08, 2026 3:45:54 PM arch.GeminiClient getResponse
INFO: [GeminiClient] Acquired semaphore. Active calls: 22
May 08, 2026 3:45:56 PM arch.GeminiClient lambda$static$1
INFO: [WATCHDOG] permits=53 activeGemini=20 waitingForSemaphore=0 executorQueueSize=0 executorActiveThreads=18
May 08, 2026 3:45:56 PM arch.GeminiClient getResponse
INFO: [GeminiClient] Got response. Active calls: 18
May 08, 2026 3:45:43 PM arch.GeminiClient getResponse
INFO: [GeminiClient] Acquired semaphore. Active calls: 15
May 08, 2026 3:45:57 PM arch.GeminiClient getResponse
INFO: [GeminiClient] Got response. Active calls: 17
May 08, 2026 3:45:57 PM arch.GeminiClient getResponse
INFO: [GeminiClient] Waiting for semaphore. In queue: 1 | Active calls: 17 | Available permits: 55
May 08, 2026 3:45:57 PM arch.GeminiClient getResponse
INFO: [GeminiClient] Acquired semaphore. Active calls: 18
May 08, 2026 3:45:45 PM arch.GeminiClient getResponse
INFO: [GeminiClient] Got response. Active calls: 17
May 08, 2026 3:45:58 PM arch.GeminiClient getResponse
INFO: [GeminiClient] Waiting for semaphore. In queue: 1 | Active calls: 18 | Available permits: 55
May 08, 2026 3:45:58 PM arch.GeminiClient getResponse
INFO: [GeminiClient] Acquired semaphore. Active calls: 19
May 08, 2026 3:45:58 PM arch.GeminiClient getResponse
INFO: [GeminiClient] Waiting for semaphore. In queue: 1 | Active calls: 19 | Available permits: 54
May 08, 2026 3:45:58 PM arch.GeminiClient getResponse
INFO: [GeminiClient] Acquired semaphore. Active calls: 20
May 08, 2026 3:46:02 PM arch.GeminiClient getResponse
INFO: [GeminiClient] Waiting for semaphore. In queue: 1 | Active calls: 20 | Available permits: 53
May 08, 2026 3:46:02 PM arch.GeminiClient getResponse
INFO: [GeminiClient] Acquired semaphore. Active calls: 21
May 08, 2026 3:46:04 PM arch.GeminiClient getResponse
WARNING: [GeminiClient] TIMEOUT. Active: 20
May 08, 2026 3:46:04 PM arch.GeminiClient getResponse
INFO: [GeminiClient] Waiting for semaphore. In queue: 1 | Active calls: 20 | Available permits: 53
May 08, 2026 3:46:04 PM arch.GeminiClient getResponse
INFO: [GeminiClient] Acquired semaphore. Active calls: 21
May 08, 2026 3:46:05 PM arch.GeminiClient getResponse
INFO: [GeminiClient] Waiting for semaphore. In queue: 1 | Active calls: 21 | Available permits: 52
May 08, 2026 3:46:05 PM arch.GeminiClient getResponse
INFO: [GeminiClient] Acquired semaphore. Active calls: 21
May 08, 2026 3:46:06 PM arch.GeminiClient getResponse
INFO: [GeminiClient] Waiting for semaphore. In queue: 1 | Active calls: 21 | Available permits: 51
May 08, 2026 3:46:06 PM arch.GeminiClient getResponse
INFO: [GeminiClient] Acquired semaphore. Active calls: 22
May 08, 2026 3:45:50 PM arch.GeminiClient getResponse
INFO: [GeminiClient] Got response. Active calls: 19
May 08, 2026 3:45:50 PM arch.GeminiClient getResponse
INFO: [GeminiClient] Got response. Active calls: 18
May 08, 2026 3:45:51 PM arch.GeminiClient getResponse
INFO: [GeminiClient] Got response. Active calls: 20
May 08, 2026 3:45:51 PM arch.GeminiClient getResponse
INFO: [GeminiClient] Got response. Active calls: 19
May 08, 2026 3:46:08 PM arch.GeminiClient getResponse
INFO: [GeminiClient] Waiting for semaphore. In queue: 1 | Active calls: 22 | Available permits: 54
May 08, 2026 3:46:08 PM arch.GeminiClient getResponse
INFO: [GeminiClient] Acquired semaphore. Active calls: 23
May 08, 2026 3:46:09 PM arch.GeminiClient getResponse
WARNING: [GeminiClient] TIMEOUT. Active: 22
May 08, 2026 3:46:09 PM arch.GeminiClient getResponse
INFO: [GeminiClient] Waiting for semaphore. In queue: 1 | Active calls: 22 | Available permits: 54
May 08, 2026 3:46:09 PM arch.GeminiClient getResponse
INFO: [GeminiClient] Acquired semaphore. Active calls: 23
May 08, 2026 3:46:09 PM arch.GeminiClient getResponse
INFO: [GeminiClient] Waiting for semaphore. In queue: 1 | Active calls: 23 | Available permits: 53
May 08, 2026 3:46:09 PM arch.GeminiClient getResponse
INFO: [GeminiClient] Acquired semaphore. Active calls: 24
May 08, 2026 3:46:11 PM arch.GeminiClient getResponse
INFO: [GeminiClient] Waiting for semaphore. In queue: 1 | Active calls: 24 | Available permits: 52
May 08, 2026 3:46:11 PM arch.GeminiClient getResponse
INFO: [GeminiClient] Acquired semaphore. Active calls: 23
May 08, 2026 3:46:11 PM arch.GeminiClient getResponse
INFO: [GeminiClient] Waiting for semaphore. In queue: 1 | Active calls: 23 | Available permits: 51
May 08, 2026 3:46:11 PM arch.GeminiClient getResponse
INFO: [GeminiClient] Acquired semaphore. Active calls: 24
May 08, 2026 3:45:54 PM arch.GeminiClient getResponse
INFO: [GeminiClient] Got response. Active calls: 21
May 08, 2026 3:45:54 PM arch.GeminiClient getResponse
INFO: [GeminiClient] Got response. Active calls: 20
May 08, 2026 3:46:11 PM arch.GeminiClient getResponse
INFO: [GeminiClient] Waiting for semaphore. In queue: 1 | Active calls: 24 | Available permits: 52
May 08, 2026 3:46:11 PM arch.GeminiClient getResponse
INFO: [GeminiClient] Acquired semaphore. Active calls: 25
May 08, 2026 3:45:56 PM arch.GeminiClient getResponse
INFO: [GeminiClient] Got response. Active calls: 19
May 08, 2026 3:46:13 PM arch.GeminiClient getResponse
INFO: [GeminiClient] Waiting for semaphore. In queue: 1 | Active calls: 25 | Available permits: 52
May 08, 2026 3:46:13 PM arch.GeminiClient getResponse
INFO: [GeminiClient] Acquired semaphore. Active calls: 26
May 08, 2026 3:46:13 PM arch.GeminiClient getResponse
WARNING: [GeminiClient] TIMEOUT. Active: 25
May 08, 2026 3:46:13 PM arch.GeminiClient getResponse
INFO: [GeminiClient] Waiting for semaphore. In queue: 1 | Active calls: 25 | Available permits: 52
May 08, 2026 3:46:13 PM arch.GeminiClient getResponse
INFO: [GeminiClient] Acquired semaphore. Active calls: 26
May 08, 2026 3:46:14 PM arch.GeminiClient getResponse
INFO: [GeminiClient] Waiting for semaphore. In queue: 1 | Active calls: 26 | Available permits: 51
May 08, 2026 3:46:14 PM arch.GeminiClient getResponse
INFO: [GeminiClient] Acquired semaphore. Active calls: 27
May 08, 2026 3:46:15 PM arch.GeminiClient getResponse
WARNING: [GeminiClient] TIMEOUT. Active: 26
May 08, 2026 3:46:15 PM arch.GeminiClient getResponse
INFO: [GeminiClient] Waiting for semaphore. In queue: 1 | Active calls: 26 | Available permits: 51
May 08, 2026 3:46:15 PM arch.GeminiClient getResponse
INFO: [GeminiClient] Acquired semaphore. Active calls: 27
May 08, 2026 3:46:15 PM arch.GeminiClient getResponse
INFO: [GeminiClient] Waiting for semaphore. In queue: 1 | Active calls: 27 | Available permits: 50
May 08, 2026 3:46:15 PM arch.GeminiClient getResponse
INFO: [GeminiClient] Acquired semaphore. Active calls: 28
May 08, 2026 3:46:15 PM arch.GeminiClient getResponse
INFO: [GeminiClient] Got response. Active calls: 27
May 08, 2026 3:46:15 PM arch.GeminiClient getResponse
INFO: [GeminiClient] Got response. Active calls: 23
May 08, 2026 3:46:15 PM arch.GeminiClient getResponse
INFO: [GeminiClient] Waiting for semaphore. In queue: 1 | Active calls: 22 | Available permits: 51
May 08, 2026 3:46:15 PM arch.GeminiClient getResponse
INFO: [GeminiClient] Acquired semaphore. Active calls: 23
May 08, 2026 3:46:17 PM arch.GeminiClient getResponse
INFO: [GeminiClient] Waiting for semaphore. In queue: 1 | Active calls: 23 | Available permits: 50
May 08, 2026 3:46:17 PM arch.GeminiClient getResponse
INFO: [GeminiClient] Acquired semaphore. Active calls: 24
May 08, 2026 3:46:05 PM arch.GeminiClient getResponse
WARNING: [GeminiClient] TIMEOUT. Active: 20
May 08, 2026 3:46:21 PM arch.GeminiClient getResponse
INFO: [GeminiClient] Waiting for semaphore. In queue: 1 | Active calls: 24 | Available permits: 50
May 08, 2026 3:46:21 PM arch.GeminiClient getResponse
INFO: [GeminiClient] Acquired semaphore. Active calls: 25
May 08, 2026 3:46:21 PM arch.GeminiClient getResponse
INFO: [GeminiClient] Waiting for semaphore. In queue: 1 | Active calls: 25 | Available permits: 49
May 08, 2026 3:46:21 PM arch.GeminiClient getResponse
INFO: [GeminiClient] Acquired semaphore. Active calls: 26
May 08, 2026 3:46:22 PM arch.GeminiClient getResponse
WARNING: [GeminiClient] TIMEOUT. Active: 25
May 08, 2026 3:46:22 PM arch.GeminiClient getResponse
INFO: [GeminiClient] Waiting for semaphore. In queue: 1 | Active calls: 25 | Available permits: 49
May 08, 2026 3:46:22 PM arch.GeminiClient getResponse
INFO: [GeminiClient] Acquired semaphore. Active calls: 26
May 08, 2026 3:46:23 PM arch.GeminiClient getResponse
INFO: [GeminiClient] Waiting for semaphore. In queue: 1 | Active calls: 26 | Available permits: 48
May 08, 2026 3:46:23 PM arch.GeminiClient getResponse
INFO: [GeminiClient] Acquired semaphore. Active calls: 27
May 08, 2026 3:46:24 PM arch.GeminiClient getResponse
INFO: [GeminiClient] Waiting for semaphore. In queue: 1 | Active calls: 27 | Available permits: 47
May 08, 2026 3:46:24 PM arch.GeminiClient getResponse
INFO: [GeminiClient] Acquired semaphore. Active calls: 28
May 08, 2026 3:46:24 PM arch.GeminiClient getResponse
INFO: [GeminiClient] Waiting for semaphore. In queue: 1 | Active calls: 28 | Available permits: 46
May 08, 2026 3:46:24 PM arch.GeminiClient getResponse
INFO: [GeminiClient] Acquired semaphore. Active calls: 29
May 08, 2026 3:46:24 PM arch.GeminiClient getResponse
INFO: [GeminiClient] Waiting for semaphore. In queue: 1 | Active calls: 29 | Available permits: 45
May 08, 2026 3:46:24 PM arch.GeminiClient getResponse
INFO: [GeminiClient] Acquired semaphore. Active calls: 30
May 08, 2026 3:46:24 PM arch.GeminiClient getResponse
WARNING: [GeminiClient] TIMEOUT. Active: 29
May 08, 2026 3:46:24 PM arch.GeminiClient getResponse
INFO: [GeminiClient] Waiting for semaphore. In queue: 1 | Active calls: 28 | Available permits: 45
May 08, 2026 3:46:24 PM arch.GeminiClient getResponse
INFO: [GeminiClient] Acquired semaphore. Active calls: 29
May 08, 2026 3:46:25 PM arch.GeminiClient getResponse
INFO: [GeminiClient] Waiting for semaphore. In queue: 1 | Active calls: 28 | Available permits: 44
May 08, 2026 3:46:25 PM arch.GeminiClient getResponse
INFO: [GeminiClient] Acquired semaphore. Active calls: 29
May 08, 2026 3:46:26 PM arch.GeminiClient getResponse
INFO: [GeminiClient] Waiting for semaphore. In queue: 1 | Active calls: 29 | Available permits: 43
May 08, 2026 3:46:26 PM arch.GeminiClient getResponse
INFO: [GeminiClient] Acquired semaphore. Active calls: 30
May 08, 2026 3:46:26 PM arch.GeminiClient lambda$static$1
INFO: [WATCHDOG] permits=42 activeGemini=30 waitingForSemaphore=0 executorQueueSize=0 executorActiveThreads=35
May 08, 2026 3:46:26 PM arch.GeminiClient getResponse
INFO: [GeminiClient] Waiting for semaphore. In queue: 1 | Active calls: 30 | Available permits: 42
May 08, 2026 3:46:26 PM arch.GeminiClient getResponse
INFO: [GeminiClient] Acquired semaphore. Active calls: 31
May 08, 2026 3:46:11 PM arch.GeminiClient getResponse
WARNING: [GeminiClient] TIMEOUT. Active: 22
May 08, 2026 3:46:26 PM arch.GeminiClient getResponse
INFO: [GeminiClient] Waiting for semaphore. In queue: 1 | Active calls: 31 | Available permits: 42
May 08, 2026 3:46:26 PM arch.GeminiClient getResponse
INFO: [GeminiClient] Acquired semaphore. Active calls: 32
May 08, 2026 3:46:11 PM arch.GeminiClient getResponse
WARNING: [GeminiClient] TIMEOUT. Active: 23
May 08, 2026 3:46:26 PM arch.GeminiClient getResponse
INFO: [GeminiClient] Waiting for semaphore. In queue: 1 | Active calls: 32 | Available permits: 42
May 08, 2026 3:46:26 PM arch.GeminiClient getResponse
INFO: [GeminiClient] Acquired semaphore. Active calls: 33
May 08, 2026 3:46:26 PM arch.GeminiClient getResponse
WARNING: [GeminiClient] TIMEOUT. Active: 32
May 08, 2026 3:46:26 PM arch.GeminiClient getResponse
INFO: [GeminiClient] Waiting for semaphore. In queue: 1 | Active calls: 32 | Available permits: 42
May 08, 2026 3:46:26 PM arch.GeminiClient getResponse
INFO: [GeminiClient] Acquired semaphore. Active calls: 33
May 08, 2026 3:46:26 PM arch.GeminiClient getResponse
INFO: [GeminiClient] Waiting for semaphore. In queue: 1 | Active calls: 33 | Available permits: 41
May 08, 2026 3:46:26 PM arch.GeminiClient getResponse
INFO: [GeminiClient] Acquired semaphore. Active calls: 34
May 08, 2026 3:46:27 PM arch.GeminiClient getResponse
WARNING: [GeminiClient] TIMEOUT. Active: 33
May 08, 2026 3:46:27 PM arch.GeminiClient getResponse
INFO: [GeminiClient] Waiting for semaphore. In queue: 1 | Active calls: 33 | Available permits: 41
May 08, 2026 3:46:27 PM arch.GeminiClient getResponse
INFO: [GeminiClient] Acquired semaphore. Active calls: 34
May 08, 2026 3:46:27 PM arch.GeminiClient getResponse
INFO: [GeminiClient] Waiting for semaphore. In queue: 1 | Active calls: 34 | Available permits: 40
May 08, 2026 3:46:27 PM arch.GeminiClient getResponse
INFO: [GeminiClient] Acquired semaphore. Active calls: 35
May 08, 2026 3:46:28 PM arch.GeminiClient getResponse
WARNING: [GeminiClient] TIMEOUT. Active: 34
May 08, 2026 3:46:28 PM arch.GeminiClient getResponse
INFO: [GeminiClient] Waiting for semaphore. In queue: 1 | Active calls: 33 | Available permits: 40
May 08, 2026 3:46:28 PM arch.GeminiClient getResponse
INFO: [GeminiClient] Acquired semaphore. Active calls: 34
May 08, 2026 3:46:29 PM arch.GeminiClient getResponse
INFO: [GeminiClient] Waiting for semaphore. In queue: 1 | Active calls: 34 | Available permits: 39
May 08, 2026 3:46:29 PM arch.GeminiClient getResponse
INFO: [GeminiClient] Acquired semaphore. Active calls: 35
May 08, 2026 3:46:32 PM arch.GeminiClient getResponse
INFO: [GeminiClient] Got response. Active calls: 34
May 08, 2026 3:46:15 PM arch.GeminiClient getResponse
INFO: [GeminiClient] Got response. Active calls: 26
May 08, 2026 3:46:15 PM arch.GeminiClient getResponse
INFO: [GeminiClient] Got response. Active calls: 25
May 08, 2026 3:46:15 PM arch.GeminiClient getResponse
INFO: [GeminiClient] Got response. Active calls: 24
May 08, 2026 3:46:15 PM arch.GeminiClient getResponse
INFO: [GeminiClient] Got response. Active calls: 22
May 08, 2026 3:46:32 PM arch.GeminiClient getResponse
INFO: [GeminiClient] Waiting for semaphore. In queue: 1 | Active calls: 20 | Available permits: 43
May 08, 2026 3:46:32 PM arch.GeminiClient getResponse
INFO: [GeminiClient] Acquired semaphore. Active calls: 21
May 08, 2026 3:46:32 PM arch.GeminiClient getResponse
INFO: [GeminiClient] Waiting for semaphore. In queue: 1 | Active calls: 21 | Available permits: 42
May 08, 2026 3:46:32 PM arch.GeminiClient getResponse
INFO: [GeminiClient] Acquired semaphore. Active calls: 22
May 08, 2026 3:46:32 PM arch.GeminiClient getResponse
WARNING: [GeminiClient] TIMEOUT. Active: 21
May 08, 2026 3:46:32 PM arch.GeminiClient getResponse
INFO: [GeminiClient] Waiting for semaphore. In queue: 1 | Active calls: 21 | Available permits: 42
May 08, 2026 3:46:32 PM arch.GeminiClient getResponse
INFO: [GeminiClient] Acquired semaphore. Active calls: 22
May 08, 2026 3:46:33 PM arch.GeminiClient getResponse
INFO: [GeminiClient] Got response. Active calls: 21
May 08, 2026 3:46:33 PM arch.GeminiClient getResponse
INFO: [GeminiClient] Waiting for semaphore. In queue: 1 | Active calls: 20 | Available permits: 42
May 08, 2026 3:46:33 PM arch.GeminiClient getResponse
INFO: [GeminiClient] Acquired semaphore. Active calls: 21
May 08, 2026 3:46:33 PM arch.GeminiClient getResponse
INFO: [GeminiClient] Got response. Active calls: 20
May 08, 2026 3:46:34 PM arch.GeminiClient getResponse
INFO: [GeminiClient] Got response. Active calls: 17
May 08, 2026 3:46:34 PM arch.GeminiClient getResponse
INFO: [GeminiClient] Waiting for semaphore. In queue: 1 | Active calls: 17 | Available permits: 43
May 08, 2026 3:46:34 PM arch.GeminiClient getResponse
INFO: [GeminiClient] Got response. Active calls: 16
May 08, 2026 3:46:24 PM arch.GeminiClient getResponse
WARNING: [GeminiClient] TIMEOUT. Active: 28
May 08, 2026 3:46:35 PM arch.GeminiClient getResponse
INFO: [GeminiClient] Waiting for semaphore. In queue: 1 | Active calls: 16 | Available permits: 44
May 08, 2026 3:46:35 PM arch.GeminiClient getResponse
INFO: [GeminiClient] Acquired semaphore. Active calls: 17
May 08, 2026 3:46:24 PM arch.GeminiClient getResponse
WARNING: [GeminiClient] TIMEOUT. Active: 28
May 08, 2026 3:46:37 PM arch.GeminiClient getResponse
INFO: [GeminiClient] Waiting for semaphore. In queue: 2 | Active calls: 17 | Available permits: 44
May 08, 2026 3:46:37 PM arch.GeminiClient getResponse
INFO: [GeminiClient] Acquired semaphore. Active calls: 15
May 08, 2026 3:46:37 PM arch.GeminiClient getResponse
INFO: [GeminiClient] Got response. Active calls: 14
May 08, 2026 3:46:37 PM arch.GeminiClient getResponse
INFO: [GeminiClient] Waiting for semaphore. In queue: 2 | Active calls: 14 | Available permits: 44
May 08, 2026 3:46:37 PM arch.GeminiClient getResponse
INFO: [GeminiClient] Acquired semaphore. Active calls: 15
May 08, 2026 3:46:38 PM arch.GeminiClient getResponse
INFO: [GeminiClient] Waiting for semaphore. In queue: 2 | Active calls: 15 | Available permits: 43
May 08, 2026 3:46:38 PM arch.GeminiClient getResponse
INFO: [GeminiClient] Acquired semaphore. Active calls: 15
May 08, 2026 3:46:39 PM arch.GeminiClient getResponse
INFO: [GeminiClient] Got response. Active calls: 14
May 08, 2026 3:46:39 PM arch.GeminiClient getResponse
INFO: [GeminiClient] Waiting for semaphore. In queue: 2 | Active calls: 13 | Available permits: 43
May 08, 2026 3:46:39 PM arch.GeminiClient getResponse
INFO: [GeminiClient] Acquired semaphore. Active calls: 14
May 08, 2026 3:46:39 PM arch.GeminiClient getResponse
INFO: [GeminiClient] Got response. Active calls: 13
May 08, 2026 3:46:40 PM arch.GeminiClient getResponse
INFO: [GeminiClient] Waiting for semaphore. In queue: 2 | Active calls: 12 | Available permits: 43
May 08, 2026 3:46:40 PM arch.GeminiClient getResponse
INFO: [GeminiClient] Acquired semaphore. Active calls: 12
May 08, 2026 3:46:40 PM arch.GeminiClient getResponse
INFO: [GeminiClient] Got response. Active calls: 11
May 08, 2026 3:46:28 PM arch.GeminiClient getResponse
WARNING: [GeminiClient] TIMEOUT. Active: 33
May 08, 2026 3:46:40 PM arch.GeminiClient getResponse
INFO: [GeminiClient] Waiting for semaphore. In queue: 2 | Active calls: 11 | Available permits: 44
May 08, 2026 3:46:40 PM arch.GeminiClient getResponse
INFO: [GeminiClient] Acquired semaphore. Active calls: 12
May 08, 2026 3:46:42 PM arch.GeminiClient getResponse
INFO: [GeminiClient] Got response. Active calls: 11
May 08, 2026 3:46:42 PM arch.GeminiClient getResponse
INFO: [GeminiClient] Got response. Active calls: 10
May 08, 2026 3:46:42 PM arch.GeminiClient getResponse
INFO: [GeminiClient] Got response. Active calls: 9
May 08, 2026 3:46:32 PM arch.GeminiClient getResponse
INFO: [GeminiClient] Got response. Active calls: 33
May 08, 2026 3:46:32 PM arch.GeminiClient getResponse
INFO: [GeminiClient] Got response. Active calls: 32
May 08, 2026 3:46:32 PM arch.GeminiClient getResponse
INFO: [GeminiClient] Got response. Active calls: 31
May 08, 2026 3:46:32 PM arch.GeminiClient getResponse
INFO: [GeminiClient] Got response. Active calls: 30
May 08, 2026 3:46:32 PM arch.GeminiClient getResponse
INFO: [GeminiClient] Got response. Active calls: 29
May 08, 2026 3:46:32 PM arch.GeminiClient getResponse
INFO: [GeminiClient] Got response. Active calls: 28
May 08, 2026 3:46:32 PM arch.GeminiClient getResponse
INFO: [GeminiClient] Got response. Active calls: 26
May 08, 2026 3:46:32 PM arch.GeminiClient getResponse
INFO: [GeminiClient] Got response. Active calls: 27
May 08, 2026 3:46:32 PM arch.GeminiClient getResponse
INFO: [GeminiClient] Got response. Active calls: 25
May 08, 2026 3:46:32 PM arch.GeminiClient getResponse
INFO: [GeminiClient] Got response. Active calls: 24
May 08, 2026 3:46:32 PM arch.GeminiClient getResponse
INFO: [GeminiClient] Got response. Active calls: 23
May 08, 2026 3:46:32 PM arch.GeminiClient getResponse
INFO: [GeminiClient] Got response. Active calls: 22
May 08, 2026 3:46:32 PM arch.GeminiClient getResponse
INFO: [GeminiClient] Got response. Active calls: 21
May 08, 2026 3:46:32 PM arch.GeminiClient getResponse
INFO: [GeminiClient] Got response. Active calls: 20
May 08, 2026 3:46:42 PM arch.GeminiClient getResponse
INFO: [GeminiClient] Got response. Active calls: 8
May 08, 2026 3:46:43 PM arch.GeminiClient getResponse
INFO: [GeminiClient] Waiting for semaphore. In queue: 2 | Active calls: 8 | Available permits: 61
May 08, 2026 3:46:43 PM arch.GeminiClient getResponse
INFO: [GeminiClient] Acquired semaphore. Active calls: 9
May 08, 2026 3:46:33 PM arch.GeminiClient getResponse
INFO: [GeminiClient] Got response. Active calls: 20
May 08, 2026 3:46:45 PM arch.GeminiClient getResponse
INFO: [GeminiClient] Waiting for semaphore. In queue: 2 | Active calls: 9 | Available permits: 61
May 08, 2026 3:46:45 PM arch.GeminiClient getResponse
INFO: [GeminiClient] Acquired semaphore. Active calls: 10
May 08, 2026 3:46:33 PM arch.GeminiClient getResponse
INFO: [GeminiClient] Got response. Active calls: 19
May 08, 2026 3:46:33 PM arch.GeminiClient getResponse
INFO: [GeminiClient] Got response. Active calls: 18
May 08, 2026 3:46:46 PM arch.GeminiClient getResponse
INFO: [GeminiClient] Waiting for semaphore. In queue: 2 | Active calls: 10 | Available permits: 62
May 08, 2026 3:46:46 PM arch.GeminiClient getResponse
INFO: [GeminiClient] Acquired semaphore. Active calls: 10
May 08, 2026 3:46:34 PM arch.GeminiClient getResponse
INFO: [GeminiClient] Got response. Active calls: 16
May 08, 2026 3:46:34 PM arch.GeminiClient getResponse
INFO: [GeminiClient] Acquired semaphore. Active calls: 17
May 08, 2026 3:46:46 PM arch.GeminiClient getResponse
INFO: [GeminiClient] Waiting for semaphore. In queue: 2 | Active calls: 10 | Available permits: 62
May 08, 2026 3:46:46 PM arch.GeminiClient getResponse
INFO: [GeminiClient] Acquired semaphore. Active calls: 9
May 08, 2026 3:46:47 PM arch.GeminiClient getResponse
INFO: [GeminiClient] Got response. Active calls: 8
May 08, 2026 3:46:35 PM arch.GeminiClient getResponse
INFO: [GeminiClient] Waiting for semaphore. In queue: 1 | Active calls: 17 | Available permits: 44
May 08, 2026 3:46:47 PM arch.GeminiClient getResponse
INFO: [GeminiClient] Acquired semaphore. Active calls: 9
May 08, 2026 3:46:37 PM arch.GeminiClient getResponse
INFO: [GeminiClient] Got response. Active calls: 16
May 08, 2026 3:46:37 PM arch.GeminiClient getResponse
INFO: [GeminiClient] Got response. Active calls: 15
May 08, 2026 3:46:37 PM arch.GeminiClient getResponse
INFO: [GeminiClient] Got response. Active calls: 14
May 08, 2026 3:46:47 PM arch.GeminiClient getResponse
INFO: [GeminiClient] Got response. Active calls: 7
May 08, 2026 3:46:48 PM arch.GeminiClient getResponse
INFO: [GeminiClient] Got response. Active calls: 6
May 08, 2026 3:46:48 PM arch.GeminiClient getResponse
INFO: [GeminiClient] Waiting for semaphore. In queue: 1 | Active calls: 6 | Available permits: 66
May 08, 2026 3:46:48 PM arch.GeminiClient getResponse
INFO: [GeminiClient] Acquired semaphore. Active calls: 7
May 08, 2026 3:46:38 PM arch.GeminiClient getResponse
INFO: [GeminiClient] Got response. Active calls: 14
May 08, 2026 3:46:39 PM arch.GeminiClient getResponse
INFO: [GeminiClient] Got response. Active calls: 13
May 08, 2026 3:46:51 PM arch.GeminiClient getResponse
INFO: [GeminiClient] Got response. Active calls: 6
May 08, 2026 3:46:51 PM arch.GeminiClient getResponse
INFO: [GeminiClient] Waiting for semaphore. In queue: 1 | Active calls: 6 | Available permits: 68
May 08, 2026 3:46:51 PM arch.GeminiClient getResponse
INFO: [GeminiClient] Acquired semaphore. Active calls: 6
May 08, 2026 3:46:40 PM arch.GeminiClient getResponse
INFO: [GeminiClient] Got response. Active calls: 12
May 08, 2026 3:46:51 PM arch.GeminiClient getResponse
INFO: [GeminiClient] Waiting for semaphore. In queue: 1 | Active calls: 6 | Available permits: 68
May 08, 2026 3:46:51 PM arch.GeminiClient getResponse
INFO: [GeminiClient] Acquired semaphore. Active calls: 7
May 08, 2026 3:46:40 PM arch.GeminiClient getResponse
INFO: [GeminiClient] Got response. Active calls: 11
May 08, 2026 3:46:51 PM arch.GeminiClient getResponse
INFO: [GeminiClient] Waiting for semaphore. In queue: 1 | Active calls: 7 | Available permits: 68
May 08, 2026 3:46:51 PM arch.GeminiClient getResponse
INFO: [GeminiClient] Acquired semaphore. Active calls: 8
May 08, 2026 3:46:52 PM arch.GeminiClient getResponse
INFO: [GeminiClient] Got response. Active calls: 7
May 08, 2026 3:46:52 PM arch.GeminiClient getResponse
INFO: [GeminiClient] Waiting for semaphore. In queue: 1 | Active calls: 7 | Available permits: 68
May 08, 2026 3:46:52 PM arch.GeminiClient getResponse
INFO: [GeminiClient] Acquired semaphore. Active calls: 8
May 08, 2026 3:46:54 PM arch.GeminiClient getResponse
INFO: [GeminiClient] Waiting for semaphore. In queue: 1 | Active calls: 7 | Available permits: 67
May 08, 2026 3:46:56 PM arch.GeminiClient lambda$static$1
INFO: [WATCHDOG] permits=66 activeGemini=8 waitingForSemaphore=0 executorQueueSize=0 executorActiveThreads=6
May 08, 2026 3:46:57 PM arch.GeminiClient getResponse
INFO: [GeminiClient] Waiting for semaphore. In queue: 1 | Active calls: 7 | Available permits: 66
May 08, 2026 3:46:57 PM arch.GeminiClient getResponse
INFO: [GeminiClient] Acquired semaphore. Active calls: 7
May 08, 2026 3:46:58 PM arch.GeminiClient getResponse
INFO: [GeminiClient] Waiting for semaphore. In queue: 1 | Active calls: 7 | Available permits: 65
May 08, 2026 3:46:58 PM arch.GeminiClient getResponse
INFO: [GeminiClient] Acquired semaphore. Active calls: 7
May 08, 2026 3:46:58 PM arch.GeminiClient getResponse
INFO: [GeminiClient] Waiting for semaphore. In queue: 1 | Active calls: 7 | Available permits: 64
May 08, 2026 3:46:58 PM arch.GeminiClient getResponse
INFO: [GeminiClient] Acquired semaphore. Active calls: 8
May 08, 2026 3:46:58 PM arch.GeminiClient getResponse
INFO: [GeminiClient] Waiting for semaphore. In queue: 1 | Active calls: 8 | Available permits: 63
May 08, 2026 3:46:58 PM arch.GeminiClient getResponse
INFO: [GeminiClient] Acquired semaphore. Active calls: 9
May 08, 2026 3:46:58 PM arch.GeminiClient getResponse
INFO: [GeminiClient] Waiting for semaphore. In queue: 1 | Active calls: 9 | Available permits: 62
May 08, 2026 3:46:58 PM arch.GeminiClient getResponse
INFO: [GeminiClient] Acquired semaphore. Active calls: 10
May 08, 2026 3:46:59 PM arch.GeminiClient getResponse
INFO: [GeminiClient] Got response. Active calls: 9
May 08, 2026 3:46:59 PM arch.GeminiClient getResponse
INFO: [GeminiClient] Waiting for semaphore. In queue: 1 | Active calls: 9 | Available permits: 62
May 08, 2026 3:46:59 PM arch.GeminiClient getResponse
INFO: [GeminiClient] Acquired semaphore. Active calls: 10
May 08, 2026 3:47:00 PM arch.GeminiClient getResponse
INFO: [GeminiClient] Waiting for semaphore. In queue: 1 | Active calls: 10 | Available permits: 61
May 08, 2026 3:47:00 PM arch.GeminiClient getResponse
INFO: [GeminiClient] Acquired semaphore. Active calls: 11
May 08, 2026 3:47:00 PM arch.GeminiClient getResponse
INFO: [GeminiClient] Got response. Active calls: 10
May 08, 2026 3:47:00 PM arch.GeminiClient getResponse
INFO: [GeminiClient] Waiting for semaphore. In queue: 1 | Active calls: 10 | Available permits: 61
May 08, 2026 3:47:00 PM arch.GeminiClient getResponse
INFO: [GeminiClient] Acquired semaphore. Active calls: 11
May 08, 2026 3:47:01 PM arch.GeminiClient getResponse
INFO: [GeminiClient] Waiting for semaphore. In queue: 1 | Active calls: 11 | Available permits: 60
May 08, 2026 3:46:46 PM arch.GeminiClient getResponse
INFO: [GeminiClient] Got response. Active calls: 9
May 08, 2026 3:47:02 PM arch.GeminiClient getResponse
INFO: [GeminiClient] Got response. Active calls: 10
May 08, 2026 3:46:46 PM arch.GeminiClient getResponse
INFO: [GeminiClient] Got response. Active calls: 9
May 08, 2026 3:46:46 PM arch.GeminiClient getResponse
INFO: [GeminiClient] Got response. Active calls: 8
May 08, 2026 3:47:02 PM arch.GeminiClient getResponse
INFO: [GeminiClient] Waiting for semaphore. In queue: 1 | Active calls: 9 | Available permits: 63
May 08, 2026 3:47:02 PM arch.GeminiClient getResponse
INFO: [GeminiClient] Acquired semaphore. Active calls: 10
May 08, 2026 3:47:03 PM arch.GeminiClient getResponse
INFO: [GeminiClient] Waiting for semaphore. In queue: 1 | Active calls: 10 | Available permits: 62
May 08, 2026 3:47:03 PM arch.GeminiClient getResponse
INFO: [GeminiClient] Acquired semaphore. Active calls: 10
May 08, 2026 3:47:04 PM arch.GeminiClient getResponse
INFO: [GeminiClient] Waiting for semaphore. In queue: 1 | Active calls: 10 | Available permits: 61
May 08, 2026 3:47:04 PM arch.GeminiClient getResponse
INFO: [GeminiClient] Acquired semaphore. Active calls: 11
May 08, 2026 3:46:47 PM arch.GeminiClient getResponse
INFO: [GeminiClient] Got response. Active calls: 8
May 08, 2026 3:47:05 PM arch.GeminiClient getResponse
INFO: [GeminiClient] Got response. Active calls: 10
May 08, 2026 3:47:05 PM arch.GeminiClient getResponse
INFO: [GeminiClient] Waiting for semaphore. In queue: 1 | Active calls: 10 | Available permits: 62
May 08, 2026 3:47:05 PM arch.GeminiClient getResponse
INFO: [GeminiClient] Acquired semaphore. Active calls: 11
May 08, 2026 3:47:06 PM arch.GeminiClient getResponse
INFO: [GeminiClient] Got response. Active calls: 10
May 08, 2026 3:47:07 PM arch.GeminiClient getResponse
INFO: [GeminiClient] Waiting for semaphore. In queue: 1 | Active calls: 10 | Available permits: 62
May 08, 2026 3:47:07 PM arch.GeminiClient getResponse
INFO: [GeminiClient] Acquired semaphore. Active calls: 11
May 08, 2026 3:46:51 PM arch.GeminiClient getResponse
INFO: [GeminiClient] Got response. Active calls: 5
May 08, 2026 3:47:08 PM arch.GeminiClient getResponse
INFO: [GeminiClient] Waiting for semaphore. In queue: 1 | Active calls: 11 | Available permits: 62
May 08, 2026 3:47:08 PM arch.GeminiClient getResponse
INFO: [GeminiClient] Acquired semaphore. Active calls: 12
May 08, 2026 3:47:10 PM arch.GeminiClient getResponse
INFO: [GeminiClient] Waiting for semaphore. In queue: 1 | Active calls: 12 | Available permits: 61
May 08, 2026 3:47:10 PM arch.GeminiClient getResponse
INFO: [GeminiClient] Acquired semaphore. Active calls: 13
May 08, 2026 3:47:10 PM arch.GeminiClient getResponse
INFO: [GeminiClient] Waiting for semaphore. In queue: 1 | Active calls: 13 | Available permits: 60
May 08, 2026 3:47:10 PM arch.GeminiClient getResponse
INFO: [GeminiClient] Acquired semaphore. Active calls: 14
May 08, 2026 3:46:53 PM arch.GeminiClient getResponse
INFO: [GeminiClient] Got response. Active calls: 7
May 08, 2026 3:47:10 PM arch.GeminiClient getResponse
INFO: [GeminiClient] Waiting for semaphore. In queue: 1 | Active calls: 14 | Available permits: 60
May 08, 2026 3:47:10 PM arch.GeminiClient getResponse
INFO: [GeminiClient] Acquired semaphore. Active calls: 15
May 08, 2026 3:47:11 PM arch.GeminiClient getResponse
INFO: [GeminiClient] Waiting for semaphore. In queue: 1 | Active calls: 15 | Available permits: 59
May 08, 2026 3:47:11 PM arch.GeminiClient getResponse
INFO: [GeminiClient] Acquired semaphore. Active calls: 16
May 08, 2026 3:46:54 PM arch.GeminiClient getResponse
INFO: [GeminiClient] Acquired semaphore. Active calls: 8
May 08, 2026 3:46:56 PM arch.GeminiClient getResponse
INFO: [GeminiClient] Got response. Active calls: 7
May 08, 2026 3:46:57 PM arch.GeminiClient getResponse
INFO: [GeminiClient] Got response. Active calls: 6
May 08, 2026 3:47:13 PM arch.GeminiClient getResponse
INFO: [GeminiClient] Waiting for semaphore. In queue: 1 | Active calls: 16 | Available permits: 60
May 08, 2026 3:47:13 PM arch.GeminiClient getResponse
INFO: [GeminiClient] Acquired semaphore. Active calls: 17
May 08, 2026 3:46:58 PM arch.GeminiClient getResponse
INFO: [GeminiClient] Got response. Active calls: 6
May 08, 2026 3:47:13 PM arch.GeminiClient getResponse
INFO: [GeminiClient] Waiting for semaphore. In queue: 1 | Active calls: 17 | Available permits: 60
May 08, 2026 3:47:13 PM arch.GeminiClient getResponse
INFO: [GeminiClient] Acquired semaphore. Active calls: 18
May 08, 2026 3:47:13 PM arch.GeminiClient getResponse
INFO: [GeminiClient] Waiting for semaphore. In queue: 1 | Active calls: 18 | Available permits: 59
May 08, 2026 3:47:13 PM arch.GeminiClient getResponse
INFO: [GeminiClient] Acquired semaphore. Active calls: 19
May 08, 2026 3:47:13 PM arch.GeminiClient getResponse
INFO: [GeminiClient] Waiting for semaphore. In queue: 1 | Active calls: 19 | Available permits: 58
May 08, 2026 3:47:13 PM arch.GeminiClient getResponse
INFO: [GeminiClient] Acquired semaphore. Active calls: 20
May 08, 2026 3:47:13 PM arch.GeminiClient getResponse
INFO: [GeminiClient] Waiting for semaphore. In queue: 1 | Active calls: 20 | Available permits: 57
May 08, 2026 3:47:13 PM arch.GeminiClient getResponse
INFO: [GeminiClient] Acquired semaphore. Active calls: 21
May 08, 2026 3:47:01 PM arch.GeminiClient getResponse
INFO: [GeminiClient] Got response. Active calls: 10
May 08, 2026 3:47:01 PM arch.GeminiClient getResponse
INFO: [GeminiClient] Acquired semaphore. Active calls: 11
May 08, 2026 3:47:16 PM arch.GeminiClient getResponse
INFO: [GeminiClient] Waiting for semaphore. In queue: 1 | Active calls: 21 | Available permits: 57
May 08, 2026 3:47:16 PM arch.GeminiClient getResponse
INFO: [GeminiClient] Acquired semaphore. Active calls: 22
May 08, 2026 3:47:17 PM arch.GeminiClient getResponse
INFO: [GeminiClient] Waiting for semaphore. In queue: 1 | Active calls: 22 | Available permits: 56
May 08, 2026 3:47:17 PM arch.GeminiClient getResponse
INFO: [GeminiClient] Acquired semaphore. Active calls: 23
May 08, 2026 3:47:02 PM arch.GeminiClient getResponse
INFO: [GeminiClient] Got response. Active calls: 9
May 08, 2026 3:47:17 PM arch.GeminiClient getResponse
INFO: [GeminiClient] Waiting for semaphore. In queue: 1 | Active calls: 23 | Available permits: 56
May 08, 2026 3:47:17 PM arch.GeminiClient getResponse
INFO: [GeminiClient] Acquired semaphore. Active calls: 24
May 08, 2026 3:47:17 PM arch.GeminiClient getResponse
INFO: [GeminiClient] Waiting for semaphore. In queue: 1 | Active calls: 24 | Available permits: 55
May 08, 2026 3:47:17 PM arch.GeminiClient getResponse
INFO: [GeminiClient] Acquired semaphore. Active calls: 25
May 08, 2026 3:47:03 PM arch.GeminiClient getResponse
INFO: [GeminiClient] Got response. Active calls: 9
May 08, 2026 3:47:19 PM arch.GeminiClient getResponse
INFO: [GeminiClient] Waiting for semaphore. In queue: 1 | Active calls: 25 | Available permits: 55
May 08, 2026 3:47:19 PM arch.GeminiClient getResponse
INFO: [GeminiClient] Acquired semaphore. Active calls: 26
May 08, 2026 3:47:19 PM arch.GeminiClient getResponse
INFO: [GeminiClient] Waiting for semaphore. In queue: 1 | Active calls: 26 | Available permits: 54
May 08, 2026 3:47:19 PM arch.GeminiClient getResponse
INFO: [GeminiClient] Acquired semaphore. Active calls: 27
May 08, 2026 3:47:20 PM arch.GeminiClient getResponse
INFO: [GeminiClient] Waiting for semaphore. In queue: 1 | Active calls: 27 | Available permits: 53
May 08, 2026 3:47:20 PM arch.GeminiClient getResponse
INFO: [GeminiClient] Acquired semaphore. Active calls: 28
May 08, 2026 3:47:20 PM arch.GeminiClient getResponse
INFO: [GeminiClient] Waiting for semaphore. In queue: 1 | Active calls: 28 | Available permits: 52
May 08, 2026 3:47:20 PM arch.GeminiClient getResponse
INFO: [GeminiClient] Acquired semaphore. Active calls: 29
May 08, 2026 3:47:22 PM arch.GeminiClient getResponse
INFO: [GeminiClient] Got response. Active calls: 28
May 08, 2026 3:47:22 PM arch.GeminiClient getResponse
INFO: [GeminiClient] Waiting for semaphore. In queue: 1 | Active calls: 17 | Available permits: 52
May 08, 2026 3:47:22 PM arch.GeminiClient getResponse
INFO: [GeminiClient] Acquired semaphore. Active calls: 17
May 08, 2026 3:47:22 PM arch.GeminiClient getResponse
INFO: [GeminiClient] Got response. Active calls: 16
May 08, 2026 3:47:23 PM arch.GeminiClient getResponse
INFO: [GeminiClient] Waiting for semaphore. In queue: 1 | Active calls: 16 | Available permits: 52
May 08, 2026 3:47:23 PM arch.GeminiClient getResponse
INFO: [GeminiClient] Acquired semaphore. Active calls: 17
May 08, 2026 3:47:23 PM arch.GeminiClient getResponse
INFO: [GeminiClient] Waiting for semaphore. In queue: 1 | Active calls: 17 | Available permits: 51
May 08, 2026 3:47:23 PM arch.GeminiClient getResponse
INFO: [GeminiClient] Acquired semaphore. Active calls: 18
May 08, 2026 3:47:23 PM arch.GeminiClient getResponse
INFO: [GeminiClient] Waiting for semaphore. In queue: 1 | Active calls: 18 | Available permits: 50
May 08, 2026 3:47:23 PM arch.GeminiClient getResponse
INFO: [GeminiClient] Acquired semaphore. Active calls: 19
May 08, 2026 3:47:24 PM arch.GeminiClient getResponse
INFO: [GeminiClient] Waiting for semaphore. In queue: 1 | Active calls: 19 | Available permits: 49
May 08, 2026 3:47:24 PM arch.GeminiClient getResponse
INFO: [GeminiClient] Acquired semaphore. Active calls: 20
May 08, 2026 3:47:24 PM arch.GeminiClient getResponse
INFO: [GeminiClient] Waiting for semaphore. In queue: 1 | Active calls: 20 | Available permits: 48
May 08, 2026 3:47:24 PM arch.GeminiClient getResponse
INFO: [GeminiClient] Acquired semaphore. Active calls: 21
May 08, 2026 3:47:24 PM arch.GeminiClient getResponse
INFO: [GeminiClient] Waiting for semaphore. In queue: 1 | Active calls: 21 | Available permits: 47
May 08, 2026 3:47:24 PM arch.GeminiClient getResponse
INFO: [GeminiClient] Acquired semaphore. Active calls: 22
May 08, 2026 3:47:24 PM arch.GeminiClient getResponse
INFO: [GeminiClient] Waiting for semaphore. In queue: 1 | Active calls: 22 | Available permits: 46
May 08, 2026 3:47:24 PM arch.GeminiClient getResponse
INFO: [GeminiClient] Acquired semaphore. Active calls: 23
May 08, 2026 3:47:25 PM arch.GeminiClient getResponse
INFO: [GeminiClient] Waiting for semaphore. In queue: 1 | Active calls: 23 | Available permits: 45
May 08, 2026 3:47:25 PM arch.GeminiClient getResponse
INFO: [GeminiClient] Acquired semaphore. Active calls: 24
May 08, 2026 3:47:25 PM arch.GeminiClient getResponse
INFO: [GeminiClient] Got response. Active calls: 23
May 08, 2026 3:47:26 PM arch.GeminiClient getResponse
INFO: [GeminiClient] Waiting for semaphore. In queue: 1 | Active calls: 23 | Available permits: 45
May 08, 2026 3:47:26 PM arch.GeminiClient getResponse
INFO: [GeminiClient] Acquired semaphore. Active calls: 24
May 08, 2026 3:47:26 PM arch.GeminiClient lambda$static$1
INFO: [WATCHDOG] permits=44 activeGemini=24 waitingForSemaphore=0 executorQueueSize=0 executorActiveThreads=24
May 08, 2026 3:47:27 PM arch.GeminiClient getResponse
INFO: [GeminiClient] Waiting for semaphore. In queue: 1 | Active calls: 24 | Available permits: 44
May 08, 2026 3:47:27 PM arch.GeminiClient getResponse
INFO: [GeminiClient] Acquired semaphore. Active calls: 24
May 08, 2026 3:47:27 PM arch.GeminiClient getResponse
INFO: [GeminiClient] Waiting for semaphore. In queue: 1 | Active calls: 24 | Available permits: 43
May 08, 2026 3:47:27 PM arch.GeminiClient getResponse
INFO: [GeminiClient] Acquired semaphore. Active calls: 25
May 08, 2026 3:47:28 PM arch.GeminiClient getResponse
INFO: [GeminiClient] Got response. Active calls: 24
May 08, 2026 3:47:28 PM arch.GeminiClient getResponse
INFO: [GeminiClient] Waiting for semaphore. In queue: 1 | Active calls: 23 | Available permits: 43
May 08, 2026 3:47:28 PM arch.GeminiClient getResponse
INFO: [GeminiClient] Acquired semaphore. Active calls: 24
May 08, 2026 3:47:29 PM arch.GeminiClient getResponse
INFO: [GeminiClient] Waiting for semaphore. In queue: 1 | Active calls: 24 | Available permits: 42
May 08, 2026 3:47:29 PM arch.GeminiClient getResponse
INFO: [GeminiClient] Acquired semaphore. Active calls: 25
May 08, 2026 3:47:29 PM arch.GeminiClient getResponse
INFO: [GeminiClient] Waiting for semaphore. In queue: 1 | Active calls: 25 | Available permits: 41
May 08, 2026 3:47:29 PM arch.GeminiClient getResponse
INFO: [GeminiClient] Acquired semaphore. Active calls: 26
May 08, 2026 3:47:30 PM arch.GeminiClient getResponse
INFO: [GeminiClient] Waiting for semaphore. In queue: 1 | Active calls: 26 | Available permits: 40
May 08, 2026 3:47:30 PM arch.GeminiClient getResponse
INFO: [GeminiClient] Acquired semaphore. Active calls: 27
May 08, 2026 3:47:22 PM arch.GeminiClient getResponse
INFO: [GeminiClient] Got response. Active calls: 27
May 08, 2026 3:47:22 PM arch.GeminiClient getResponse
INFO: [GeminiClient] Got response. Active calls: 26
May 08, 2026 3:47:22 PM arch.GeminiClient getResponse
INFO: [GeminiClient] Got response. Active calls: 25
May 08, 2026 3:47:22 PM arch.GeminiClient getResponse
INFO: [GeminiClient] Got response. Active calls: 24
May 08, 2026 3:47:22 PM arch.GeminiClient getResponse
INFO: [GeminiClient] Got response. Active calls: 23
May 08, 2026 3:47:22 PM arch.GeminiClient getResponse
INFO: [GeminiClient] Got response. Active calls: 22
May 08, 2026 3:47:22 PM arch.GeminiClient getResponse
INFO: [GeminiClient] Got response. Active calls: 21
May 08, 2026 3:47:22 PM arch.GeminiClient getResponse
INFO: [GeminiClient] Got response. Active calls: 20
May 08, 2026 3:47:22 PM arch.GeminiClient getResponse
INFO: [GeminiClient] Got response. Active calls: 19
May 08, 2026 3:47:22 PM arch.GeminiClient getResponse
INFO: [GeminiClient] Got response. Active calls: 18
May 08, 2026 3:47:22 PM arch.GeminiClient getResponse
INFO: [GeminiClient] Got response. Active calls: 17
May 08, 2026 3:47:36 PM arch.GeminiClient getResponse
INFO: [GeminiClient] Waiting for semaphore. In queue: 1 | Active calls: 27 | Available permits: 50
May 08, 2026 3:47:36 PM arch.GeminiClient getResponse
INFO: [GeminiClient] Acquired semaphore. Active calls: 28
May 08, 2026 3:47:22 PM arch.GeminiClient getResponse
INFO: [GeminiClient] Got response. Active calls: 16
May 08, 2026 3:47:36 PM arch.GeminiClient getResponse
INFO: [GeminiClient] Waiting for semaphore. In queue: 1 | Active calls: 28 | Available permits: 50
May 08, 2026 3:47:36 PM arch.GeminiClient getResponse
INFO: [GeminiClient] Acquired semaphore. Active calls: 29
May 08, 2026 3:47:37 PM arch.GeminiClient getResponse
INFO: [GeminiClient] Waiting for semaphore. In queue: 1 | Active calls: 29 | Available permits: 49
May 08, 2026 3:47:37 PM arch.GeminiClient getResponse
INFO: [GeminiClient] Acquired semaphore. Active calls: 30
May 08, 2026 3:47:38 PM arch.GeminiClient getResponse
INFO: [GeminiClient] Waiting for semaphore. In queue: 1 | Active calls: 30 | Available permits: 48
May 08, 2026 3:47:38 PM arch.GeminiClient getResponse
INFO: [GeminiClient] Acquired semaphore. Active calls: 31
May 08, 2026 3:47:44 PM arch.GeminiClient getResponse
WARNING: [GeminiClient] TIMEOUT. Active: 30
May 08, 2026 3:47:44 PM arch.GeminiClient getResponse
INFO: [GeminiClient] Waiting for semaphore. In queue: 1 | Active calls: 30 | Available permits: 48
May 08, 2026 3:47:44 PM arch.GeminiClient getResponse
INFO: [GeminiClient] Acquired semaphore. Active calls: 31
May 08, 2026 3:47:44 PM arch.GeminiClient getResponse
WARNING: [GeminiClient] TIMEOUT. Active: 30
May 08, 2026 3:47:44 PM arch.GeminiClient getResponse
INFO: [GeminiClient] Waiting for semaphore. In queue: 1 | Active calls: 29 | Available permits: 48
May 08, 2026 3:47:44 PM arch.GeminiClient getResponse
INFO: [GeminiClient] Acquired semaphore. Active calls: 30
May 08, 2026 3:47:45 PM arch.GeminiClient getResponse
INFO: [GeminiClient] Waiting for semaphore. In queue: 1 | Active calls: 30 | Available permits: 47
May 08, 2026 3:47:45 PM arch.GeminiClient getResponse
INFO: [GeminiClient] Acquired semaphore. Active calls: 31
May 08, 2026 3:47:27 PM arch.GeminiClient getResponse
INFO: [GeminiClient] Got response. Active calls: 23
May 08, 2026 3:47:47 PM arch.GeminiClient getResponse
INFO: [GeminiClient] Waiting for semaphore. In queue: 1 | Active calls: 31 | Available permits: 47
May 08, 2026 3:47:47 PM arch.GeminiClient getResponse
INFO: [GeminiClient] Acquired semaphore. Active calls: 29
May 08, 2026 3:47:47 PM arch.GeminiClient getResponse
WARNING: [GeminiClient] TIMEOUT. Active: 28
May 08, 2026 3:47:47 PM arch.GeminiClient getResponse
INFO: [GeminiClient] Waiting for semaphore. In queue: 1 | Active calls: 28 | Available permits: 47
May 08, 2026 3:47:47 PM arch.GeminiClient getResponse
INFO: [GeminiClient] Acquired semaphore. Active calls: 29
May 08, 2026 3:47:28 PM arch.GeminiClient getResponse
WARNING: [GeminiClient] TIMEOUT. Active: 23
May 08, 2026 3:47:47 PM arch.GeminiClient getResponse
INFO: [GeminiClient] Waiting for semaphore. In queue: 1 | Active calls: 29 | Available permits: 47
May 08, 2026 3:47:47 PM arch.GeminiClient getResponse
INFO: [GeminiClient] Acquired semaphore. Active calls: 30
May 08, 2026 3:47:47 PM arch.GeminiClient getResponse
INFO: [GeminiClient] Waiting for semaphore. In queue: 1 | Active calls: 30 | Available permits: 46
May 08, 2026 3:47:47 PM arch.GeminiClient getResponse
INFO: [GeminiClient] Acquired semaphore. Active calls: 31
May 08, 2026 3:47:48 PM arch.GeminiClient getResponse
INFO: [GeminiClient] Got response. Active calls: 30
May 08, 2026 3:47:51 PM arch.GeminiClient getResponse
WARNING: [GeminiClient] TIMEOUT. Active: 11
May 08, 2026 3:47:51 PM arch.GeminiClient getResponse
INFO: [GeminiClient] Waiting for semaphore. In queue: 1 | Active calls: 11 | Available permits: 47
May 08, 2026 3:47:51 PM arch.GeminiClient getResponse
INFO: [GeminiClient] Acquired semaphore. Active calls: 12
May 08, 2026 3:47:53 PM arch.GeminiClient getResponse
INFO: [GeminiClient] Waiting for semaphore. In queue: 1 | Active calls: 12 | Available permits: 46
May 08, 2026 3:47:53 PM arch.GeminiClient getResponse
INFO: [GeminiClient] Acquired semaphore. Active calls: 13
May 08, 2026 3:47:53 PM arch.GeminiClient getResponse
INFO: [GeminiClient] Waiting for semaphore. In queue: 1 | Active calls: 13 | Available permits: 45
May 08, 2026 3:47:53 PM arch.GeminiClient getResponse
INFO: [GeminiClient] Acquired semaphore. Active calls: 14
May 08, 2026 3:47:53 PM arch.GeminiClient getResponse
INFO: [GeminiClient] Waiting for semaphore. In queue: 1 | Active calls: 14 | Available permits: 44
May 08, 2026 3:47:53 PM arch.GeminiClient getResponse
INFO: [GeminiClient] Acquired semaphore. Active calls: 15
May 08, 2026 3:47:53 PM arch.GeminiClient getResponse
INFO: [GeminiClient] Waiting for semaphore. In queue: 1 | Active calls: 15 | Available permits: 43
May 08, 2026 3:47:53 PM arch.GeminiClient getResponse
INFO: [GeminiClient] Acquired semaphore. Active calls: 16
May 08, 2026 3:47:54 PM arch.GeminiClient getResponse
INFO: [GeminiClient] Waiting for semaphore. In queue: 1 | Active calls: 16 | Available permits: 42
May 08, 2026 3:47:54 PM arch.GeminiClient getResponse
INFO: [GeminiClient] Acquired semaphore. Active calls: 17
May 08, 2026 3:47:54 PM arch.GeminiClient getResponse
INFO: [GeminiClient] Got response. Active calls: 16
May 08, 2026 3:47:54 PM arch.GeminiClient getResponse
INFO: [GeminiClient] Got response. Active calls: 14
May 08, 2026 3:47:54 PM arch.GeminiClient getResponse
INFO: [GeminiClient] Got response. Active calls: 13
May 08, 2026 3:47:54 PM arch.GeminiClient getResponse
INFO: [GeminiClient] Waiting for semaphore. In queue: 1 | Active calls: 13 | Available permits: 44
May 08, 2026 3:47:54 PM arch.GeminiClient getResponse
INFO: [GeminiClient] Acquired semaphore. Active calls: 14
May 08, 2026 3:47:55 PM arch.GeminiClient getResponse
INFO: [GeminiClient] Waiting for semaphore. In queue: 1 | Active calls: 14 | Available permits: 43
May 08, 2026 3:47:55 PM arch.GeminiClient getResponse
INFO: [GeminiClient] Acquired semaphore. Active calls: 15
May 08, 2026 3:47:55 PM arch.GeminiClient getResponse
INFO: [GeminiClient] Got response. Active calls: 14
May 08, 2026 3:47:56 PM arch.GeminiClient lambda$static$1
INFO: [WATCHDOG] permits=43 activeGemini=14 waitingForSemaphore=0 executorQueueSize=0 executorActiveThreads=15
May 08, 2026 3:47:58 PM arch.GeminiClient getResponse
INFO: [GeminiClient] Waiting for semaphore. In queue: 1 | Active calls: 14 | Available permits: 43
May 08, 2026 3:47:58 PM arch.GeminiClient getResponse
INFO: [GeminiClient] Acquired semaphore. Active calls: 15
May 08, 2026 3:47:44 PM arch.GeminiClient getResponse
WARNING: [GeminiClient] TIMEOUT. Active: 29
May 08, 2026 3:47:58 PM arch.GeminiClient getResponse
INFO: [GeminiClient] Waiting for semaphore. In queue: 1 | Active calls: 15 | Available permits: 43
May 08, 2026 3:47:58 PM arch.GeminiClient getResponse
INFO: [GeminiClient] Acquired semaphore. Active calls: 16
May 08, 2026 3:47:58 PM arch.GeminiClient getResponse
INFO: [GeminiClient] Waiting for semaphore. In queue: 1 | Active calls: 16 | Available permits: 42
May 08, 2026 3:47:58 PM arch.GeminiClient getResponse
INFO: [GeminiClient] Acquired semaphore. Active calls: 17
May 08, 2026 3:47:59 PM arch.GeminiClient getResponse
INFO: [GeminiClient] Waiting for semaphore. In queue: 1 | Active calls: 17 | Available permits: 41
May 08, 2026 3:47:59 PM arch.GeminiClient getResponse
INFO: [GeminiClient] Acquired semaphore. Active calls: 18
May 08, 2026 3:47:59 PM arch.GeminiClient getResponse
INFO: [GeminiClient] Got response. Active calls: 17
May 08, 2026 3:47:59 PM arch.GeminiClient getResponse
INFO: [GeminiClient] Waiting for semaphore. In queue: 1 | Active calls: 17 | Available permits: 41
May 08, 2026 3:47:59 PM arch.GeminiClient getResponse
INFO: [GeminiClient] Acquired semaphore. Active calls: 18
May 08, 2026 3:47:47 PM arch.GeminiClient getResponse
WARNING: [GeminiClient] TIMEOUT. Active: 30
May 08, 2026 3:47:59 PM arch.GeminiClient getResponse
INFO: [GeminiClient] Waiting for semaphore. In queue: 1 | Active calls: 18 | Available permits: 41
May 08, 2026 3:47:59 PM arch.GeminiClient getResponse
INFO: [GeminiClient] Acquired semaphore. Active calls: 19
May 08, 2026 3:47:47 PM arch.GeminiClient getResponse
WARNING: [GeminiClient] TIMEOUT. Active: 29
May 08, 2026 3:47:59 PM arch.GeminiClient getResponse
INFO: [GeminiClient] Waiting for semaphore. In queue: 1 | Active calls: 19 | Available permits: 41
May 08, 2026 3:47:59 PM arch.GeminiClient getResponse
INFO: [GeminiClient] Acquired semaphore. Active calls: 20
May 08, 2026 3:47:47 PM arch.GeminiClient getResponse
WARNING: [GeminiClient] TIMEOUT. Active: 28
May 08, 2026 3:47:59 PM arch.GeminiClient getResponse
INFO: [GeminiClient] Waiting for semaphore. In queue: 1 | Active calls: 20 | Available permits: 41
May 08, 2026 3:47:59 PM arch.GeminiClient getResponse
INFO: [GeminiClient] Acquired semaphore. Active calls: 21
May 08, 2026 3:47:59 PM arch.GeminiClient getResponse
INFO: [GeminiClient] Got response. Active calls: 20
May 08, 2026 3:48:00 PM arch.GeminiClient getResponse
INFO: [GeminiClient] Got response. Active calls: 19
May 08, 2026 3:48:00 PM arch.GeminiClient getResponse
INFO: [GeminiClient] Waiting for semaphore. In queue: 1 | Active calls: 19 | Available permits: 42
May 08, 2026 3:48:00 PM arch.GeminiClient getResponse
INFO: [GeminiClient] Acquired semaphore. Active calls: 20
May 08, 2026 3:48:00 PM arch.GeminiClient getResponse
INFO: [GeminiClient] Got response. Active calls: 19
May 08, 2026 3:48:00 PM arch.GeminiClient getResponse
INFO: [GeminiClient] Waiting for semaphore. In queue: 1 | Active calls: 19 | Available permits: 42
May 08, 2026 3:48:00 PM arch.GeminiClient getResponse
INFO: [GeminiClient] Acquired semaphore. Active calls: 20
May 08, 2026 3:48:00 PM arch.GeminiClient getResponse
INFO: [GeminiClient] Waiting for semaphore. In queue: 1 | Active calls: 20 | Available permits: 41
May 08, 2026 3:48:00 PM arch.GeminiClient getResponse
INFO: [GeminiClient] Acquired semaphore. Active calls: 21
May 08, 2026 3:47:48 PM arch.GeminiClient getResponse
INFO: [GeminiClient] Got response. Active calls: 29
May 08, 2026 3:47:48 PM arch.GeminiClient getResponse
INFO: [GeminiClient] Got response. Active calls: 28
May 08, 2026 3:47:48 PM arch.GeminiClient getResponse
INFO: [GeminiClient] Got response. Active calls: 27
May 08, 2026 3:47:48 PM arch.GeminiClient getResponse
INFO: [GeminiClient] Got response. Active calls: 26
May 08, 2026 3:47:48 PM arch.GeminiClient getResponse
INFO: [GeminiClient] Got response. Active calls: 25
May 08, 2026 3:47:48 PM arch.GeminiClient getResponse
INFO: [GeminiClient] Got response. Active calls: 23
May 08, 2026 3:47:48 PM arch.GeminiClient getResponse
INFO: [GeminiClient] Got response. Active calls: 22
May 08, 2026 3:47:48 PM arch.GeminiClient getResponse
INFO: [GeminiClient] Got response. Active calls: 21
May 08, 2026 3:47:48 PM arch.GeminiClient getResponse
INFO: [GeminiClient] Got response. Active calls: 24
May 08, 2026 3:47:48 PM arch.GeminiClient getResponse
INFO: [GeminiClient] Got response. Active calls: 20
May 08, 2026 3:47:48 PM arch.GeminiClient getResponse
INFO: [GeminiClient] Got response. Active calls: 19
May 08, 2026 3:47:48 PM arch.GeminiClient getResponse
INFO: [GeminiClient] Got response. Active calls: 18
May 08, 2026 3:47:48 PM arch.GeminiClient getResponse
INFO: [GeminiClient] Got response. Active calls: 17
May 08, 2026 3:47:48 PM arch.GeminiClient getResponse
INFO: [GeminiClient] Got response. Active calls: 16
May 08, 2026 3:47:48 PM arch.GeminiClient getResponse
INFO: [GeminiClient] Got response. Active calls: 15
May 08, 2026 3:47:48 PM arch.GeminiClient getResponse
INFO: [GeminiClient] Got response. Active calls: 14
May 08, 2026 3:47:48 PM arch.GeminiClient getResponse
INFO: [GeminiClient] Got response. Active calls: 13
May 08, 2026 3:47:48 PM arch.GeminiClient getResponse
INFO: [GeminiClient] Got response. Active calls: 12
May 08, 2026 3:48:01 PM arch.GeminiClient getResponse
INFO: [GeminiClient] Waiting for semaphore. In queue: 1 | Active calls: 21 | Available permits: 58
May 08, 2026 3:48:01 PM arch.GeminiClient getResponse
INFO: [GeminiClient] Acquired semaphore. Active calls: 21
May 08, 2026 3:48:02 PM arch.GeminiClient getResponse
INFO: [GeminiClient] Got response. Active calls: 20
May 08, 2026 3:48:02 PM arch.GeminiClient getResponse
INFO: [GeminiClient] Waiting for semaphore. In queue: 1 | Active calls: 20 | Available permits: 58
May 08, 2026 3:48:02 PM arch.GeminiClient getResponse
INFO: [GeminiClient] Acquired semaphore. Active calls: 21
May 08, 2026 3:48:03 PM arch.GeminiClient getResponse
INFO: [GeminiClient] Got response. Active calls: 20
May 08, 2026 3:48:03 PM arch.GeminiClient getResponse
INFO: [GeminiClient] Waiting for semaphore. In queue: 1 | Active calls: 19 | Available permits: 58
May 08, 2026 3:48:03 PM arch.GeminiClient getResponse
INFO: [GeminiClient] Acquired semaphore. Active calls: 20
May 08, 2026 3:48:03 PM arch.GeminiClient getResponse
INFO: [GeminiClient] Waiting for semaphore. In queue: 1 | Active calls: 20 | Available permits: 57
May 08, 2026 3:48:03 PM arch.GeminiClient getResponse
INFO: [GeminiClient] Acquired semaphore. Active calls: 20
May 08, 2026 3:48:03 PM arch.GeminiClient getResponse
INFO: [GeminiClient] Waiting for semaphore. In queue: 1 | Active calls: 20 | Available permits: 56
May 08, 2026 3:48:03 PM arch.GeminiClient getResponse
INFO: [GeminiClient] Acquired semaphore. Active calls: 21
May 08, 2026 3:48:04 PM arch.GeminiClient getResponse
INFO: [GeminiClient] Got response. Active calls: 20
May 08, 2026 3:47:54 PM arch.GeminiClient getResponse
INFO: [GeminiClient] Got response. Active calls: 15
May 08, 2026 3:48:05 PM arch.GeminiClient getResponse
INFO: [GeminiClient] Waiting for semaphore. In queue: 1 | Active calls: 20 | Available permits: 57
May 08, 2026 3:48:05 PM arch.GeminiClient getResponse
INFO: [GeminiClient] Acquired semaphore. Active calls: 20
May 08, 2026 3:48:06 PM arch.GeminiClient getResponse
INFO: [GeminiClient] Got response. Active calls: 19
May 08, 2026 3:48:06 PM arch.GeminiClient getResponse
WARNING: [GeminiClient] TIMEOUT. Active: 17
May 08, 2026 3:48:06 PM arch.GeminiClient getResponse
INFO: [GeminiClient] Waiting for semaphore. In queue: 1 | Active calls: 17 | Available permits: 58
May 08, 2026 3:48:06 PM arch.GeminiClient getResponse
INFO: [GeminiClient] Acquired semaphore. Active calls: 18
May 08, 2026 3:48:08 PM arch.GeminiClient getResponse
INFO: [GeminiClient] Got response. Active calls: 17
May 08, 2026 3:48:08 PM arch.GeminiClient getResponse
INFO: [GeminiClient] Waiting for semaphore. In queue: 1 | Active calls: 17 | Available permits: 58
May 08, 2026 3:48:08 PM arch.GeminiClient getResponse
INFO: [GeminiClient] Acquired semaphore. Active calls: 17
May 08, 2026 3:48:10 PM arch.GeminiClient getResponse
INFO: [GeminiClient] Waiting for semaphore. In queue: 1 | Active calls: 17 | Available permits: 57
May 08, 2026 3:48:10 PM arch.GeminiClient getResponse
INFO: [GeminiClient] Acquired semaphore. Active calls: 18
May 08, 2026 3:48:10 PM arch.GeminiClient getResponse
INFO: [GeminiClient] Got response. Active calls: 17
May 08, 2026 3:48:10 PM arch.GeminiClient getResponse
INFO: [GeminiClient] Got response. Active calls: 16
May 08, 2026 3:48:15 PM arch.GeminiClient getResponse
INFO: [GeminiClient] Waiting for semaphore. In queue: 1 | Active calls: 15 | Available permits: 58
May 08, 2026 3:48:15 PM arch.GeminiClient getResponse
INFO: [GeminiClient] Acquired semaphore. Active calls: 16
May 08, 2026 3:48:15 PM arch.GeminiClient getResponse
INFO: [GeminiClient] Waiting for semaphore. In queue: 1 | Active calls: 16 | Available permits: 57
May 08, 2026 3:48:15 PM arch.GeminiClient getResponse
INFO: [GeminiClient] Acquired semaphore. Active calls: 17
May 08, 2026 3:48:16 PM arch.GeminiClient getResponse
INFO: [GeminiClient] Got response. Active calls: 16
May 08, 2026 3:48:17 PM arch.GeminiClient getResponse
INFO: [GeminiClient] Got response. Active calls: 15
May 08, 2026 3:48:17 PM arch.GeminiClient getResponse
INFO: [GeminiClient] Waiting for semaphore. In queue: 1 | Active calls: 13 | Available permits: 58
May 08, 2026 3:48:17 PM arch.GeminiClient getResponse
INFO: [GeminiClient] Acquired semaphore. Active calls: 14
May 08, 2026 3:48:18 PM arch.GeminiClient getResponse
INFO: [GeminiClient] Waiting for semaphore. In queue: 1 | Active calls: 14 | Available permits: 57
May 08, 2026 3:48:18 PM arch.GeminiClient getResponse
INFO: [GeminiClient] Acquired semaphore. Active calls: 15
May 08, 2026 3:48:18 PM arch.GeminiClient getResponse
INFO: [GeminiClient] Waiting for semaphore. In queue: 1 | Active calls: 15 | Available permits: 56
May 08, 2026 3:48:18 PM arch.GeminiClient getResponse
INFO: [GeminiClient] Acquired semaphore. Active calls: 16
May 08, 2026 3:48:18 PM arch.GeminiClient getResponse
INFO: [GeminiClient] Waiting for semaphore. In queue: 1 | Active calls: 16 | Available permits: 55
May 08, 2026 3:48:18 PM arch.GeminiClient getResponse
INFO: [GeminiClient] Acquired semaphore. Active calls: 16
May 08, 2026 3:48:01 PM arch.GeminiClient getResponse
INFO: [GeminiClient] Got response. Active calls: 20
May 08, 2026 3:48:18 PM arch.GeminiClient getResponse
INFO: [GeminiClient] Got response. Active calls: 15
May 08, 2026 3:48:19 PM arch.GeminiClient getResponse
INFO: [GeminiClient] Got response. Active calls: 14
May 08, 2026 3:48:03 PM arch.GeminiClient getResponse
INFO: [GeminiClient] Got response. Active calls: 19
May 08, 2026 3:48:23 PM arch.GeminiClient getResponse
INFO: [GeminiClient] Got response. Active calls: 8
May 08, 2026 3:48:03 PM arch.GeminiClient getResponse
INFO: [GeminiClient] Got response. Active calls: 19
May 08, 2026 3:48:23 PM arch.GeminiClient getResponse
INFO: [GeminiClient] Waiting for semaphore. In queue: 1 | Active calls: 7 | Available permits: 60
May 08, 2026 3:48:23 PM arch.GeminiClient getResponse
INFO: [GeminiClient] Acquired semaphore. Active calls: 8
May 08, 2026 3:48:24 PM arch.GeminiClient getResponse
INFO: [GeminiClient] Got response. Active calls: 7
May 08, 2026 3:48:05 PM arch.GeminiClient getResponse
INFO: [GeminiClient] Got response. Active calls: 19
May 08, 2026 3:48:24 PM arch.GeminiClient getResponse
INFO: [GeminiClient] Got response. Active calls: 6
May 08, 2026 3:48:06 PM arch.GeminiClient getResponse
INFO: [GeminiClient] Got response. Active calls: 18
May 08, 2026 3:48:25 PM arch.GeminiClient getResponse
INFO: [GeminiClient] Waiting for semaphore. In queue: 1 | Active calls: 5 | Available permits: 63
May 08, 2026 3:48:25 PM arch.GeminiClient getResponse
INFO: [GeminiClient] Acquired semaphore. Active calls: 6
May 08, 2026 3:48:26 PM arch.GeminiClient lambda$static$1
INFO: [WATCHDOG] permits=62 activeGemini=6 waitingForSemaphore=0 executorQueueSize=0 executorActiveThreads=7
May 08, 2026 3:48:08 PM arch.GeminiClient getResponse
INFO: [GeminiClient] Got response. Active calls: 16
May 08, 2026 3:48:26 PM arch.GeminiClient getResponse
INFO: [GeminiClient] Waiting for semaphore. In queue: 1 | Active calls: 6 | Available permits: 63
May 08, 2026 3:48:26 PM arch.GeminiClient getResponse
INFO: [GeminiClient] Acquired semaphore. Active calls: 7
May 08, 2026 3:48:27 PM arch.GeminiClient getResponse
INFO: [GeminiClient] Waiting for semaphore. In queue: 1 | Active calls: 7 | Available permits: 62
May 08, 2026 3:48:10 PM arch.GeminiClient getResponse
INFO: [GeminiClient] Got response. Active calls: 15
May 08, 2026 3:48:28 PM arch.GeminiClient getResponse
INFO: [GeminiClient] Waiting for semaphore. In queue: 1 | Active calls: 8 | Available permits: 62
May 08, 2026 3:48:28 PM arch.GeminiClient getResponse
INFO: [GeminiClient] Acquired semaphore. Active calls: 9
May 08, 2026 3:48:30 PM arch.GeminiClient getResponse
INFO: [GeminiClient] Got response. Active calls: 8
May 08, 2026 3:48:31 PM arch.GeminiClient getResponse
INFO: [GeminiClient] Waiting for semaphore. In queue: 1 | Active calls: 8 | Available permits: 62
May 08, 2026 3:48:31 PM arch.GeminiClient getResponse
INFO: [GeminiClient] Acquired semaphore. Active calls: 9
May 08, 2026 3:48:31 PM arch.GeminiClient getResponse
INFO: [GeminiClient] Waiting for semaphore. In queue: 1 | Active calls: 9 | Available permits: 61
May 08, 2026 3:48:31 PM arch.GeminiClient getResponse
INFO: [GeminiClient] Acquired semaphore. Active calls: 9
May 08, 2026 3:48:17 PM arch.GeminiClient getResponse
INFO: [GeminiClient] Got response. Active calls: 14
May 08, 2026 3:48:17 PM arch.GeminiClient getResponse
INFO: [GeminiClient] Got response. Active calls: 13
May 08, 2026 3:48:32 PM arch.GeminiClient getResponse
INFO: [GeminiClient] Waiting for semaphore. In queue: 1 | Active calls: 9 | Available permits: 62
May 08, 2026 3:48:32 PM arch.GeminiClient getResponse
INFO: [GeminiClient] Acquired semaphore. Active calls: 10
May 08, 2026 3:48:32 PM arch.GeminiClient getResponse
INFO: [GeminiClient] Got response. Active calls: 9
May 08, 2026 3:48:32 PM arch.GeminiClient getResponse
INFO: [GeminiClient] Waiting for semaphore. In queue: 1 | Active calls: 9 | Available permits: 62
May 08, 2026 3:48:32 PM arch.GeminiClient getResponse
INFO: [GeminiClient] Acquired semaphore. Active calls: 9
May 08, 2026 3:48:32 PM arch.GeminiClient getResponse
INFO: [GeminiClient] Waiting for semaphore. In queue: 1 | Active calls: 9 | Available permits: 61
May 08, 2026 3:48:32 PM arch.GeminiClient getResponse
INFO: [GeminiClient] Acquired semaphore. Active calls: 10
May 08, 2026 3:48:32 PM arch.GeminiClient getResponse
INFO: [GeminiClient] Waiting for semaphore. In queue: 1 | Active calls: 10 | Available permits: 60
May 08, 2026 3:48:32 PM arch.GeminiClient getResponse
INFO: [GeminiClient] Acquired semaphore. Active calls: 11
May 08, 2026 3:48:32 PM arch.GeminiClient getResponse
INFO: [GeminiClient] Waiting for semaphore. In queue: 1 | Active calls: 11 | Available permits: 59
May 08, 2026 3:48:32 PM arch.GeminiClient getResponse
INFO: [GeminiClient] Acquired semaphore. Active calls: 12
May 08, 2026 3:48:18 PM arch.GeminiClient getResponse
INFO: [GeminiClient] Got response. Active calls: 15
May 08, 2026 3:48:33 PM arch.GeminiClient getResponse
INFO: [GeminiClient] Got response. Active calls: 11
May 08, 2026 3:48:34 PM arch.GeminiClient getResponse
INFO: [GeminiClient] Got response. Active calls: 9
May 08, 2026 3:48:34 PM arch.GeminiClient getResponse
INFO: [GeminiClient] Waiting for semaphore. In queue: 1 | Active calls: 8 | Available permits: 61
May 08, 2026 3:48:34 PM arch.GeminiClient getResponse
INFO: [GeminiClient] Acquired semaphore. Active calls: 9
May 08, 2026 3:48:21 PM arch.GeminiClient getResponse
INFO: [GeminiClient] Got response. Active calls: 13
May 08, 2026 3:48:21 PM arch.GeminiClient getResponse
INFO: [GeminiClient] Got response. Active calls: 12
May 08, 2026 3:48:21 PM arch.GeminiClient getResponse
INFO: [GeminiClient] Got response. Active calls: 11
May 08, 2026 3:48:21 PM arch.GeminiClient getResponse
INFO: [GeminiClient] Got response. Active calls: 10
May 08, 2026 3:48:21 PM arch.GeminiClient getResponse
INFO: [GeminiClient] Got response. Active calls: 9
May 08, 2026 3:48:34 PM arch.GeminiClient getResponse
INFO: [GeminiClient] Waiting for semaphore. In queue: 1 | Active calls: 9 | Available permits: 65
May 08, 2026 3:48:34 PM arch.GeminiClient getResponse
INFO: [GeminiClient] Acquired semaphore. Active calls: 10
May 08, 2026 3:48:35 PM arch.GeminiClient getResponse
INFO: [GeminiClient] Got response. Active calls: 8
May 08, 2026 3:48:37 PM arch.GeminiClient getResponse
INFO: [GeminiClient] Got response. Active calls: 7
May 08, 2026 3:48:23 PM arch.GeminiClient getResponse
INFO: [GeminiClient] Got response. Active calls: 7
May 08, 2026 3:48:37 PM arch.GeminiClient getResponse
INFO: [GeminiClient] Waiting for semaphore. In queue: 1 | Active calls: 7 | Available permits: 67
May 08, 2026 3:48:37 PM arch.GeminiClient getResponse
INFO: [GeminiClient] Acquired semaphore. Active calls: 8
May 08, 2026 3:48:24 PM arch.GeminiClient getResponse
INFO: [GeminiClient] Got response. Active calls: 5
May 08, 2026 3:48:38 PM arch.GeminiClient getResponse
INFO: [GeminiClient] Got response. Active calls: 7
May 08, 2026 3:48:38 PM arch.GeminiClient getResponse
INFO: [GeminiClient] Waiting for semaphore. In queue: 1 | Active calls: 7 | Available permits: 68
May 08, 2026 3:48:38 PM arch.GeminiClient getResponse
INFO: [GeminiClient] Acquired semaphore. Active calls: 8
May 08, 2026 3:48:39 PM arch.GeminiClient getResponse
INFO: [GeminiClient] Got response. Active calls: 7
May 08, 2026 3:48:40 PM arch.GeminiClient getResponse
INFO: [GeminiClient] Waiting for semaphore. In queue: 1 | Active calls: 7 | Available permits: 68
May 08, 2026 3:48:40 PM arch.GeminiClient getResponse
INFO: [GeminiClient] Acquired semaphore. Active calls: 8
May 08, 2026 3:48:27 PM arch.GeminiClient getResponse
INFO: [GeminiClient] Acquired semaphore. Active calls: 8
May 08, 2026 3:48:40 PM arch.GeminiClient getResponse
INFO: [GeminiClient] Waiting for semaphore. In queue: 1 | Active calls: 8 | Available permits: 67
May 08, 2026 3:48:40 PM arch.GeminiClient getResponse
INFO: [GeminiClient] Acquired semaphore. Active calls: 9
May 08, 2026 3:48:40 PM arch.GeminiClient getResponse
INFO: [GeminiClient] Waiting for semaphore. In queue: 1 | Active calls: 9 | Available permits: 66
May 08, 2026 3:48:40 PM arch.GeminiClient getResponse
INFO: [GeminiClient] Acquired semaphore. Active calls: 10
May 08, 2026 3:48:41 PM arch.GeminiClient getResponse
INFO: [GeminiClient] Waiting for semaphore. In queue: 1 | Active calls: 10 | Available permits: 65
May 08, 2026 3:48:41 PM arch.GeminiClient getResponse
INFO: [GeminiClient] Acquired semaphore. Active calls: 10
May 08, 2026 3:48:41 PM arch.GeminiClient getResponse
INFO: [GeminiClient] Waiting for semaphore. In queue: 1 | Active calls: 10 | Available permits: 64
May 08, 2026 3:48:41 PM arch.GeminiClient getResponse
INFO: [GeminiClient] Acquired semaphore. Active calls: 10
May 08, 2026 3:48:41 PM arch.GeminiClient getResponse
INFO: [GeminiClient] Got response. Active calls: 9
May 08, 2026 3:48:31 PM arch.GeminiClient getResponse
INFO: [GeminiClient] Got response. Active calls: 8
May 08, 2026 3:48:41 PM arch.GeminiClient getResponse
INFO: [GeminiClient] Waiting for semaphore. In queue: 1 | Active calls: 9 | Available permits: 65
May 08, 2026 3:48:41 PM arch.GeminiClient getResponse
INFO: [GeminiClient] Acquired semaphore. Active calls: 10
May 08, 2026 3:48:41 PM arch.GeminiClient getResponse
INFO: [GeminiClient] Waiting for semaphore. In queue: 1 | Active calls: 10 | Available permits: 64
May 08, 2026 3:48:44 PM arch.GeminiClient getResponse
INFO: [GeminiClient] Waiting for semaphore. In queue: 1 | Active calls: 11 | Available permits: 63
May 08, 2026 3:48:44 PM arch.GeminiClient getResponse
INFO: [GeminiClient] Acquired semaphore. Active calls: 10
May 08, 2026 3:48:32 PM arch.GeminiClient getResponse
INFO: [GeminiClient] Got response. Active calls: 8
May 08, 2026 3:48:44 PM arch.GeminiClient getResponse
INFO: [GeminiClient] Waiting for semaphore. In queue: 1 | Active calls: 10 | Available permits: 63
May 08, 2026 3:48:44 PM arch.GeminiClient getResponse
INFO: [GeminiClient] Acquired semaphore. Active calls: 11
May 08, 2026 3:48:44 PM arch.GeminiClient getResponse
INFO: [GeminiClient] Waiting for semaphore. In queue: 1 | Active calls: 11 | Available permits: 62
May 08, 2026 3:48:44 PM arch.GeminiClient getResponse
INFO: [GeminiClient] Acquired semaphore. Active calls: 12
May 08, 2026 3:48:44 PM arch.GeminiClient getResponse
INFO: [GeminiClient] Waiting for semaphore. In queue: 1 | Active calls: 12 | Available permits: 61
May 08, 2026 3:48:44 PM arch.GeminiClient getResponse
INFO: [GeminiClient] Acquired semaphore. Active calls: 13
May 08, 2026 3:48:33 PM arch.GeminiClient getResponse
INFO: [GeminiClient] Got response. Active calls: 10
May 08, 2026 3:48:45 PM arch.GeminiClient getResponse
INFO: [GeminiClient] Got response. Active calls: 12
May 08, 2026 3:48:34 PM arch.GeminiClient getResponse
WARNING: [GeminiClient] TIMEOUT. Active: 8
May 08, 2026 3:48:45 PM arch.GeminiClient getResponse
INFO: [GeminiClient] Waiting for semaphore. In queue: 1 | Active calls: 11 | Available permits: 63
May 08, 2026 3:48:45 PM arch.GeminiClient getResponse
INFO: [GeminiClient] Acquired semaphore. Active calls: 12
May 08, 2026 3:48:46 PM arch.GeminiClient getResponse
INFO: [GeminiClient] Got response. Active calls: 11
May 08, 2026 3:48:46 PM arch.GeminiClient getResponse
INFO: [GeminiClient] Waiting for semaphore. In queue: 1 | Active calls: 11 | Available permits: 63
May 08, 2026 3:48:46 PM arch.GeminiClient getResponse
INFO: [GeminiClient] Acquired semaphore. Active calls: 12
May 08, 2026 3:48:35 PM arch.GeminiClient getResponse
INFO: [GeminiClient] Got response. Active calls: 9
May 08, 2026 3:48:47 PM arch.GeminiClient getResponse
INFO: [GeminiClient] Waiting for semaphore. In queue: 1 | Active calls: 12 | Available permits: 63
May 08, 2026 3:48:47 PM arch.GeminiClient getResponse
INFO: [GeminiClient] Acquired semaphore. Active calls: 13
May 08, 2026 3:48:48 PM arch.GeminiClient getResponse
INFO: [GeminiClient] Got response. Active calls: 12
May 08, 2026 3:48:48 PM arch.GeminiClient getResponse
INFO: [GeminiClient] Waiting for semaphore. In queue: 1 | Active calls: 12 | Available permits: 63
May 08, 2026 3:48:48 PM arch.GeminiClient getResponse
INFO: [GeminiClient] Acquired semaphore. Active calls: 13
May 08, 2026 3:48:50 PM arch.GeminiClient getResponse
INFO: [GeminiClient] Got response. Active calls: 12
May 08, 2026 3:48:50 PM arch.GeminiClient getResponse
INFO: [GeminiClient] Got response. Active calls: 11
May 08, 2026 3:48:51 PM arch.GeminiClient getResponse
INFO: [GeminiClient] Waiting for semaphore. In queue: 1 | Active calls: 10 | Available permits: 64
May 08, 2026 3:48:51 PM arch.GeminiClient getResponse
INFO: [GeminiClient] Acquired semaphore. Active calls: 11
May 08, 2026 3:48:51 PM arch.GeminiClient getResponse
INFO: [GeminiClient] Waiting for semaphore. In queue: 1 | Active calls: 11 | Available permits: 63
May 08, 2026 3:48:51 PM arch.GeminiClient getResponse
INFO: [GeminiClient] Acquired semaphore. Active calls: 12
May 08, 2026 3:48:51 PM arch.GeminiClient getResponse
INFO: [GeminiClient] Waiting for semaphore. In queue: 1 | Active calls: 12 | Available permits: 62
May 08, 2026 3:48:51 PM arch.GeminiClient getResponse
INFO: [GeminiClient] Acquired semaphore. Active calls: 13
May 08, 2026 3:48:51 PM arch.GeminiClient getResponse
INFO: [GeminiClient] Waiting for semaphore. In queue: 1 | Active calls: 13 | Available permits: 61
May 08, 2026 3:48:51 PM arch.GeminiClient getResponse
INFO: [GeminiClient] Acquired semaphore. Active calls: 14
May 08, 2026 3:48:52 PM arch.GeminiClient getResponse
INFO: [GeminiClient] Waiting for semaphore. In queue: 1 | Active calls: 14 | Available permits: 60
May 08, 2026 3:48:52 PM arch.GeminiClient getResponse
INFO: [GeminiClient] Acquired semaphore. Active calls: 14
May 08, 2026 3:48:53 PM arch.GeminiClient getResponse
INFO: [GeminiClient] Got response. Active calls: 13
May 08, 2026 3:48:54 PM arch.GeminiClient getResponse
INFO: [GeminiClient] Got response. Active calls: 8
May 08, 2026 3:48:55 PM arch.GeminiClient getResponse
INFO: [GeminiClient] Waiting for semaphore. In queue: 1 | Active calls: 8 | Available permits: 61
May 08, 2026 3:48:55 PM arch.GeminiClient getResponse
INFO: [GeminiClient] Acquired semaphore. Active calls: 8
May 08, 2026 3:48:55 PM arch.GeminiClient getResponse
INFO: [GeminiClient] Got response. Active calls: 7
May 08, 2026 3:48:56 PM arch.GeminiClient getResponse
INFO: [GeminiClient] Waiting for semaphore. In queue: 1 | Active calls: 7 | Available permits: 61
May 08, 2026 3:48:56 PM arch.GeminiClient getResponse
INFO: [GeminiClient] Acquired semaphore. Active calls: 8
May 08, 2026 3:48:56 PM arch.GeminiClient getResponse
INFO: [GeminiClient] Waiting for semaphore. In queue: 1 | Active calls: 8 | Available permits: 60
May 08, 2026 3:48:56 PM arch.GeminiClient getResponse
INFO: [GeminiClient] Acquired semaphore. Active calls: 9
May 08, 2026 3:48:41 PM arch.GeminiClient getResponse
INFO: [GeminiClient] Got response. Active calls: 9
May 08, 2026 3:48:56 PM arch.GeminiClient lambda$static$1
INFO: [WATCHDOG] permits=60 activeGemini=9 waitingForSemaphore=0 executorQueueSize=0 executorActiveThreads=8
May 08, 2026 3:48:41 PM arch.GeminiClient getResponse
INFO: [GeminiClient] Got response. Active calls: 9
May 08, 2026 3:48:56 PM arch.GeminiClient getResponse
INFO: [GeminiClient] Waiting for semaphore. In queue: 1 | Active calls: 9 | Available permits: 61
May 08, 2026 3:48:56 PM arch.GeminiClient getResponse
INFO: [GeminiClient] Acquired semaphore. Active calls: 10
May 08, 2026 3:48:56 PM arch.GeminiClient getResponse
INFO: [GeminiClient] Waiting for semaphore. In queue: 1 | Active calls: 10 | Available permits: 60
May 08, 2026 3:48:56 PM arch.GeminiClient getResponse
INFO: [GeminiClient] Acquired semaphore. Active calls: 11
May 08, 2026 3:48:41 PM arch.GeminiClient getResponse
INFO: [GeminiClient] Acquired semaphore. Active calls: 11
May 08, 2026 3:48:56 PM arch.GeminiClient getResponse
INFO: [GeminiClient] Waiting for semaphore. In queue: 1 | Active calls: 11 | Available permits: 59
May 08, 2026 3:48:56 PM arch.GeminiClient getResponse
INFO: [GeminiClient] Acquired semaphore. Active calls: 12
May 08, 2026 3:48:44 PM arch.GeminiClient getResponse
INFO: [GeminiClient] Got response. Active calls: 10
May 08, 2026 3:48:44 PM arch.GeminiClient getResponse
INFO: [GeminiClient] Got response. Active calls: 9
May 08, 2026 3:48:58 PM arch.GeminiClient getResponse
INFO: [GeminiClient] Waiting for semaphore. In queue: 1 | Active calls: 12 | Available permits: 60
May 08, 2026 3:48:58 PM arch.GeminiClient getResponse
INFO: [GeminiClient] Acquired semaphore. Active calls: 13
May 08, 2026 3:48:58 PM arch.GeminiClient getResponse
INFO: [GeminiClient] Waiting for semaphore. In queue: 1 | Active calls: 13 | Available permits: 59
May 08, 2026 3:48:58 PM arch.GeminiClient getResponse
INFO: [GeminiClient] Acquired semaphore. Active calls: 14
May 08, 2026 3:49:00 PM arch.GeminiClient getResponse
INFO: [GeminiClient] Waiting for semaphore. In queue: 1 | Active calls: 14 | Available permits: 58
May 08, 2026 3:49:00 PM arch.GeminiClient getResponse
INFO: [GeminiClient] Acquired semaphore. Active calls: 15
May 08, 2026 3:48:45 PM arch.GeminiClient getResponse
INFO: [GeminiClient] Got response. Active calls: 11
May 08, 2026 3:49:00 PM arch.GeminiClient getResponse
INFO: [GeminiClient] Waiting for semaphore. In queue: 1 | Active calls: 15 | Available permits: 58
May 08, 2026 3:49:00 PM arch.GeminiClient getResponse
INFO: [GeminiClient] Acquired semaphore. Active calls: 16
May 08, 2026 3:49:01 PM arch.GeminiClient getResponse
INFO: [GeminiClient] Waiting for semaphore. In queue: 1 | Active calls: 16 | Available permits: 57
May 08, 2026 3:49:01 PM arch.GeminiClient getResponse
INFO: [GeminiClient] Acquired semaphore. Active calls: 17
May 08, 2026 3:49:01 PM arch.GeminiClient getResponse
INFO: [GeminiClient] Waiting for semaphore. In queue: 1 | Active calls: 17 | Available permits: 56
May 08, 2026 3:49:01 PM arch.GeminiClient getResponse
INFO: [GeminiClient] Acquired semaphore. Active calls: 18
May 08, 2026 3:49:02 PM arch.GeminiClient getResponse
INFO: [GeminiClient] Waiting for semaphore. In queue: 1 | Active calls: 18 | Available permits: 55
May 08, 2026 3:49:02 PM arch.GeminiClient getResponse
INFO: [GeminiClient] Acquired semaphore. Active calls: 19
May 08, 2026 3:49:03 PM arch.GeminiClient getResponse
INFO: [GeminiClient] Waiting for semaphore. In queue: 1 | Active calls: 19 | Available permits: 54
May 08, 2026 3:49:03 PM arch.GeminiClient getResponse
INFO: [GeminiClient] Acquired semaphore. Active calls: 20
May 08, 2026 3:49:03 PM arch.GeminiClient getResponse
INFO: [GeminiClient] Waiting for semaphore. In queue: 1 | Active calls: 20 | Available permits: 53
May 08, 2026 3:49:03 PM arch.GeminiClient getResponse
INFO: [GeminiClient] Acquired semaphore. Active calls: 21
May 08, 2026 3:48:50 PM arch.GeminiClient getResponse
INFO: [GeminiClient] Got response. Active calls: 10
May 08, 2026 3:49:05 PM arch.GeminiClient getResponse
INFO: [GeminiClient] Waiting for semaphore. In queue: 1 | Active calls: 21 | Available permits: 53
May 08, 2026 3:49:05 PM arch.GeminiClient getResponse
INFO: [GeminiClient] Acquired semaphore. Active calls: 22
May 08, 2026 3:48:52 PM arch.GeminiClient getResponse
INFO: [GeminiClient] Got response. Active calls: 13
May 08, 2026 3:48:53 PM arch.GeminiClient getResponse
INFO: [GeminiClient] Got response. Active calls: 12
May 08, 2026 3:48:53 PM arch.GeminiClient getResponse
INFO: [GeminiClient] Got response. Active calls: 11
May 08, 2026 3:48:53 PM arch.GeminiClient getResponse
INFO: [GeminiClient] Got response. Active calls: 10
May 08, 2026 3:48:53 PM arch.GeminiClient getResponse
INFO: [GeminiClient] Got response. Active calls: 9
May 08, 2026 3:49:09 PM arch.GeminiClient getResponse
INFO: [GeminiClient] Waiting for semaphore. In queue: 1 | Active calls: 22 | Available permits: 57
May 08, 2026 3:49:09 PM arch.GeminiClient getResponse
INFO: [GeminiClient] Acquired semaphore. Active calls: 23
May 08, 2026 3:48:55 PM arch.GeminiClient getResponse
INFO: [GeminiClient] Got response. Active calls: 7
May 08, 2026 3:49:10 PM arch.GeminiClient getResponse
INFO: [GeminiClient] Waiting for semaphore. In queue: 1 | Active calls: 23 | Available permits: 57
May 08, 2026 3:49:10 PM arch.GeminiClient getResponse
INFO: [GeminiClient] Acquired semaphore. Active calls: 24
May 08, 2026 3:49:11 PM arch.GeminiClient getResponse
INFO: [GeminiClient] Got response. Active calls: 23
May 08, 2026 3:49:11 PM arch.GeminiClient getResponse
INFO: [GeminiClient] Waiting for semaphore. In queue: 1 | Active calls: 17 | Available permits: 57
May 08, 2026 3:49:11 PM arch.GeminiClient getResponse
INFO: [GeminiClient] Acquired semaphore. Active calls: 18
May 08, 2026 3:49:13 PM arch.GeminiClient getResponse
INFO: [GeminiClient] Got response. Active calls: 17
May 08, 2026 3:49:13 PM arch.GeminiClient getResponse
INFO: [GeminiClient] Waiting for semaphore. In queue: 1 | Active calls: 17 | Available permits: 57
May 08, 2026 3:49:13 PM arch.GeminiClient getResponse
INFO: [GeminiClient] Acquired semaphore. Active calls: 17
May 08, 2026 3:49:14 PM arch.GeminiClient getResponse
INFO: [GeminiClient] Waiting for semaphore. In queue: 1 | Active calls: 17 | Available permits: 56
May 08, 2026 3:49:14 PM arch.GeminiClient getResponse
INFO: [GeminiClient] Acquired semaphore. Active calls: 15
May 08, 2026 3:49:14 PM arch.GeminiClient getResponse
WARNING: [GeminiClient] TIMEOUT. Active: 14
May 08, 2026 3:49:14 PM arch.GeminiClient getResponse
INFO: [GeminiClient] Waiting for semaphore. In queue: 1 | Active calls: 14 | Available permits: 56
May 08, 2026 3:49:14 PM arch.GeminiClient getResponse
INFO: [GeminiClient] Acquired semaphore. Active calls: 15
May 08, 2026 3:49:15 PM arch.GeminiClient getResponse
INFO: [GeminiClient] Waiting for semaphore. In queue: 1 | Active calls: 15 | Available permits: 55
May 08, 2026 3:49:15 PM arch.GeminiClient getResponse
INFO: [GeminiClient] Acquired semaphore. Active calls: 16
May 08, 2026 3:49:15 PM arch.GeminiClient getResponse
INFO: [GeminiClient] Waiting for semaphore. In queue: 1 | Active calls: 16 | Available permits: 54
May 08, 2026 3:49:15 PM arch.GeminiClient getResponse
INFO: [GeminiClient] Acquired semaphore. Active calls: 17
May 08, 2026 3:49:15 PM arch.GeminiClient getResponse
INFO: [GeminiClient] Got response. Active calls: 16
May 08, 2026 3:49:15 PM arch.GeminiClient getResponse
INFO: [GeminiClient] Waiting for semaphore. In queue: 1 | Active calls: 16 | Available permits: 54
May 08, 2026 3:49:15 PM arch.GeminiClient getResponse
INFO: [GeminiClient] Acquired semaphore. Active calls: 17
May 08, 2026 3:49:16 PM arch.GeminiClient getResponse
INFO: [GeminiClient] Waiting for semaphore. In queue: 1 | Active calls: 17 | Available permits: 53
May 08, 2026 3:49:16 PM arch.GeminiClient getResponse
INFO: [GeminiClient] Acquired semaphore. Active calls: 18
May 08, 2026 3:49:16 PM arch.GeminiClient getResponse
INFO: [GeminiClient] Waiting for semaphore. In queue: 1 | Active calls: 18 | Available permits: 52
May 08, 2026 3:49:16 PM arch.GeminiClient getResponse
INFO: [GeminiClient] Acquired semaphore. Active calls: 19
May 08, 2026 3:49:16 PM arch.GeminiClient getResponse
INFO: [GeminiClient] Got response. Active calls: 18
May 08, 2026 3:49:16 PM arch.GeminiClient getResponse
INFO: [GeminiClient] Waiting for semaphore. In queue: 1 | Active calls: 18 | Available permits: 52
May 08, 2026 3:49:16 PM arch.GeminiClient getResponse
INFO: [GeminiClient] Acquired semaphore. Active calls: 19
May 08, 2026 3:49:17 PM arch.GeminiClient getResponse
INFO: [GeminiClient] Waiting for semaphore. In queue: 1 | Active calls: 19 | Available permits: 51
May 08, 2026 3:49:17 PM arch.GeminiClient getResponse
INFO: [GeminiClient] Acquired semaphore. Active calls: 20
May 08, 2026 3:49:17 PM arch.GeminiClient getResponse
INFO: [GeminiClient] Waiting for semaphore. In queue: 1 | Active calls: 20 | Available permits: 50
May 08, 2026 3:49:17 PM arch.GeminiClient getResponse
INFO: [GeminiClient] Acquired semaphore. Active calls: 20
May 08, 2026 3:49:17 PM arch.GeminiClient getResponse
INFO: [GeminiClient] Waiting for semaphore. In queue: 1 | Active calls: 20 | Available permits: 49
May 08, 2026 3:49:17 PM arch.GeminiClient getResponse
INFO: [GeminiClient] Acquired semaphore. Active calls: 21
May 08, 2026 3:49:19 PM arch.GeminiClient getResponse
INFO: [GeminiClient] Got response. Active calls: 20
May 08, 2026 3:49:19 PM arch.GeminiClient getResponse
INFO: [GeminiClient] Waiting for semaphore. In queue: 1 | Active calls: 20 | Available permits: 49
May 08, 2026 3:49:19 PM arch.GeminiClient getResponse
INFO: [GeminiClient] Acquired semaphore. Active calls: 21
May 08, 2026 3:49:19 PM arch.GeminiClient getResponse
INFO: [GeminiClient] Waiting for semaphore. In queue: 1 | Active calls: 21 | Available permits: 48
May 08, 2026 3:49:19 PM arch.GeminiClient getResponse
INFO: [GeminiClient] Acquired semaphore. Active calls: 22
May 08, 2026 3:49:20 PM arch.GeminiClient getResponse
INFO: [GeminiClient] Waiting for semaphore. In queue: 1 | Active calls: 22 | Available permits: 47
May 08, 2026 3:49:20 PM arch.GeminiClient getResponse
INFO: [GeminiClient] Acquired semaphore. Active calls: 23
May 08, 2026 3:49:21 PM arch.GeminiClient getResponse
INFO: [GeminiClient] Got response. Active calls: 21
May 08, 2026 3:49:22 PM arch.GeminiClient getResponse
INFO: [GeminiClient] Waiting for semaphore. In queue: 1 | Active calls: 21 | Available permits: 47
May 08, 2026 3:49:22 PM arch.GeminiClient getResponse
INFO: [GeminiClient] Acquired semaphore. Active calls: 19
May 08, 2026 3:49:23 PM arch.GeminiClient getResponse
INFO: [GeminiClient] Waiting for semaphore. In queue: 1 | Active calls: 19 | Available permits: 46
May 08, 2026 3:49:23 PM arch.GeminiClient getResponse
INFO: [GeminiClient] Acquired semaphore. Active calls: 19
May 08, 2026 3:49:23 PM arch.GeminiClient getResponse
INFO: [GeminiClient] Got response. Active calls: 18
May 08, 2026 3:49:11 PM arch.GeminiClient getResponse
INFO: [GeminiClient] Got response. Active calls: 22
May 08, 2026 3:49:11 PM arch.GeminiClient getResponse
INFO: [GeminiClient] Got response. Active calls: 21
May 08, 2026 3:49:11 PM arch.GeminiClient getResponse
INFO: [GeminiClient] Got response. Active calls: 20
May 08, 2026 3:49:11 PM arch.GeminiClient getResponse
INFO: [GeminiClient] Got response. Active calls: 19
May 08, 2026 3:49:11 PM arch.GeminiClient getResponse
INFO: [GeminiClient] Got response. Active calls: 18
May 08, 2026 3:49:11 PM arch.GeminiClient getResponse
INFO: [GeminiClient] Got response. Active calls: 17
May 08, 2026 3:49:23 PM arch.GeminiClient getResponse
INFO: [GeminiClient] Waiting for semaphore. In queue: 1 | Active calls: 17 | Available permits: 52
May 08, 2026 3:49:23 PM arch.GeminiClient getResponse
INFO: [GeminiClient] Acquired semaphore. Active calls: 18
May 08, 2026 3:49:13 PM arch.GeminiClient getResponse
INFO: [GeminiClient] Got response. Active calls: 16
May 08, 2026 3:49:14 PM arch.GeminiClient getResponse
INFO: [GeminiClient] Got response. Active calls: 16
May 08, 2026 3:49:14 PM arch.GeminiClient getResponse
INFO: [GeminiClient] Got response. Active calls: 15
May 08, 2026 3:49:14 PM arch.GeminiClient getResponse
INFO: [GeminiClient] Got response. Active calls: 14
May 08, 2026 3:49:25 PM arch.GeminiClient getResponse
INFO: [GeminiClient] Got response. Active calls: 17
May 08, 2026 3:49:25 PM arch.GeminiClient getResponse
INFO: [GeminiClient] Waiting for semaphore. In queue: 1 | Active calls: 17 | Available permits: 56
May 08, 2026 3:49:25 PM arch.GeminiClient getResponse
INFO: [GeminiClient] Acquired semaphore. Active calls: 18
May 08, 2026 3:49:25 PM arch.GeminiClient getResponse
INFO: [GeminiClient] Got response. Active calls: 17
May 08, 2026 3:49:26 PM arch.GeminiClient lambda$static$1
INFO: [WATCHDOG] permits=56 activeGemini=17 waitingForSemaphore=0 executorQueueSize=0 executorActiveThreads=17
May 08, 2026 3:49:26 PM arch.GeminiClient getResponse
WARNING: [GeminiClient] TIMEOUT. Active: 16
May 08, 2026 3:49:26 PM arch.GeminiClient getResponse
INFO: [GeminiClient] Waiting for semaphore. In queue: 1 | Active calls: 16 | Available permits: 57
May 08, 2026 3:49:26 PM arch.GeminiClient getResponse
INFO: [GeminiClient] Acquired semaphore. Active calls: 17
May 08, 2026 3:49:27 PM arch.GeminiClient getResponse
INFO: [GeminiClient] Waiting for semaphore. In queue: 1 | Active calls: 17 | Available permits: 56
May 08, 2026 3:49:27 PM arch.GeminiClient getResponse
INFO: [GeminiClient] Acquired semaphore. Active calls: 18
May 08, 2026 3:49:28 PM arch.GeminiClient getResponse
INFO: [GeminiClient] Got response. Active calls: 17
May 08, 2026 3:49:30 PM arch.GeminiClient getResponse
INFO: [GeminiClient] Waiting for semaphore. In queue: 1 | Active calls: 17 | Available permits: 56
May 08, 2026 3:49:30 PM arch.GeminiClient getResponse
INFO: [GeminiClient] Acquired semaphore. Active calls: 17
May 08, 2026 3:49:30 PM arch.GeminiClient getResponse
INFO: [GeminiClient] Waiting for semaphore. In queue: 1 | Active calls: 17 | Available permits: 55
May 08, 2026 3:49:30 PM arch.GeminiClient getResponse
INFO: [GeminiClient] Acquired semaphore. Active calls: 18
May 08, 2026 3:49:31 PM arch.GeminiClient getResponse
INFO: [GeminiClient] Waiting for semaphore. In queue: 1 | Active calls: 18 | Available permits: 54
May 08, 2026 3:49:31 PM arch.GeminiClient getResponse
INFO: [GeminiClient] Acquired semaphore. Active calls: 19
May 08, 2026 3:49:17 PM arch.GeminiClient getResponse
INFO: [GeminiClient] Got response. Active calls: 19
May 08, 2026 3:49:34 PM arch.GeminiClient getResponse
INFO: [GeminiClient] Waiting for semaphore. In queue: 1 | Active calls: 19 | Available permits: 54
May 08, 2026 3:49:34 PM arch.GeminiClient getResponse
INFO: [GeminiClient] Acquired semaphore. Active calls: 20
May 08, 2026 3:49:34 PM arch.GeminiClient getResponse
INFO: [GeminiClient] Waiting for semaphore. In queue: 1 | Active calls: 20 | Available permits: 53
May 08, 2026 3:49:34 PM arch.GeminiClient getResponse
INFO: [GeminiClient] Acquired semaphore. Active calls: 21
May 08, 2026 3:49:34 PM arch.GeminiClient getResponse
INFO: [GeminiClient] Waiting for semaphore. In queue: 1 | Active calls: 21 | Available permits: 52
May 08, 2026 3:49:34 PM arch.GeminiClient getResponse
INFO: [GeminiClient] Acquired semaphore. Active calls: 22
May 08, 2026 3:49:34 PM arch.GeminiClient getResponse
INFO: [GeminiClient] Got response. Active calls: 21
May 08, 2026 3:49:34 PM arch.GeminiClient getResponse
INFO: [GeminiClient] Waiting for semaphore. In queue: 1 | Active calls: 21 | Available permits: 52
May 08, 2026 3:49:34 PM arch.GeminiClient getResponse
INFO: [GeminiClient] Acquired semaphore. Active calls: 22
May 08, 2026 3:49:35 PM arch.GeminiClient getResponse
INFO: [GeminiClient] Waiting for semaphore. In queue: 1 | Active calls: 22 | Available permits: 51
May 08, 2026 3:49:35 PM arch.GeminiClient getResponse
INFO: [GeminiClient] Acquired semaphore. Active calls: 23
May 08, 2026 3:49:36 PM arch.GeminiClient getResponse
INFO: [GeminiClient] Waiting for semaphore. In queue: 1 | Active calls: 23 | Available permits: 50
May 08, 2026 3:49:36 PM arch.GeminiClient getResponse
INFO: [GeminiClient] Acquired semaphore. Active calls: 24
May 08, 2026 3:49:36 PM arch.GeminiClient getResponse
INFO: [GeminiClient] Waiting for semaphore. In queue: 1 | Active calls: 24 | Available permits: 49
May 08, 2026 3:49:36 PM arch.GeminiClient getResponse
INFO: [GeminiClient] Acquired semaphore. Active calls: 25
May 08, 2026 3:49:20 PM arch.GeminiClient getResponse
INFO: [GeminiClient] Got response. Active calls: 22
May 08, 2026 3:49:36 PM arch.GeminiClient getResponse
INFO: [GeminiClient] Waiting for semaphore. In queue: 1 | Active calls: 25 | Available permits: 49
May 08, 2026 3:49:36 PM arch.GeminiClient getResponse
INFO: [GeminiClient] Acquired semaphore. Active calls: 26
May 08, 2026 3:49:22 PM arch.GeminiClient getResponse
INFO: [GeminiClient] Got response. Active calls: 20
May 08, 2026 3:49:22 PM arch.GeminiClient getResponse
INFO: [GeminiClient] Got response. Active calls: 18
May 08, 2026 3:49:22 PM arch.GeminiClient getResponse
INFO: [GeminiClient] Got response. Active calls: 19
May 08, 2026 3:49:23 PM arch.GeminiClient getResponse
INFO: [GeminiClient] Got response. Active calls: 18
May 08, 2026 3:49:23 PM arch.GeminiClient getResponse
INFO: [GeminiClient] Got response. Active calls: 17
May 08, 2026 3:49:38 PM arch.GeminiClient getResponse
INFO: [GeminiClient] Waiting for semaphore. In queue: 1 | Active calls: 26 | Available permits: 53
May 08, 2026 3:49:38 PM arch.GeminiClient getResponse
INFO: [GeminiClient] Acquired semaphore. Active calls: 27
May 08, 2026 3:49:38 PM arch.GeminiClient getResponse
INFO: [GeminiClient] Waiting for semaphore. In queue: 1 | Active calls: 27 | Available permits: 52
May 08, 2026 3:49:38 PM arch.GeminiClient getResponse
INFO: [GeminiClient] Acquired semaphore. Active calls: 28
May 08, 2026 3:49:38 PM arch.GeminiClient getResponse
INFO: [GeminiClient] Waiting for semaphore. In queue: 1 | Active calls: 28 | Available permits: 51
May 08, 2026 3:49:38 PM arch.GeminiClient getResponse
INFO: [GeminiClient] Acquired semaphore. Active calls: 29
May 08, 2026 3:49:39 PM arch.GeminiClient getResponse
INFO: [GeminiClient] Waiting for semaphore. In queue: 1 | Active calls: 29 | Available permits: 50
May 08, 2026 3:49:39 PM arch.GeminiClient getResponse
INFO: [GeminiClient] Acquired semaphore. Active calls: 30
May 08, 2026 3:49:39 PM arch.GeminiClient getResponse
INFO: [GeminiClient] Waiting for semaphore. In queue: 1 | Active calls: 30 | Available permits: 49
May 08, 2026 3:49:39 PM arch.GeminiClient getResponse
INFO: [GeminiClient] Acquired semaphore. Active calls: 31
May 08, 2026 3:49:45 PM arch.GeminiClient getResponse
WARNING: [GeminiClient] TIMEOUT. Active: 30
May 08, 2026 3:49:45 PM arch.GeminiClient getResponse
INFO: [GeminiClient] Waiting for semaphore. In queue: 1 | Active calls: 30 | Available permits: 49
May 08, 2026 3:49:45 PM arch.GeminiClient getResponse
INFO: [GeminiClient] Acquired semaphore. Active calls: 31
May 08, 2026 3:49:45 PM arch.GeminiClient getResponse
INFO: [GeminiClient] Waiting for semaphore. In queue: 1 | Active calls: 31 | Available permits: 48
May 08, 2026 3:49:45 PM arch.GeminiClient getResponse
INFO: [GeminiClient] Acquired semaphore. Active calls: 32
May 08, 2026 3:49:30 PM arch.GeminiClient getResponse
INFO: [GeminiClient] Got response. Active calls: 16
May 08, 2026 3:49:46 PM arch.GeminiClient getResponse
WARNING: [GeminiClient] TIMEOUT. Active: 31
May 08, 2026 3:49:46 PM arch.GeminiClient getResponse
INFO: [GeminiClient] Waiting for semaphore. In queue: 1 | Active calls: 31 | Available permits: 49
May 08, 2026 3:49:46 PM arch.GeminiClient getResponse
INFO: [GeminiClient] Acquired semaphore. Active calls: 32
May 08, 2026 3:49:46 PM arch.GeminiClient getResponse
INFO: [GeminiClient] Waiting for semaphore. In queue: 1 | Active calls: 32 | Available permits: 48
May 08, 2026 3:49:46 PM arch.GeminiClient getResponse
INFO: [GeminiClient] Acquired semaphore. Active calls: 33
May 08, 2026 3:49:47 PM arch.GeminiClient getResponse
INFO: [GeminiClient] Got response. Active calls: 32
May 08, 2026 3:49:47 PM arch.GeminiClient getResponse
WARNING: [GeminiClient] TIMEOUT. Active: 25
May 08, 2026 3:49:47 PM arch.GeminiClient getResponse
INFO: [GeminiClient] Got response. Active calls: 24
May 08, 2026 3:49:47 PM arch.GeminiClient getResponse
INFO: [GeminiClient] Waiting for semaphore. In queue: 2 | Active calls: 22 | Available permits: 50
May 08, 2026 3:49:47 PM arch.GeminiClient getResponse
INFO: [GeminiClient] Acquired semaphore. Active calls: 23
May 08, 2026 3:49:48 PM arch.GeminiClient getResponse
INFO: [GeminiClient] Waiting for semaphore. In queue: 2 | Active calls: 23 | Available permits: 49
May 08, 2026 3:49:48 PM arch.GeminiClient getResponse
INFO: [GeminiClient] Acquired semaphore. Active calls: 24
May 08, 2026 3:49:48 PM arch.GeminiClient getResponse
INFO: [GeminiClient] Got response. Active calls: 23
May 08, 2026 3:49:49 PM arch.GeminiClient getResponse
INFO: [GeminiClient] Waiting for semaphore. In queue: 2 | Active calls: 23 | Available permits: 49
May 08, 2026 3:49:49 PM arch.GeminiClient getResponse
INFO: [GeminiClient] Acquired semaphore. Active calls: 24
May 08, 2026 3:49:49 PM arch.GeminiClient getResponse
WARNING: [GeminiClient] TIMEOUT. Active: 23
May 08, 2026 3:49:49 PM arch.GeminiClient getResponse
INFO: [GeminiClient] Waiting for semaphore. In queue: 2 | Active calls: 23 | Available permits: 49
May 08, 2026 3:49:49 PM arch.GeminiClient getResponse
INFO: [GeminiClient] Acquired semaphore. Active calls: 24
May 08, 2026 3:49:49 PM arch.GeminiClient getResponse
INFO: [GeminiClient] Waiting for semaphore. In queue: 2 | Active calls: 24 | Available permits: 48
May 08, 2026 3:49:49 PM arch.GeminiClient getResponse
INFO: [GeminiClient] Acquired semaphore. Active calls: 25
May 08, 2026 3:49:49 PM arch.GeminiClient getResponse
INFO: [GeminiClient] Waiting for semaphore. In queue: 2 | Active calls: 25 | Available permits: 47
May 08, 2026 3:49:49 PM arch.GeminiClient getResponse
INFO: [GeminiClient] Acquired semaphore. Active calls: 26
May 08, 2026 3:49:49 PM arch.GeminiClient getResponse
WARNING: [GeminiClient] TIMEOUT. Active: 25
May 08, 2026 3:49:49 PM arch.GeminiClient getResponse
INFO: [GeminiClient] Waiting for semaphore. In queue: 2 | Active calls: 25 | Available permits: 47
May 08, 2026 3:49:49 PM arch.GeminiClient getResponse
INFO: [GeminiClient] Acquired semaphore. Active calls: 26
May 08, 2026 3:49:52 PM arch.GeminiClient getResponse
WARNING: [GeminiClient] TIMEOUT. Active: 25
May 08, 2026 3:49:52 PM arch.GeminiClient getResponse
INFO: [GeminiClient] Waiting for semaphore. In queue: 2 | Active calls: 25 | Available permits: 47
May 08, 2026 3:49:52 PM arch.GeminiClient getResponse
INFO: [GeminiClient] Acquired semaphore. Active calls: 26
May 08, 2026 3:49:53 PM arch.GeminiClient getResponse
WARNING: [GeminiClient] TIMEOUT. Active: 25
May 08, 2026 3:49:53 PM arch.GeminiClient getResponse
INFO: [GeminiClient] Waiting for semaphore. In queue: 2 | Active calls: 25 | Available permits: 47
May 08, 2026 3:49:53 PM arch.GeminiClient getResponse
INFO: [GeminiClient] Acquired semaphore. Active calls: 26
May 08, 2026 3:49:53 PM arch.GeminiClient getResponse
WARNING: [GeminiClient] TIMEOUT. Active: 25
May 08, 2026 3:49:53 PM arch.GeminiClient getResponse
INFO: [GeminiClient] Waiting for semaphore. In queue: 2 | Active calls: 25 | Available permits: 47
May 08, 2026 3:49:53 PM arch.GeminiClient getResponse
INFO: [GeminiClient] Acquired semaphore. Active calls: 26
May 08, 2026 3:49:55 PM arch.GeminiClient getResponse
INFO: [GeminiClient] Waiting for semaphore. In queue: 2 | Active calls: 26 | Available permits: 46
May 08, 2026 3:49:55 PM arch.GeminiClient getResponse
INFO: [GeminiClient] Acquired semaphore. Active calls: 27
May 08, 2026 3:49:56 PM arch.GeminiClient lambda$static$1
INFO: [WATCHDOG] permits=45 activeGemini=27 waitingForSemaphore=1 executorQueueSize=0 executorActiveThreads=37
May 08, 2026 3:49:57 PM arch.GeminiClient getResponse
INFO: [GeminiClient] Waiting for semaphore. In queue: 2 | Active calls: 27 | Available permits: 45
May 08, 2026 3:49:57 PM arch.GeminiClient getResponse
INFO: [GeminiClient] Acquired semaphore. Active calls: 27
May 08, 2026 3:49:59 PM arch.GeminiClient getResponse
INFO: [GeminiClient] Waiting for semaphore. In queue: 2 | Active calls: 27 | Available permits: 44
May 08, 2026 3:49:59 PM arch.GeminiClient getResponse
INFO: [GeminiClient] Acquired semaphore. Active calls: 28
May 08, 2026 3:50:00 PM arch.GeminiClient getResponse
WARNING: [GeminiClient] TIMEOUT. Active: 27
May 08, 2026 3:50:00 PM arch.GeminiClient getResponse
INFO: [GeminiClient] Waiting for semaphore. In queue: 2 | Active calls: 27 | Available permits: 44
May 08, 2026 3:50:00 PM arch.GeminiClient getResponse
INFO: [GeminiClient] Acquired semaphore. Active calls: 28
May 08, 2026 3:50:00 PM arch.GeminiClient getResponse
INFO: [GeminiClient] Waiting for semaphore. In queue: 2 | Active calls: 28 | Available permits: 43
May 08, 2026 3:50:00 PM arch.GeminiClient getResponse
INFO: [GeminiClient] Acquired semaphore. Active calls: 29
May 08, 2026 3:50:01 PM arch.GeminiClient getResponse
INFO: [GeminiClient] Waiting for semaphore. In queue: 2 | Active calls: 29 | Available permits: 42
May 08, 2026 3:50:01 PM arch.GeminiClient getResponse
INFO: [GeminiClient] Acquired semaphore. Active calls: 30
May 08, 2026 3:49:47 PM arch.GeminiClient getResponse
INFO: [GeminiClient] Got response. Active calls: 31
May 08, 2026 3:49:47 PM arch.GeminiClient getResponse
WARNING: [GeminiClient] TIMEOUT. Active: 30
May 08, 2026 3:50:01 PM arch.GeminiClient getResponse
INFO: [GeminiClient] Waiting for semaphore. In queue: 2 | Active calls: 30 | Available permits: 43
May 08, 2026 3:50:01 PM arch.GeminiClient getResponse
INFO: [GeminiClient] Acquired semaphore. Active calls: 31
May 08, 2026 3:49:47 PM arch.GeminiClient getResponse
INFO: [GeminiClient] Got response. Active calls: 29
May 08, 2026 3:49:47 PM arch.GeminiClient getResponse
INFO: [GeminiClient] Got response. Active calls: 28
May 08, 2026 3:49:47 PM arch.GeminiClient getResponse
INFO: [GeminiClient] Got response. Active calls: 27
May 08, 2026 3:49:47 PM arch.GeminiClient getResponse
INFO: [GeminiClient] Got response. Active calls: 26
May 08, 2026 3:50:01 PM arch.GeminiClient getResponse
INFO: [GeminiClient] Waiting for semaphore. In queue: 2 | Active calls: 31 | Available permits: 46
May 08, 2026 3:50:01 PM arch.GeminiClient getResponse
INFO: [GeminiClient] Acquired semaphore. Active calls: 32
May 08, 2026 3:49:47 PM arch.GeminiClient getResponse
INFO: [GeminiClient] Waiting for semaphore. In queue: 1 | Active calls: 25 | Available permits: 49
May 08, 2026 3:50:01 PM arch.GeminiClient getResponse
INFO: [GeminiClient] Acquired semaphore. Active calls: 33
May 08, 2026 3:49:47 PM arch.GeminiClient getResponse
WARNING: [GeminiClient] TIMEOUT. Active: 23
May 08, 2026 3:50:01 PM arch.GeminiClient getResponse
INFO: [GeminiClient] Waiting for semaphore. In queue: 1 | Active calls: 33 | Available permits: 45
May 08, 2026 3:50:01 PM arch.GeminiClient getResponse
INFO: [GeminiClient] Acquired semaphore. Active calls: 34
May 08, 2026 3:49:47 PM arch.GeminiClient getResponse
WARNING: [GeminiClient] TIMEOUT. Active: 22
May 08, 2026 3:50:01 PM arch.GeminiClient getResponse
INFO: [GeminiClient] Waiting for semaphore. In queue: 1 | Active calls: 34 | Available permits: 45
May 08, 2026 3:50:01 PM arch.GeminiClient getResponse
INFO: [GeminiClient] Acquired semaphore. Active calls: 35
May 08, 2026 3:50:01 PM arch.GeminiClient getResponse
INFO: [GeminiClient] Waiting for semaphore. In queue: 1 | Active calls: 35 | Available permits: 44
May 08, 2026 3:50:01 PM arch.GeminiClient getResponse
INFO: [GeminiClient] Acquired semaphore. Active calls: 36
May 08, 2026 3:50:01 PM arch.GeminiClient getResponse
INFO: [GeminiClient] Waiting for semaphore. In queue: 1 | Active calls: 36 | Available permits: 43
May 08, 2026 3:50:01 PM arch.GeminiClient getResponse
INFO: [GeminiClient] Acquired semaphore. Active calls: 37
May 08, 2026 3:50:01 PM arch.GeminiClient getResponse
INFO: [GeminiClient] Got response. Active calls: 36
May 08, 2026 3:50:01 PM arch.GeminiClient getResponse
INFO: [GeminiClient] Waiting for semaphore. In queue: 1 | Active calls: 19 | Available permits: 43
May 08, 2026 3:50:01 PM arch.GeminiClient getResponse
INFO: [GeminiClient] Acquired semaphore. Active calls: 20
May 08, 2026 3:50:03 PM arch.GeminiClient getResponse
INFO: [GeminiClient] Waiting for semaphore. In queue: 1 | Active calls: 19 | Available permits: 42
May 08, 2026 3:50:03 PM arch.GeminiClient getResponse
INFO: [GeminiClient] Acquired semaphore. Active calls: 19
May 08, 2026 3:50:04 PM arch.GeminiClient getResponse
INFO: [GeminiClient] Got response. Active calls: 18
May 08, 2026 3:50:04 PM arch.GeminiClient getResponse
INFO: [GeminiClient] Got response. Active calls: 15
May 08, 2026 3:50:06 PM arch.GeminiClient getResponse
INFO: [GeminiClient] Waiting for semaphore. In queue: 1 | Active calls: 15 | Available permits: 43
May 08, 2026 3:50:06 PM arch.GeminiClient getResponse
INFO: [GeminiClient] Acquired semaphore. Active calls: 16
May 08, 2026 3:50:07 PM arch.GeminiClient getResponse
INFO: [GeminiClient] Waiting for semaphore. In queue: 1 | Active calls: 16 | Available permits: 42
May 08, 2026 3:50:07 PM arch.GeminiClient getResponse
INFO: [GeminiClient] Acquired semaphore. Active calls: 17
May 08, 2026 3:50:08 PM arch.GeminiClient getResponse
INFO: [GeminiClient] Waiting for semaphore. In queue: 1 | Active calls: 17 | Available permits: 41
May 08, 2026 3:50:08 PM arch.GeminiClient getResponse
INFO: [GeminiClient] Acquired semaphore. Active calls: 18
May 08, 2026 3:50:08 PM arch.GeminiClient getResponse
INFO: [GeminiClient] Waiting for semaphore. In queue: 1 | Active calls: 17 | Available permits: 40
May 08, 2026 3:50:08 PM arch.GeminiClient getResponse
INFO: [GeminiClient] Acquired semaphore. Active calls: 18
May 08, 2026 3:50:08 PM arch.GeminiClient getResponse
INFO: [GeminiClient] Waiting for semaphore. In queue: 1 | Active calls: 17 | Available permits: 39
May 08, 2026 3:50:08 PM arch.GeminiClient getResponse
INFO: [GeminiClient] Acquired semaphore. Active calls: 18
May 08, 2026 3:50:09 PM arch.GeminiClient getResponse
INFO: [GeminiClient] Waiting for semaphore. In queue: 1 | Active calls: 18 | Available permits: 38
May 08, 2026 3:50:10 PM arch.GeminiClient getResponse
INFO: [GeminiClient] Got response. Active calls: 18
May 08, 2026 3:50:10 PM arch.GeminiClient getResponse
INFO: [GeminiClient] Got response. Active calls: 17
May 08, 2026 3:49:57 PM arch.GeminiClient getResponse
WARNING: [GeminiClient] TIMEOUT. Active: 26
May 08, 2026 3:50:10 PM arch.GeminiClient getResponse
INFO: [GeminiClient] Waiting for semaphore. In queue: 1 | Active calls: 17 | Available permits: 40
May 08, 2026 3:50:10 PM arch.GeminiClient getResponse
INFO: [GeminiClient] Acquired semaphore. Active calls: 18
May 08, 2026 3:50:10 PM arch.GeminiClient getResponse
INFO: [GeminiClient] Waiting for semaphore. In queue: 1 | Active calls: 18 | Available permits: 39
May 08, 2026 3:50:10 PM arch.GeminiClient getResponse
INFO: [GeminiClient] Acquired semaphore. Active calls: 19
May 08, 2026 3:50:11 PM arch.GeminiClient getResponse
INFO: [GeminiClient] Waiting for semaphore. In queue: 1 | Active calls: 19 | Available permits: 38
May 08, 2026 3:50:11 PM arch.GeminiClient getResponse
INFO: [GeminiClient] Acquired semaphore. Active calls: 20
May 08, 2026 3:50:12 PM arch.GeminiClient getResponse
INFO: [GeminiClient] Waiting for semaphore. In queue: 1 | Active calls: 20 | Available permits: 37
May 08, 2026 3:50:12 PM arch.GeminiClient getResponse
INFO: [GeminiClient] Acquired semaphore. Active calls: 21
May 08, 2026 3:50:12 PM arch.GeminiClient getResponse
INFO: [GeminiClient] Waiting for semaphore. In queue: 1 | Active calls: 21 | Available permits: 36
May 08, 2026 3:50:12 PM arch.GeminiClient getResponse
INFO: [GeminiClient] Acquired semaphore. Active calls: 22
May 08, 2026 3:50:12 PM arch.GeminiClient getResponse
INFO: [GeminiClient] Waiting for semaphore. In queue: 1 | Active calls: 22 | Available permits: 35
May 08, 2026 3:50:12 PM arch.GeminiClient getResponse
INFO: [GeminiClient] Acquired semaphore. Active calls: 23
May 08, 2026 3:50:14 PM arch.GeminiClient getResponse
INFO: [GeminiClient] Got response. Active calls: 22
May 08, 2026 3:50:14 PM arch.GeminiClient getResponse
INFO: [GeminiClient] Got response. Active calls: 15
May 08, 2026 3:50:14 PM arch.GeminiClient getResponse
INFO: [GeminiClient] Waiting for semaphore. In queue: 1 | Active calls: 15 | Available permits: 36
May 08, 2026 3:50:14 PM arch.GeminiClient getResponse
INFO: [GeminiClient] Acquired semaphore. Active calls: 16
May 08, 2026 3:50:01 PM arch.GeminiClient getResponse
INFO: [GeminiClient] Got response. Active calls: 35
May 08, 2026 3:50:01 PM arch.GeminiClient getResponse
INFO: [GeminiClient] Got response. Active calls: 34
May 08, 2026 3:50:01 PM arch.GeminiClient getResponse
INFO: [GeminiClient] Got response. Active calls: 33
May 08, 2026 3:50:01 PM arch.GeminiClient getResponse
INFO: [GeminiClient] Got response. Active calls: 32
May 08, 2026 3:50:01 PM arch.GeminiClient getResponse
INFO: [GeminiClient] Got response. Active calls: 31
May 08, 2026 3:50:01 PM arch.GeminiClient getResponse
INFO: [GeminiClient] Got response. Active calls: 30
May 08, 2026 3:50:01 PM arch.GeminiClient getResponse
INFO: [GeminiClient] Got response. Active calls: 29
May 08, 2026 3:50:01 PM arch.GeminiClient getResponse
INFO: [GeminiClient] Got response. Active calls: 28
May 08, 2026 3:50:01 PM arch.GeminiClient getResponse
INFO: [GeminiClient] Got response. Active calls: 27
May 08, 2026 3:50:01 PM arch.GeminiClient getResponse
INFO: [GeminiClient] Got response. Active calls: 26
May 08, 2026 3:50:01 PM arch.GeminiClient getResponse
INFO: [GeminiClient] Got response. Active calls: 25
May 08, 2026 3:50:01 PM arch.GeminiClient getResponse
INFO: [GeminiClient] Got response. Active calls: 24
May 08, 2026 3:50:01 PM arch.GeminiClient getResponse
INFO: [GeminiClient] Got response. Active calls: 23
May 08, 2026 3:50:01 PM arch.GeminiClient getResponse
INFO: [GeminiClient] Got response. Active calls: 22
May 08, 2026 3:50:01 PM arch.GeminiClient getResponse
INFO: [GeminiClient] Got response. Active calls: 21
May 08, 2026 3:50:01 PM arch.GeminiClient getResponse
INFO: [GeminiClient] Got response. Active calls: 20
May 08, 2026 3:50:01 PM arch.GeminiClient getResponse
INFO: [GeminiClient] Got response. Active calls: 19
May 08, 2026 3:50:01 PM arch.GeminiClient getResponse
INFO: [GeminiClient] Got response. Active calls: 19
May 08, 2026 3:50:14 PM arch.GeminiClient getResponse
INFO: [GeminiClient] Got response. Active calls: 15
May 08, 2026 3:50:03 PM arch.GeminiClient getResponse
INFO: [GeminiClient] Got response. Active calls: 18
May 08, 2026 3:50:15 PM arch.GeminiClient getResponse
INFO: [GeminiClient] Waiting for semaphore. In queue: 1 | Active calls: 14 | Available permits: 55
May 08, 2026 3:50:15 PM arch.GeminiClient getResponse
INFO: [GeminiClient] Acquired semaphore. Active calls: 15
May 08, 2026 3:50:04 PM arch.GeminiClient getResponse
WARNING: [GeminiClient] TIMEOUT. Active: 17
May 08, 2026 3:50:15 PM arch.GeminiClient getResponse
INFO: [GeminiClient] Waiting for semaphore. In queue: 1 | Active calls: 15 | Available permits: 55
May 08, 2026 3:50:15 PM arch.GeminiClient getResponse
INFO: [GeminiClient] Acquired semaphore. Active calls: 16
May 08, 2026 3:50:04 PM arch.GeminiClient getResponse
INFO: [GeminiClient] Got response. Active calls: 16
May 08, 2026 3:50:15 PM arch.GeminiClient getResponse
INFO: [GeminiClient] Waiting for semaphore. In queue: 1 | Active calls: 16 | Available permits: 55
May 08, 2026 3:50:15 PM arch.GeminiClient getResponse
INFO: [GeminiClient] Acquired semaphore. Active calls: 17
May 08, 2026 3:50:16 PM arch.GeminiClient getResponse
INFO: [GeminiClient] Got response. Active calls: 16
May 08, 2026 3:50:17 PM arch.GeminiClient getResponse
INFO: [GeminiClient] Waiting for semaphore. In queue: 1 | Active calls: 16 | Available permits: 55
May 08, 2026 3:50:17 PM arch.GeminiClient getResponse
INFO: [GeminiClient] Acquired semaphore. Active calls: 17
May 08, 2026 3:50:19 PM arch.GeminiClient getResponse
INFO: [GeminiClient] Got response. Active calls: 16
May 08, 2026 3:50:21 PM arch.GeminiClient getResponse
INFO: [GeminiClient] Waiting for semaphore. In queue: 1 | Active calls: 16 | Available permits: 55
May 08, 2026 3:50:21 PM arch.GeminiClient getResponse
INFO: [GeminiClient] Acquired semaphore. Active calls: 17
May 08, 2026 3:50:08 PM arch.GeminiClient getResponse
INFO: [GeminiClient] Got response. Active calls: 17
May 08, 2026 3:50:22 PM arch.GeminiClient getResponse
INFO: [GeminiClient] Waiting for semaphore. In queue: 1 | Active calls: 17 | Available permits: 55
May 08, 2026 3:50:22 PM arch.GeminiClient getResponse
INFO: [GeminiClient] Acquired semaphore. Active calls: 18
May 08, 2026 3:50:08 PM arch.GeminiClient getResponse
INFO: [GeminiClient] Got response. Active calls: 17
May 08, 2026 3:50:22 PM arch.GeminiClient getResponse
INFO: [GeminiClient] Waiting for semaphore. In queue: 1 | Active calls: 18 | Available permits: 55
May 08, 2026 3:50:22 PM arch.GeminiClient getResponse
INFO: [GeminiClient] Acquired semaphore. Active calls: 19
May 08, 2026 3:50:09 PM arch.GeminiClient getResponse
INFO: [GeminiClient] Acquired semaphore. Active calls: 19
May 08, 2026 3:50:24 PM arch.GeminiClient getResponse
INFO: [GeminiClient] Got response. Active calls: 18
May 08, 2026 3:50:24 PM arch.GeminiClient getResponse
INFO: [GeminiClient] Waiting for semaphore. In queue: 1 | Active calls: 17 | Available permits: 55
May 08, 2026 3:50:24 PM arch.GeminiClient getResponse
INFO: [GeminiClient] Acquired semaphore. Active calls: 18
May 08, 2026 3:50:24 PM arch.GeminiClient getResponse
INFO: [GeminiClient] Got response. Active calls: 17
May 08, 2026 3:50:26 PM arch.GeminiClient getResponse
INFO: [GeminiClient] Waiting for semaphore. In queue: 1 | Active calls: 16 | Available permits: 55
May 08, 2026 3:50:26 PM arch.GeminiClient getResponse
INFO: [GeminiClient] Acquired semaphore. Active calls: 17
May 08, 2026 3:50:26 PM arch.GeminiClient lambda$static$1
INFO: [WATCHDOG] permits=54 activeGemini=17 waitingForSemaphore=0 executorQueueSize=0 executorActiveThreads=18
May 08, 2026 3:50:28 PM arch.GeminiClient getResponse
INFO: [GeminiClient] Waiting for semaphore. In queue: 1 | Active calls: 17 | Available permits: 54
May 08, 2026 3:50:28 PM arch.GeminiClient getResponse
INFO: [GeminiClient] Acquired semaphore. Active calls: 17
May 08, 2026 3:50:30 PM arch.GeminiClient getResponse
INFO: [GeminiClient] Got response. Active calls: 16
May 08, 2026 3:50:30 PM arch.GeminiClient getResponse
INFO: [GeminiClient] Waiting for semaphore. In queue: 1 | Active calls: 15 | Available permits: 54
May 08, 2026 3:50:30 PM arch.GeminiClient getResponse
INFO: [GeminiClient] Acquired semaphore. Active calls: 16
May 08, 2026 3:50:31 PM arch.GeminiClient getResponse
INFO: [GeminiClient] Waiting for semaphore. In queue: 1 | Active calls: 15 | Available permits: 53
May 08, 2026 3:50:31 PM arch.GeminiClient getResponse
INFO: [GeminiClient] Acquired semaphore. Active calls: 16
May 08, 2026 3:50:31 PM arch.GeminiClient getResponse
INFO: [GeminiClient] Waiting for semaphore. In queue: 1 | Active calls: 16 | Available permits: 52
May 08, 2026 3:50:31 PM arch.GeminiClient getResponse
INFO: [GeminiClient] Acquired semaphore. Active calls: 17
May 08, 2026 3:50:14 PM arch.GeminiClient getResponse
INFO: [GeminiClient] Got response. Active calls: 21
May 08, 2026 3:50:31 PM arch.GeminiClient getResponse
INFO: [GeminiClient] Got response. Active calls: 16
May 08, 2026 3:50:14 PM arch.GeminiClient getResponse
INFO: [GeminiClient] Got response. Active calls: 20
May 08, 2026 3:50:14 PM arch.GeminiClient getResponse
INFO: [GeminiClient] Got response. Active calls: 19
May 08, 2026 3:50:14 PM arch.GeminiClient getResponse
INFO: [GeminiClient] Got response. Active calls: 18
May 08, 2026 3:50:14 PM arch.GeminiClient getResponse
INFO: [GeminiClient] Got response. Active calls: 17
May 08, 2026 3:50:14 PM arch.GeminiClient getResponse
INFO: [GeminiClient] Got response. Active calls: 16
May 08, 2026 3:50:31 PM arch.GeminiClient getResponse
WARNING: [GeminiClient] TIMEOUT. Active: 15
May 08, 2026 3:50:31 PM arch.GeminiClient getResponse
INFO: [GeminiClient] Waiting for semaphore. In queue: 1 | Active calls: 15 | Available permits: 59
May 08, 2026 3:50:31 PM arch.GeminiClient getResponse
INFO: [GeminiClient] Acquired semaphore. Active calls: 16
May 08, 2026 3:50:35 PM arch.GeminiClient getResponse
INFO: [GeminiClient] Waiting for semaphore. In queue: 1 | Active calls: 16 | Available permits: 58
May 08, 2026 3:50:14 PM arch.GeminiClient getResponse
INFO: [GeminiClient] Got response. Active calls: 14
May 08, 2026 3:50:35 PM arch.GeminiClient getResponse
INFO: [GeminiClient] Waiting for semaphore. In queue: 1 | Active calls: 17 | Available permits: 58
May 08, 2026 3:50:35 PM arch.GeminiClient getResponse
INFO: [GeminiClient] Acquired semaphore. Active calls: 18
May 08, 2026 3:50:36 PM arch.GeminiClient getResponse
INFO: [GeminiClient] Waiting for semaphore. In queue: 1 | Active calls: 18 | Available permits: 57
May 08, 2026 3:50:36 PM arch.GeminiClient getResponse
INFO: [GeminiClient] Acquired semaphore. Active calls: 19
May 08, 2026 3:50:37 PM arch.GeminiClient getResponse
INFO: [GeminiClient] Waiting for semaphore. In queue: 1 | Active calls: 19 | Available permits: 56
May 08, 2026 3:50:37 PM arch.GeminiClient getResponse
INFO: [GeminiClient] Acquired semaphore. Active calls: 20
May 08, 2026 3:50:38 PM arch.GeminiClient getResponse
INFO: [GeminiClient] Got response. Active calls: 19
May 08, 2026 3:50:38 PM arch.GeminiClient getResponse
INFO: [GeminiClient] Waiting for semaphore. In queue: 1 | Active calls: 18 | Available permits: 56
May 08, 2026 3:50:38 PM arch.GeminiClient getResponse
INFO: [GeminiClient] Acquired semaphore. Active calls: 19
May 08, 2026 3:50:38 PM arch.GeminiClient getResponse
INFO: [GeminiClient] Got response. Active calls: 18
May 08, 2026 3:50:40 PM arch.GeminiClient getResponse
INFO: [GeminiClient] Got response. Active calls: 17
May 08, 2026 3:50:40 PM arch.GeminiClient getResponse
INFO: [GeminiClient] Got response. Active calls: 16
May 08, 2026 3:50:40 PM arch.GeminiClient getResponse
INFO: [GeminiClient] Waiting for semaphore. In queue: 1 | Active calls: 16 | Available permits: 58
May 08, 2026 3:50:40 PM arch.GeminiClient getResponse
INFO: [GeminiClient] Acquired semaphore. Active calls: 17
May 08, 2026 3:50:40 PM arch.GeminiClient getResponse
INFO: [GeminiClient] Got response. Active calls: 16
May 08, 2026 3:50:40 PM arch.GeminiClient getResponse
INFO: [GeminiClient] Waiting for semaphore. In queue: 1 | Active calls: 16 | Available permits: 58
May 08, 2026 3:50:40 PM arch.GeminiClient getResponse
INFO: [GeminiClient] Acquired semaphore. Active calls: 17
May 08, 2026 3:50:44 PM arch.GeminiClient getResponse
INFO: [GeminiClient] Waiting for semaphore. In queue: 1 | Active calls: 17 | Available permits: 57
May 08, 2026 3:50:44 PM arch.GeminiClient getResponse
INFO: [GeminiClient] Waiting for semaphore. In queue: 1 | Active calls: 17 | Available permits: 56
May 08, 2026 3:50:44 PM arch.GeminiClient getResponse
INFO: [GeminiClient] Acquired semaphore. Active calls: 18
May 08, 2026 3:50:45 PM arch.GeminiClient getResponse
INFO: [GeminiClient] Got response. Active calls: 17
May 08, 2026 3:50:45 PM arch.GeminiClient getResponse
INFO: [GeminiClient] Got response. Active calls: 14
May 08, 2026 3:50:46 PM arch.GeminiClient getResponse
INFO: [GeminiClient] Waiting for semaphore. In queue: 1 | Active calls: 12 | Available permits: 57
May 08, 2026 3:50:46 PM arch.GeminiClient getResponse
INFO: [GeminiClient] Acquired semaphore. Active calls: 9
May 08, 2026 3:50:46 PM arch.GeminiClient getResponse
INFO: [GeminiClient] Waiting for semaphore. In queue: 1 | Active calls: 9 | Available permits: 56
May 08, 2026 3:50:46 PM arch.GeminiClient getResponse
INFO: [GeminiClient] Acquired semaphore. Active calls: 10
May 08, 2026 3:50:47 PM arch.GeminiClient getResponse
INFO: [GeminiClient] Waiting for semaphore. In queue: 1 | Active calls: 10 | Available permits: 55
May 08, 2026 3:50:47 PM arch.GeminiClient getResponse
INFO: [GeminiClient] Acquired semaphore. Active calls: 9
May 08, 2026 3:50:24 PM arch.GeminiClient getResponse
INFO: [GeminiClient] Got response. Active calls: 17
May 08, 2026 3:50:50 PM arch.GeminiClient getResponse
INFO: [GeminiClient] Got response. Active calls: 8
May 08, 2026 3:50:50 PM arch.GeminiClient getResponse
INFO: [GeminiClient] Waiting for semaphore. In queue: 1 | Active calls: 8 | Available permits: 56
May 08, 2026 3:50:50 PM arch.GeminiClient getResponse
INFO: [GeminiClient] Acquired semaphore. Active calls: 9
May 08, 2026 3:50:50 PM arch.GeminiClient getResponse
INFO: [GeminiClient] Waiting for semaphore. In queue: 1 | Active calls: 9 | Available permits: 55
May 08, 2026 3:50:50 PM arch.GeminiClient getResponse
INFO: [GeminiClient] Acquired semaphore. Active calls: 10
May 08, 2026 3:50:25 PM arch.GeminiClient getResponse
INFO: [GeminiClient] Got response. Active calls: 16
May 08, 2026 3:50:50 PM arch.GeminiClient getResponse
INFO: [GeminiClient] Waiting for semaphore. In queue: 1 | Active calls: 10 | Available permits: 55
May 08, 2026 3:50:50 PM arch.GeminiClient getResponse
INFO: [GeminiClient] Acquired semaphore. Active calls: 11
May 08, 2026 3:50:50 PM arch.GeminiClient getResponse
INFO: [GeminiClient] Waiting for semaphore. In queue: 1 | Active calls: 11 | Available permits: 54
May 08, 2026 3:50:50 PM arch.GeminiClient getResponse
INFO: [GeminiClient] Acquired semaphore. Active calls: 12
May 08, 2026 3:50:28 PM arch.GeminiClient getResponse
INFO: [GeminiClient] Got response. Active calls: 16
May 08, 2026 3:50:51 PM arch.GeminiClient getResponse
INFO: [GeminiClient] Waiting for semaphore. In queue: 1 | Active calls: 12 | Available permits: 54
May 08, 2026 3:50:51 PM arch.GeminiClient getResponse
INFO: [GeminiClient] Waiting for semaphore. In queue: 1 | Active calls: 13 | Available permits: 53
May 08, 2026 3:50:51 PM arch.GeminiClient getResponse
INFO: [GeminiClient] Acquired semaphore. Active calls: 14
May 08, 2026 3:50:30 PM arch.GeminiClient getResponse
INFO: [GeminiClient] Got response. Active calls: 15
May 08, 2026 3:50:51 PM arch.GeminiClient getResponse
INFO: [GeminiClient] Waiting for semaphore. In queue: 1 | Active calls: 14 | Available permits: 53
May 08, 2026 3:50:51 PM arch.GeminiClient getResponse
INFO: [GeminiClient] Acquired semaphore. Active calls: 15
May 08, 2026 3:50:31 PM arch.GeminiClient getResponse
WARNING: [GeminiClient] TIMEOUT. Active: 15
May 08, 2026 3:50:51 PM arch.GeminiClient getResponse
INFO: [GeminiClient] Waiting for semaphore. In queue: 2 | Active calls: 15 | Available permits: 53
May 08, 2026 3:50:51 PM arch.GeminiClient getResponse
INFO: [GeminiClient] Acquired semaphore. Active calls: 16
May 08, 2026 3:50:52 PM arch.GeminiClient getResponse
INFO: [GeminiClient] Waiting for semaphore. In queue: 2 | Active calls: 16 | Available permits: 52
May 08, 2026 3:50:52 PM arch.GeminiClient getResponse
INFO: [GeminiClient] Acquired semaphore. Active calls: 16
May 08, 2026 3:50:52 PM arch.GeminiClient getResponse
INFO: [GeminiClient] Waiting for semaphore. In queue: 2 | Active calls: 16 | Available permits: 51
May 08, 2026 3:50:52 PM arch.GeminiClient getResponse
INFO: [GeminiClient] Acquired semaphore. Active calls: 17
May 08, 2026 3:50:52 PM arch.GeminiClient getResponse
INFO: [GeminiClient] Got response. Active calls: 16
May 08, 2026 3:50:52 PM arch.GeminiClient getResponse
INFO: [GeminiClient] Got response. Active calls: 15
May 08, 2026 3:50:35 PM arch.GeminiClient getResponse
INFO: [GeminiClient] Acquired semaphore. Active calls: 17
May 08, 2026 3:50:52 PM arch.GeminiClient getResponse
INFO: [GeminiClient] Waiting for semaphore. In queue: 2 | Active calls: 15 | Available permits: 52
May 08, 2026 3:50:52 PM arch.GeminiClient getResponse
INFO: [GeminiClient] Acquired semaphore. Active calls: 16
May 08, 2026 3:50:52 PM arch.GeminiClient getResponse
INFO: [GeminiClient] Waiting for semaphore. In queue: 2 | Active calls: 16 | Available permits: 51
May 08, 2026 3:50:52 PM arch.GeminiClient getResponse
INFO: [GeminiClient] Acquired semaphore. Active calls: 17
May 08, 2026 3:50:52 PM arch.GeminiClient getResponse
WARNING: [GeminiClient] TIMEOUT. Active: 16
May 08, 2026 3:50:52 PM arch.GeminiClient getResponse
INFO: [GeminiClient] Waiting for semaphore. In queue: 2 | Active calls: 16 | Available permits: 51
May 08, 2026 3:50:52 PM arch.GeminiClient getResponse
INFO: [GeminiClient] Acquired semaphore. Active calls: 17
May 08, 2026 3:50:53 PM arch.GeminiClient getResponse
INFO: [GeminiClient] Waiting for semaphore. In queue: 2 | Active calls: 17 | Available permits: 50
May 08, 2026 3:50:53 PM arch.GeminiClient getResponse
INFO: [GeminiClient] Acquired semaphore. Active calls: 18
May 08, 2026 3:50:53 PM arch.GeminiClient getResponse
INFO: [GeminiClient] Waiting for semaphore. In queue: 2 | Active calls: 18 | Available permits: 49
May 08, 2026 3:50:53 PM arch.GeminiClient getResponse
INFO: [GeminiClient] Acquired semaphore. Active calls: 19
May 08, 2026 3:50:38 PM arch.GeminiClient getResponse
INFO: [GeminiClient] Got response. Active calls: 18
May 08, 2026 3:50:53 PM arch.GeminiClient getResponse
INFO: [GeminiClient] Got response. Active calls: 18
May 08, 2026 3:50:54 PM arch.GeminiClient getResponse
INFO: [GeminiClient] Waiting for semaphore. In queue: 2 | Active calls: 18 | Available permits: 50
May 08, 2026 3:50:54 PM arch.GeminiClient getResponse
INFO: [GeminiClient] Acquired semaphore. Active calls: 18
May 08, 2026 3:50:54 PM arch.GeminiClient getResponse
INFO: [GeminiClient] Got response. Active calls: 17
May 08, 2026 3:50:54 PM arch.GeminiClient getResponse
INFO: [GeminiClient] Waiting for semaphore. In queue: 2 | Active calls: 17 | Available permits: 50
May 08, 2026 3:50:54 PM arch.GeminiClient getResponse
INFO: [GeminiClient] Acquired semaphore. Active calls: 18
May 08, 2026 3:50:44 PM arch.GeminiClient getResponse
INFO: [GeminiClient] Got response. Active calls: 16
May 08, 2026 3:50:44 PM arch.GeminiClient getResponse
INFO: [GeminiClient] Acquired semaphore. Active calls: 17
May 08, 2026 3:50:54 PM arch.GeminiClient getResponse
INFO: [GeminiClient] Waiting for semaphore. In queue: 2 | Active calls: 18 | Available permits: 50
May 08, 2026 3:50:45 PM arch.GeminiClient getResponse
WARNING: [GeminiClient] TIMEOUT. Active: 15
May 08, 2026 3:50:54 PM arch.GeminiClient getResponse
INFO: [GeminiClient] Waiting for semaphore. In queue: 2 | Active calls: 19 | Available permits: 50
May 08, 2026 3:50:54 PM arch.GeminiClient getResponse
INFO: [GeminiClient] Acquired semaphore. Active calls: 20
May 08, 2026 3:50:45 PM arch.GeminiClient getResponse
WARNING: [GeminiClient] TIMEOUT. Active: 16
May 08, 2026 3:50:54 PM arch.GeminiClient getResponse
INFO: [GeminiClient] Waiting for semaphore. In queue: 2 | Active calls: 20 | Available permits: 50
May 08, 2026 3:50:54 PM arch.GeminiClient getResponse
INFO: [GeminiClient] Acquired semaphore. Active calls: 21
May 08, 2026 3:50:45 PM arch.GeminiClient getResponse
INFO: [GeminiClient] Got response. Active calls: 13
May 08, 2026 3:50:45 PM arch.GeminiClient getResponse
INFO: [GeminiClient] Got response. Active calls: 12
May 08, 2026 3:50:46 PM arch.GeminiClient getResponse
INFO: [GeminiClient] Got response. Active calls: 11
May 08, 2026 3:50:46 PM arch.GeminiClient getResponse
INFO: [GeminiClient] Got response. Active calls: 10
May 08, 2026 3:50:46 PM arch.GeminiClient getResponse
INFO: [GeminiClient] Got response. Active calls: 9
May 08, 2026 3:50:46 PM arch.GeminiClient getResponse
WARNING: [GeminiClient] TIMEOUT. Active: 8
May 08, 2026 3:50:54 PM arch.GeminiClient getResponse
INFO: [GeminiClient] Waiting for semaphore. In queue: 2 | Active calls: 21 | Available permits: 55
May 08, 2026 3:50:54 PM arch.GeminiClient getResponse
INFO: [GeminiClient] Acquired semaphore. Active calls: 22
May 08, 2026 3:50:55 PM arch.GeminiClient getResponse
INFO: [GeminiClient] Got response. Active calls: 21
May 08, 2026 3:50:55 PM arch.GeminiClient getResponse
INFO: [GeminiClient] Waiting for semaphore. In queue: 2 | Active calls: 21 | Available permits: 55
May 08, 2026 3:50:55 PM arch.GeminiClient getResponse
INFO: [GeminiClient] Acquired semaphore. Active calls: 22
May 08, 2026 3:50:47 PM arch.GeminiClient getResponse
INFO: [GeminiClient] Got response. Active calls: 9
May 08, 2026 3:50:47 PM arch.GeminiClient getResponse
WARNING: [GeminiClient] TIMEOUT. Active: 8
May 08, 2026 3:50:55 PM arch.GeminiClient getResponse
INFO: [GeminiClient] Waiting for semaphore. In queue: 2 | Active calls: 22 | Available permits: 56
May 08, 2026 3:50:55 PM arch.GeminiClient getResponse
INFO: [GeminiClient] Acquired semaphore. Active calls: 23
May 08, 2026 3:50:56 PM arch.GeminiClient getResponse
INFO: [GeminiClient] Waiting for semaphore. In queue: 2 | Active calls: 23 | Available permits: 55
May 08, 2026 3:50:56 PM arch.GeminiClient getResponse
INFO: [GeminiClient] Acquired semaphore. Active calls: 22
May 08, 2026 3:50:56 PM arch.GeminiClient lambda$static$1
INFO: [WATCHDOG] permits=54 activeGemini=22 waitingForSemaphore=1 executorQueueSize=0 executorActiveThreads=22
May 08, 2026 3:50:57 PM arch.GeminiClient getResponse
INFO: [GeminiClient] Waiting for semaphore. In queue: 2 | Active calls: 22 | Available permits: 54
May 08, 2026 3:50:57 PM arch.GeminiClient getResponse
INFO: [GeminiClient] Acquired semaphore. Active calls: 23
May 08, 2026 3:50:57 PM arch.GeminiClient getResponse
INFO: [GeminiClient] Waiting for semaphore. In queue: 2 | Active calls: 23 | Available permits: 53
May 08, 2026 3:50:57 PM arch.GeminiClient getResponse
INFO: [GeminiClient] Acquired semaphore. Active calls: 24
May 08, 2026 3:50:58 PM arch.GeminiClient getResponse
INFO: [GeminiClient] Got response. Active calls: 23
May 08, 2026 3:50:59 PM arch.GeminiClient getResponse
INFO: [GeminiClient] Waiting for semaphore. In queue: 2 | Active calls: 23 | Available permits: 53
May 08, 2026 3:50:59 PM arch.GeminiClient getResponse
INFO: [GeminiClient] Acquired semaphore. Active calls: 24
May 08, 2026 3:50:59 PM arch.GeminiClient getResponse
INFO: [GeminiClient] Waiting for semaphore. In queue: 2 | Active calls: 24 | Available permits: 52
May 08, 2026 3:50:59 PM arch.GeminiClient getResponse
INFO: [GeminiClient] Acquired semaphore. Active calls: 25
May 08, 2026 3:50:51 PM arch.GeminiClient getResponse
INFO: [GeminiClient] Acquired semaphore. Active calls: 13
May 08, 2026 3:51:00 PM arch.GeminiClient getResponse
INFO: [GeminiClient] Waiting for semaphore. In queue: 2 | Active calls: 25 | Available permits: 51
May 08, 2026 3:51:00 PM arch.GeminiClient getResponse
INFO: [GeminiClient] Acquired semaphore. Active calls: 26
May 08, 2026 3:50:51 PM arch.GeminiClient getResponse
INFO: [GeminiClient] Waiting for semaphore. In queue: 1 | Active calls: 15 | Available permits: 53
May 08, 2026 3:51:00 PM arch.GeminiClient getResponse
INFO: [GeminiClient] Acquired semaphore. Active calls: 27
May 08, 2026 3:50:52 PM arch.GeminiClient getResponse
INFO: [GeminiClient] Got response. Active calls: 15
May 08, 2026 3:51:01 PM arch.GeminiClient getResponse
INFO: [GeminiClient] Waiting for semaphore. In queue: 1 | Active calls: 27 | Available permits: 50
May 08, 2026 3:51:01 PM arch.GeminiClient getResponse
INFO: [GeminiClient] Acquired semaphore. Active calls: 28
May 08, 2026 3:51:01 PM arch.GeminiClient getResponse
INFO: [GeminiClient] Got response. Active calls: 27
May 08, 2026 3:51:01 PM arch.GeminiClient getResponse
WARNING: [GeminiClient] TIMEOUT. Active: 26
May 08, 2026 3:51:01 PM arch.GeminiClient getResponse
INFO: [GeminiClient] Waiting for semaphore. In queue: 1 | Active calls: 26 | Available permits: 51
May 08, 2026 3:51:01 PM arch.GeminiClient getResponse
INFO: [GeminiClient] Acquired semaphore. Active calls: 27
May 08, 2026 3:51:02 PM arch.GeminiClient getResponse
INFO: [GeminiClient] Waiting for semaphore. In queue: 1 | Active calls: 27 | Available permits: 50
May 08, 2026 3:51:02 PM arch.GeminiClient getResponse
INFO: [GeminiClient] Acquired semaphore. Active calls: 28
May 08, 2026 3:51:02 PM arch.GeminiClient getResponse
INFO: [GeminiClient] Waiting for semaphore. In queue: 1 | Active calls: 28 | Available permits: 49
May 08, 2026 3:51:02 PM arch.GeminiClient getResponse
INFO: [GeminiClient] Acquired semaphore. Active calls: 29
May 08, 2026 3:51:02 PM arch.GeminiClient getResponse
INFO: [GeminiClient] Waiting for semaphore. In queue: 1 | Active calls: 29 | Available permits: 48
May 08, 2026 3:51:02 PM arch.GeminiClient getResponse
INFO: [GeminiClient] Acquired semaphore. Active calls: 30
May 08, 2026 3:51:04 PM arch.GeminiClient getResponse
INFO: [GeminiClient] Got response. Active calls: 28
May 08, 2026 3:51:04 PM arch.GeminiClient getResponse
INFO: [GeminiClient] Waiting for semaphore. In queue: 1 | Active calls: 28 | Available permits: 48
May 08, 2026 3:51:04 PM arch.GeminiClient getResponse
INFO: [GeminiClient] Acquired semaphore. Active calls: 29
May 08, 2026 3:51:04 PM arch.GeminiClient getResponse
INFO: [GeminiClient] Got response. Active calls: 28
May 08, 2026 3:51:05 PM arch.GeminiClient getResponse
INFO: [GeminiClient] Waiting for semaphore. In queue: 1 | Active calls: 28 | Available permits: 48
May 08, 2026 3:51:05 PM arch.GeminiClient getResponse
INFO: [GeminiClient] Acquired semaphore. Active calls: 29
May 08, 2026 3:50:54 PM arch.GeminiClient getResponse
INFO: [GeminiClient] Got response. Active calls: 17
May 08, 2026 3:51:05 PM arch.GeminiClient getResponse
INFO: [GeminiClient] Got response. Active calls: 28
May 08, 2026 3:51:05 PM arch.GeminiClient getResponse
INFO: [GeminiClient] Waiting for semaphore. In queue: 1 | Active calls: 28 | Available permits: 49
May 08, 2026 3:51:05 PM arch.GeminiClient getResponse
INFO: [GeminiClient] Acquired semaphore. Active calls: 29
May 08, 2026 3:51:07 PM arch.GeminiClient getResponse
INFO: [GeminiClient] Got response. Active calls: 28
May 08, 2026 3:51:08 PM arch.GeminiClient getResponse
INFO: [GeminiClient] Waiting for semaphore. In queue: 1 | Active calls: 28 | Available permits: 49
May 08, 2026 3:51:08 PM arch.GeminiClient getResponse
INFO: [GeminiClient] Acquired semaphore. Active calls: 29
May 08, 2026 3:51:08 PM arch.GeminiClient getResponse
INFO: [GeminiClient] Got response. Active calls: 28
May 08, 2026 3:50:54 PM arch.GeminiClient getResponse
INFO: [GeminiClient] Acquired semaphore. Active calls: 19
May 08, 2026 3:51:08 PM arch.GeminiClient getResponse
INFO: [GeminiClient] Waiting for semaphore. In queue: 1 | Active calls: 27 | Available permits: 49
May 08, 2026 3:51:08 PM arch.GeminiClient getResponse
INFO: [GeminiClient] Acquired semaphore. Active calls: 28
May 08, 2026 3:51:08 PM arch.GeminiClient getResponse
INFO: [GeminiClient] Waiting for semaphore. In queue: 1 | Active calls: 28 | Available permits: 48
May 08, 2026 3:51:08 PM arch.GeminiClient getResponse
INFO: [GeminiClient] Acquired semaphore. Active calls: 29
May 08, 2026 3:51:10 PM arch.GeminiClient getResponse
INFO: [GeminiClient] Got response. Active calls: 28
May 08, 2026 3:51:11 PM arch.GeminiClient getResponse
INFO: [GeminiClient] Waiting for semaphore. In queue: 1 | Active calls: 21 | Available permits: 48
May 08, 2026 3:51:11 PM arch.GeminiClient getResponse
INFO: [GeminiClient] Acquired semaphore. Active calls: 21
May 08, 2026 3:50:56 PM arch.GeminiClient getResponse
INFO: [GeminiClient] Got response. Active calls: 22
May 08, 2026 3:50:56 PM arch.GeminiClient getResponse
INFO: [GeminiClient] Got response. Active calls: 21
May 08, 2026 3:51:11 PM arch.GeminiClient getResponse
INFO: [GeminiClient] Waiting for semaphore. In queue: 1 | Active calls: 21 | Available permits: 49
May 08, 2026 3:51:11 PM arch.GeminiClient getResponse
INFO: [GeminiClient] Acquired semaphore. Active calls: 22
May 08, 2026 3:51:12 PM arch.GeminiClient getResponse
INFO: [GeminiClient] Got response. Active calls: 21
May 08, 2026 3:51:12 PM arch.GeminiClient getResponse
INFO: [GeminiClient] Waiting for semaphore. In queue: 1 | Active calls: 21 | Available permits: 49
May 08, 2026 3:51:12 PM arch.GeminiClient getResponse
INFO: [GeminiClient] Acquired semaphore. Active calls: 22
May 08, 2026 3:51:16 PM arch.GeminiClient getResponse
INFO: [GeminiClient] Waiting for semaphore. In queue: 1 | Active calls: 22 | Available permits: 48
May 08, 2026 3:51:16 PM arch.GeminiClient getResponse
INFO: [GeminiClient] Acquired semaphore. Active calls: 23
May 08, 2026 3:51:16 PM arch.GeminiClient getResponse
INFO: [GeminiClient] Got response. Active calls: 22
May 08, 2026 3:51:17 PM arch.GeminiClient getResponse
INFO: [GeminiClient] Got response. Active calls: 21
May 08, 2026 3:51:17 PM arch.GeminiClient getResponse
INFO: [GeminiClient] Got response. Active calls: 20
May 08, 2026 3:51:17 PM arch.GeminiClient getResponse
INFO: [GeminiClient] Got response. Active calls: 17
May 08, 2026 3:51:18 PM arch.GeminiClient getResponse
INFO: [GeminiClient] Waiting for semaphore. In queue: 1 | Active calls: 17 | Available permits: 51
May 08, 2026 3:51:18 PM arch.GeminiClient getResponse
INFO: [GeminiClient] Acquired semaphore. Active calls: 17
May 08, 2026 3:51:18 PM arch.GeminiClient getResponse
INFO: [GeminiClient] Got response. Active calls: 16
May 08, 2026 3:51:19 PM arch.GeminiClient getResponse
INFO: [GeminiClient] Got response. Active calls: 11
May 08, 2026 3:51:19 PM arch.GeminiClient getResponse
INFO: [GeminiClient] Waiting for semaphore. In queue: 1 | Active calls: 10 | Available permits: 52
May 08, 2026 3:51:19 PM arch.GeminiClient getResponse
INFO: [GeminiClient] Acquired semaphore. Active calls: 11
May 08, 2026 3:51:19 PM arch.GeminiClient getResponse
INFO: [GeminiClient] Waiting for semaphore. In queue: 1 | Active calls: 11 | Available permits: 51
May 08, 2026 3:51:19 PM arch.GeminiClient getResponse
INFO: [GeminiClient] Acquired semaphore. Active calls: 12
May 08, 2026 3:51:19 PM arch.GeminiClient getResponse
INFO: [GeminiClient] Waiting for semaphore. In queue: 1 | Active calls: 12 | Available permits: 50
May 08, 2026 3:51:19 PM arch.GeminiClient getResponse
INFO: [GeminiClient] Acquired semaphore. Active calls: 13
May 08, 2026 3:51:19 PM arch.GeminiClient getResponse
INFO: [GeminiClient] Waiting for semaphore. In queue: 1 | Active calls: 13 | Available permits: 49
May 08, 2026 3:51:19 PM arch.GeminiClient getResponse
INFO: [GeminiClient] Waiting for semaphore. In queue: 1 | Active calls: 14 | Available permits: 48
May 08, 2026 3:51:19 PM arch.GeminiClient getResponse
INFO: [GeminiClient] Acquired semaphore. Active calls: 15
May 08, 2026 3:51:20 PM arch.GeminiClient getResponse
INFO: [GeminiClient] Got response. Active calls: 14
May 08, 2026 3:51:21 PM arch.GeminiClient getResponse
INFO: [GeminiClient] Waiting for semaphore. In queue: 1 | Active calls: 12 | Available permits: 48
May 08, 2026 3:51:21 PM arch.GeminiClient getResponse
INFO: [GeminiClient] Acquired semaphore. Active calls: 12
May 08, 2026 3:51:04 PM arch.GeminiClient getResponse
INFO: [GeminiClient] Got response. Active calls: 29
May 08, 2026 3:51:21 PM arch.GeminiClient getResponse
INFO: [GeminiClient] Got response. Active calls: 11
May 08, 2026 3:51:21 PM arch.GeminiClient getResponse
INFO: [GeminiClient] Waiting for semaphore. In queue: 1 | Active calls: 11 | Available permits: 49
May 08, 2026 3:51:21 PM arch.GeminiClient getResponse
INFO: [GeminiClient] Acquired semaphore. Active calls: 12
May 08, 2026 3:51:21 PM arch.GeminiClient getResponse
INFO: [GeminiClient] Got response. Active calls: 11
May 08, 2026 3:51:22 PM arch.GeminiClient getResponse
INFO: [GeminiClient] Waiting for semaphore. In queue: 1 | Active calls: 11 | Available permits: 49
May 08, 2026 3:51:22 PM arch.GeminiClient getResponse
INFO: [GeminiClient] Acquired semaphore. Active calls: 12
May 08, 2026 3:51:22 PM arch.GeminiClient getResponse
INFO: [GeminiClient] Got response. Active calls: 11
May 08, 2026 3:51:23 PM arch.GeminiClient getResponse
WARNING: [GeminiClient] TIMEOUT. Active: 10
May 08, 2026 3:51:23 PM arch.GeminiClient getResponse
INFO: [GeminiClient] Waiting for semaphore. In queue: 1 | Active calls: 10 | Available permits: 50
May 08, 2026 3:51:23 PM arch.GeminiClient getResponse
INFO: [GeminiClient] Acquired semaphore. Active calls: 11
May 08, 2026 3:51:08 PM arch.GeminiClient getResponse
INFO: [GeminiClient] Got response. Active calls: 27
May 08, 2026 3:51:23 PM arch.GeminiClient getResponse
INFO: [GeminiClient] Waiting for semaphore. In queue: 1 | Active calls: 11 | Available permits: 50
May 08, 2026 3:51:23 PM arch.GeminiClient getResponse
INFO: [GeminiClient] Acquired semaphore. Active calls: 12
May 08, 2026 3:51:24 PM arch.GeminiClient getResponse
INFO: [GeminiClient] Waiting for semaphore. In queue: 1 | Active calls: 12 | Available permits: 49
May 08, 2026 3:51:24 PM arch.GeminiClient getResponse
INFO: [GeminiClient] Acquired semaphore. Active calls: 13
May 08, 2026 3:51:10 PM arch.GeminiClient getResponse
INFO: [GeminiClient] Got response. Active calls: 27
May 08, 2026 3:51:10 PM arch.GeminiClient getResponse
INFO: [GeminiClient] Got response. Active calls: 26
May 08, 2026 3:51:10 PM arch.GeminiClient getResponse
INFO: [GeminiClient] Got response. Active calls: 25
May 08, 2026 3:51:10 PM arch.GeminiClient getResponse
INFO: [GeminiClient] Got response. Active calls: 24
May 08, 2026 3:51:10 PM arch.GeminiClient getResponse
INFO: [GeminiClient] Got response. Active calls: 23
May 08, 2026 3:51:10 PM arch.GeminiClient getResponse
INFO: [GeminiClient] Got response. Active calls: 22
May 08, 2026 3:51:10 PM arch.GeminiClient getResponse
INFO: [GeminiClient] Got response. Active calls: 21
May 08, 2026 3:51:11 PM arch.GeminiClient getResponse
INFO: [GeminiClient] Got response. Active calls: 20
May 08, 2026 3:51:24 PM arch.GeminiClient getResponse
INFO: [GeminiClient] Got response. Active calls: 11
May 08, 2026 3:51:24 PM arch.GeminiClient getResponse
INFO: [GeminiClient] Waiting for semaphore. In queue: 1 | Active calls: 9 | Available permits: 57
May 08, 2026 3:51:24 PM arch.GeminiClient getResponse
INFO: [GeminiClient] Acquired semaphore. Active calls: 10
May 08, 2026 3:51:25 PM arch.GeminiClient getResponse
INFO: [GeminiClient] Waiting for semaphore. In queue: 1 | Active calls: 10 | Available permits: 56
May 08, 2026 3:51:25 PM arch.GeminiClient getResponse
INFO: [GeminiClient] Acquired semaphore. Active calls: 11
May 08, 2026 3:51:26 PM arch.GeminiClient lambda$static$1
INFO: [WATCHDOG] permits=55 activeGemini=11 waitingForSemaphore=0 executorQueueSize=0 executorActiveThreads=10
May 08, 2026 3:51:26 PM arch.GeminiClient getResponse
INFO: [GeminiClient] Got response. Active calls: 10
May 08, 2026 3:51:27 PM arch.GeminiClient getResponse
INFO: [GeminiClient] Waiting for semaphore. In queue: 1 | Active calls: 10 | Available permits: 56
May 08, 2026 3:51:27 PM arch.GeminiClient getResponse
INFO: [GeminiClient] Acquired semaphore. Active calls: 11
May 08, 2026 3:51:27 PM arch.GeminiClient getResponse
INFO: [GeminiClient] Waiting for semaphore. In queue: 1 | Active calls: 11 | Available permits: 55
May 08, 2026 3:51:27 PM arch.GeminiClient getResponse
INFO: [GeminiClient] Acquired semaphore. Active calls: 12
May 08, 2026 3:51:28 PM arch.GeminiClient getResponse
INFO: [GeminiClient] Got response. Active calls: 11
May 08, 2026 3:51:28 PM arch.GeminiClient getResponse
INFO: [GeminiClient] Got response. Active calls: 10
May 08, 2026 3:51:28 PM arch.GeminiClient getResponse
INFO: [GeminiClient] Waiting for semaphore. In queue: 1 | Active calls: 10 | Available permits: 56
May 08, 2026 3:51:28 PM arch.GeminiClient getResponse
INFO: [GeminiClient] Acquired semaphore. Active calls: 11
May 08, 2026 3:51:29 PM arch.GeminiClient getResponse
INFO: [GeminiClient] Waiting for semaphore. In queue: 1 | Active calls: 11 | Available permits: 55
May 08, 2026 3:51:29 PM arch.GeminiClient getResponse
INFO: [GeminiClient] Acquired semaphore. Active calls: 12
May 08, 2026 3:51:17 PM arch.GeminiClient getResponse
INFO: [GeminiClient] Got response. Active calls: 19
May 08, 2026 3:51:17 PM arch.GeminiClient getResponse
INFO: [GeminiClient] Got response. Active calls: 18
May 08, 2026 3:51:18 PM arch.GeminiClient getResponse
INFO: [GeminiClient] Got response. Active calls: 16
May 08, 2026 3:51:18 PM arch.GeminiClient getResponse
INFO: [GeminiClient] Got response. Active calls: 15
May 08, 2026 3:51:18 PM arch.GeminiClient getResponse
INFO: [GeminiClient] Got response. Active calls: 14
May 08, 2026 3:51:19 PM arch.GeminiClient getResponse
INFO: [GeminiClient] Got response. Active calls: 13
May 08, 2026 3:51:19 PM arch.GeminiClient getResponse
INFO: [GeminiClient] Got response. Active calls: 12
May 08, 2026 3:51:19 PM arch.GeminiClient getResponse
INFO: [GeminiClient] Got response. Active calls: 10
May 08, 2026 3:51:29 PM arch.GeminiClient getResponse
INFO: [GeminiClient] Waiting for semaphore. In queue: 1 | Active calls: 12 | Available permits: 62
May 08, 2026 3:51:29 PM arch.GeminiClient getResponse
INFO: [GeminiClient] Acquired semaphore. Active calls: 13
May 08, 2026 3:51:30 PM arch.GeminiClient getResponse
INFO: [GeminiClient] Got response. Active calls: 12
May 08, 2026 3:51:19 PM arch.GeminiClient getResponse
INFO: [GeminiClient] Acquired semaphore. Active calls: 14
May 08, 2026 3:51:30 PM arch.GeminiClient getResponse
INFO: [GeminiClient] Waiting for semaphore. In queue: 1 | Active calls: 10 | Available permits: 62
May 08, 2026 3:51:30 PM arch.GeminiClient getResponse
INFO: [GeminiClient] Acquired semaphore. Active calls: 11
May 08, 2026 3:51:20 PM arch.GeminiClient getResponse
INFO: [GeminiClient] Got response. Active calls: 13
May 08, 2026 3:51:20 PM arch.GeminiClient getResponse
WARNING: [GeminiClient] TIMEOUT. Active: 12
May 08, 2026 3:51:30 PM arch.GeminiClient getResponse
INFO: [GeminiClient] Waiting for semaphore. In queue: 1 | Active calls: 11 | Available permits: 63
May 08, 2026 3:51:30 PM arch.GeminiClient getResponse
INFO: [GeminiClient] Acquired semaphore. Active calls: 12
May 08, 2026 3:51:21 PM arch.GeminiClient getResponse
INFO: [GeminiClient] Got response. Active calls: 11
May 08, 2026 3:51:30 PM arch.GeminiClient getResponse
INFO: [GeminiClient] Waiting for semaphore. In queue: 1 | Active calls: 12 | Available permits: 63
May 08, 2026 3:51:30 PM arch.GeminiClient getResponse
INFO: [GeminiClient] Acquired semaphore. Active calls: 11
May 08, 2026 3:51:30 PM arch.GeminiClient getResponse
INFO: [GeminiClient] Waiting for semaphore. In queue: 1 | Active calls: 11 | Available permits: 62
May 08, 2026 3:51:30 PM arch.GeminiClient getResponse
INFO: [GeminiClient] Acquired semaphore. Active calls: 12
May 08, 2026 3:51:31 PM arch.GeminiClient getResponse
INFO: [GeminiClient] Waiting for semaphore. In queue: 1 | Active calls: 12 | Available permits: 61
May 08, 2026 3:51:32 PM arch.GeminiClient getResponse
INFO: [GeminiClient] Waiting for semaphore. In queue: 1 | Active calls: 13 | Available permits: 60
May 08, 2026 3:51:32 PM arch.GeminiClient getResponse
INFO: [GeminiClient] Acquired semaphore. Active calls: 14
May 08, 2026 3:51:36 PM arch.GeminiClient getResponse
INFO: [GeminiClient] Got response. Active calls: 13
May 08, 2026 3:51:37 PM arch.GeminiClient getResponse
INFO: [GeminiClient] Waiting for semaphore. In queue: 1 | Active calls: 13 | Available permits: 60
May 08, 2026 3:51:37 PM arch.GeminiClient getResponse
INFO: [GeminiClient] Acquired semaphore. Active calls: 14
May 08, 2026 3:51:37 PM arch.GeminiClient getResponse
INFO: [GeminiClient] Waiting for semaphore. In queue: 1 | Active calls: 14 | Available permits: 59
May 08, 2026 3:51:37 PM arch.GeminiClient getResponse
INFO: [GeminiClient] Acquired semaphore. Active calls: 15
May 08, 2026 3:51:38 PM arch.GeminiClient getResponse
INFO: [GeminiClient] Waiting for semaphore. In queue: 1 | Active calls: 15 | Available permits: 58
May 08, 2026 3:51:38 PM arch.GeminiClient getResponse
INFO: [GeminiClient] Acquired semaphore. Active calls: 16
May 08, 2026 3:51:40 PM arch.GeminiClient getResponse
INFO: [GeminiClient] Waiting for semaphore. In queue: 1 | Active calls: 16 | Available permits: 57
May 08, 2026 3:51:40 PM arch.GeminiClient getResponse
INFO: [GeminiClient] Acquired semaphore. Active calls: 17
May 08, 2026 3:51:40 PM arch.GeminiClient getResponse
INFO: [GeminiClient] Waiting for semaphore. In queue: 1 | Active calls: 17 | Available permits: 56
May 08, 2026 3:51:40 PM arch.GeminiClient getResponse
INFO: [GeminiClient] Acquired semaphore. Active calls: 18
May 08, 2026 3:51:24 PM arch.GeminiClient getResponse
INFO: [GeminiClient] Got response. Active calls: 12
May 08, 2026 3:51:40 PM arch.GeminiClient getResponse
INFO: [GeminiClient] Waiting for semaphore. In queue: 1 | Active calls: 18 | Available permits: 56
May 08, 2026 3:51:40 PM arch.GeminiClient getResponse
INFO: [GeminiClient] Acquired semaphore. Active calls: 19
May 08, 2026 3:51:41 PM arch.GeminiClient getResponse
INFO: [GeminiClient] Waiting for semaphore. In queue: 1 | Active calls: 19 | Available permits: 55
May 08, 2026 3:51:41 PM arch.GeminiClient getResponse
INFO: [GeminiClient] Acquired semaphore. Active calls: 20
May 08, 2026 3:51:41 PM arch.GeminiClient getResponse
INFO: [GeminiClient] Waiting for semaphore. In queue: 1 | Active calls: 20 | Available permits: 54
May 08, 2026 3:51:41 PM arch.GeminiClient getResponse
INFO: [GeminiClient] Acquired semaphore. Active calls: 21
May 08, 2026 3:51:41 PM arch.GeminiClient getResponse
INFO: [GeminiClient] Waiting for semaphore. In queue: 1 | Active calls: 21 | Available permits: 53
May 08, 2026 3:51:41 PM arch.GeminiClient getResponse
INFO: [GeminiClient] Acquired semaphore. Active calls: 22
May 08, 2026 3:51:24 PM arch.GeminiClient getResponse
INFO: [GeminiClient] Got response. Active calls: 10
May 08, 2026 3:51:24 PM arch.GeminiClient getResponse
INFO: [GeminiClient] Got response. Active calls: 9
May 08, 2026 3:51:41 PM arch.GeminiClient getResponse
INFO: [GeminiClient] Waiting for semaphore. In queue: 1 | Active calls: 22 | Available permits: 54
May 08, 2026 3:51:41 PM arch.GeminiClient getResponse
INFO: [GeminiClient] Acquired semaphore. Active calls: 23
May 08, 2026 3:51:43 PM arch.GeminiClient getResponse
INFO: [GeminiClient] Waiting for semaphore. In queue: 1 | Active calls: 21 | Available permits: 53
May 08, 2026 3:51:43 PM arch.GeminiClient getResponse
INFO: [GeminiClient] Acquired semaphore. Active calls: 22
May 08, 2026 3:51:48 PM arch.GeminiClient getResponse
INFO: [GeminiClient] Waiting for semaphore. In queue: 1 | Active calls: 22 | Available permits: 52
May 08, 2026 3:51:48 PM arch.GeminiClient getResponse
INFO: [GeminiClient] Acquired semaphore. Active calls: 23
May 08, 2026 3:51:49 PM arch.GeminiClient getResponse
INFO: [GeminiClient] Waiting for semaphore. In queue: 1 | Active calls: 23 | Available permits: 51
May 08, 2026 3:51:49 PM arch.GeminiClient getResponse
INFO: [GeminiClient] Acquired semaphore. Active calls: 20
May 08, 2026 3:51:49 PM arch.GeminiClient getResponse
INFO: [GeminiClient] Waiting for semaphore. In queue: 1 | Active calls: 20 | Available permits: 50
May 08, 2026 3:51:49 PM arch.GeminiClient getResponse
INFO: [GeminiClient] Acquired semaphore. Active calls: 21
May 08, 2026 3:51:49 PM arch.GeminiClient getResponse
INFO: [GeminiClient] Waiting for semaphore. In queue: 1 | Active calls: 21 | Available permits: 49
May 08, 2026 3:51:49 PM arch.GeminiClient getResponse
INFO: [GeminiClient] Acquired semaphore. Active calls: 21
May 08, 2026 3:51:49 PM arch.GeminiClient getResponse
INFO: [GeminiClient] Waiting for semaphore. In queue: 1 | Active calls: 21 | Available permits: 48
May 08, 2026 3:51:49 PM arch.GeminiClient getResponse
INFO: [GeminiClient] Acquired semaphore. Active calls: 22
May 08, 2026 3:51:50 PM arch.GeminiClient getResponse
INFO: [GeminiClient] Got response. Active calls: 21
May 08, 2026 3:51:30 PM arch.GeminiClient getResponse
INFO: [GeminiClient] Got response. Active calls: 11
May 08, 2026 3:51:30 PM arch.GeminiClient getResponse
WARNING: [GeminiClient] TIMEOUT. Active: 10
May 08, 2026 3:51:50 PM arch.GeminiClient getResponse
INFO: [GeminiClient] Waiting for semaphore. In queue: 1 | Active calls: 21 | Available permits: 50
May 08, 2026 3:51:50 PM arch.GeminiClient getResponse
INFO: [GeminiClient] Acquired semaphore. Active calls: 22
May 08, 2026 3:51:50 PM arch.GeminiClient getResponse
INFO: [GeminiClient] Waiting for semaphore. In queue: 1 | Active calls: 22 | Available permits: 49
May 08, 2026 3:51:50 PM arch.GeminiClient getResponse
INFO: [GeminiClient] Acquired semaphore. Active calls: 23
May 08, 2026 3:51:30 PM arch.GeminiClient getResponse
INFO: [GeminiClient] Got response. Active calls: 11
May 08, 2026 3:51:30 PM arch.GeminiClient getResponse
INFO: [GeminiClient] Got response. Active calls: 10
May 08, 2026 3:51:31 PM arch.GeminiClient getResponse
INFO: [GeminiClient] Acquired semaphore. Active calls: 13
May 08, 2026 3:51:51 PM arch.GeminiClient getResponse
INFO: [GeminiClient] Got response. Active calls: 22
May 08, 2026 3:51:53 PM arch.GeminiClient getResponse
INFO: [GeminiClient] Got response. Active calls: 20
May 08, 2026 3:51:53 PM arch.GeminiClient getResponse
INFO: [GeminiClient] Waiting for semaphore. In queue: 1 | Active calls: 20 | Available permits: 52
May 08, 2026 3:51:53 PM arch.GeminiClient getResponse
INFO: [GeminiClient] Acquired semaphore. Active calls: 21
May 08, 2026 3:51:54 PM arch.GeminiClient getResponse
INFO: [GeminiClient] Got response. Active calls: 20
May 08, 2026 3:51:54 PM arch.GeminiClient getResponse
INFO: [GeminiClient] Waiting for semaphore. In queue: 1 | Active calls: 19 | Available permits: 52
May 08, 2026 3:51:54 PM arch.GeminiClient getResponse
INFO: [GeminiClient] Acquired semaphore. Active calls: 20
May 08, 2026 3:51:55 PM arch.GeminiClient getResponse
WARNING: [GeminiClient] TIMEOUT. Active: 19
May 08, 2026 3:51:55 PM arch.GeminiClient getResponse
INFO: [GeminiClient] Waiting for semaphore. In queue: 1 | Active calls: 18 | Available permits: 52
May 08, 2026 3:51:55 PM arch.GeminiClient getResponse
INFO: [GeminiClient] Acquired semaphore. Active calls: 19
May 08, 2026 3:51:55 PM arch.GeminiClient getResponse
INFO: [GeminiClient] Waiting for semaphore. In queue: 1 | Active calls: 19 | Available permits: 51
May 08, 2026 3:51:55 PM arch.GeminiClient getResponse
INFO: [GeminiClient] Acquired semaphore. Active calls: 20
May 08, 2026 3:51:55 PM arch.GeminiClient getResponse
INFO: [GeminiClient] Waiting for semaphore. In queue: 1 | Active calls: 20 | Available permits: 50
May 08, 2026 3:51:55 PM arch.GeminiClient getResponse
INFO: [GeminiClient] Acquired semaphore. Active calls: 21
May 08, 2026 3:51:56 PM arch.GeminiClient getResponse
INFO: [GeminiClient] Waiting for semaphore. In queue: 1 | Active calls: 21 | Available permits: 49
May 08, 2026 3:51:56 PM arch.GeminiClient getResponse
INFO: [GeminiClient] Acquired semaphore. Active calls: 22
May 08, 2026 3:51:56 PM arch.GeminiClient lambda$static$1
INFO: [WATCHDOG] permits=48 activeGemini=22 waitingForSemaphore=0 executorQueueSize=0 executorActiveThreads=23
May 08, 2026 3:51:56 PM arch.GeminiClient getResponse
INFO: [GeminiClient] Waiting for semaphore. In queue: 1 | Active calls: 21 | Available permits: 48
May 08, 2026 3:51:56 PM arch.GeminiClient getResponse
INFO: [GeminiClient] Acquired semaphore. Active calls: 22
May 08, 2026 3:51:57 PM arch.GeminiClient getResponse
INFO: [GeminiClient] Got response. Active calls: 21
May 08, 2026 3:51:57 PM arch.GeminiClient getResponse
INFO: [GeminiClient] Waiting for semaphore. In queue: 1 | Active calls: 19 | Available permits: 48
May 08, 2026 3:51:57 PM arch.GeminiClient getResponse
INFO: [GeminiClient] Acquired semaphore. Active calls: 20
May 08, 2026 3:51:42 PM arch.GeminiClient getResponse
INFO: [GeminiClient] Got response. Active calls: 22
May 08, 2026 3:51:42 PM arch.GeminiClient getResponse
WARNING: [GeminiClient] TIMEOUT. Active: 21
May 08, 2026 3:51:57 PM arch.GeminiClient getResponse
INFO: [GeminiClient] Waiting for semaphore. In queue: 1 | Active calls: 20 | Available permits: 49
May 08, 2026 3:51:57 PM arch.GeminiClient getResponse
INFO: [GeminiClient] Acquired semaphore. Active calls: 21
May 08, 2026 3:51:58 PM arch.GeminiClient getResponse
INFO: [GeminiClient] Waiting for semaphore. In queue: 1 | Active calls: 21 | Available permits: 48
May 08, 2026 3:51:58 PM arch.GeminiClient getResponse
INFO: [GeminiClient] Acquired semaphore. Active calls: 22
May 08, 2026 3:51:58 PM arch.GeminiClient getResponse
INFO: [GeminiClient] Waiting for semaphore. In queue: 1 | Active calls: 22 | Available permits: 47
May 08, 2026 3:51:58 PM arch.GeminiClient getResponse
INFO: [GeminiClient] Acquired semaphore. Active calls: 23
May 08, 2026 3:51:59 PM arch.GeminiClient getResponse
WARNING: [GeminiClient] TIMEOUT. Active: 22
May 08, 2026 3:51:59 PM arch.GeminiClient getResponse
INFO: [GeminiClient] Waiting for semaphore. In queue: 1 | Active calls: 22 | Available permits: 47
May 08, 2026 3:51:59 PM arch.GeminiClient getResponse
INFO: [GeminiClient] Acquired semaphore. Active calls: 23
May 08, 2026 3:52:01 PM arch.GeminiClient getResponse
INFO: [GeminiClient] Got response. Active calls: 22
May 08, 2026 3:52:01 PM arch.GeminiClient getResponse
INFO: [GeminiClient] Waiting for semaphore. In queue: 1 | Active calls: 22 | Available permits: 47
May 08, 2026 3:52:01 PM arch.GeminiClient getResponse
INFO: [GeminiClient] Acquired semaphore. Active calls: 23
May 08, 2026 3:52:02 PM arch.GeminiClient getResponse
INFO: [GeminiClient] Waiting for semaphore. In queue: 1 | Active calls: 23 | Available permits: 46
May 08, 2026 3:52:02 PM arch.GeminiClient getResponse
INFO: [GeminiClient] Acquired semaphore. Active calls: 24
May 08, 2026 3:51:49 PM arch.GeminiClient getResponse
INFO: [GeminiClient] Got response. Active calls: 22
May 08, 2026 3:51:49 PM arch.GeminiClient getResponse
INFO: [GeminiClient] Got response. Active calls: 21
May 08, 2026 3:51:49 PM arch.GeminiClient getResponse
INFO: [GeminiClient] Got response. Active calls: 20
May 08, 2026 3:51:49 PM arch.GeminiClient getResponse
INFO: [GeminiClient] Got response. Active calls: 19
May 08, 2026 3:52:02 PM arch.GeminiClient getResponse
INFO: [GeminiClient] Got response. Active calls: 23
May 08, 2026 3:51:49 PM arch.GeminiClient getResponse
INFO: [GeminiClient] Got response. Active calls: 20
May 08, 2026 3:52:02 PM arch.GeminiClient getResponse
INFO: [GeminiClient] Got response. Active calls: 21
May 08, 2026 3:52:02 PM arch.GeminiClient getResponse
INFO: [GeminiClient] Waiting for semaphore. In queue: 1 | Active calls: 19 | Available permits: 52
May 08, 2026 3:52:02 PM arch.GeminiClient getResponse
INFO: [GeminiClient] Acquired semaphore. Active calls: 19
May 08, 2026 3:52:02 PM arch.GeminiClient getResponse
INFO: [GeminiClient] Waiting for semaphore. In queue: 1 | Active calls: 19 | Available permits: 51
May 08, 2026 3:52:02 PM arch.GeminiClient getResponse
INFO: [GeminiClient] Acquired semaphore. Active calls: 20
May 08, 2026 3:52:03 PM arch.GeminiClient getResponse
INFO: [GeminiClient] Got response. Active calls: 19
May 08, 2026 3:52:03 PM arch.GeminiClient getResponse
INFO: [GeminiClient] Waiting for semaphore. In queue: 1 | Active calls: 18 | Available permits: 51
May 08, 2026 3:52:03 PM arch.GeminiClient getResponse
INFO: [GeminiClient] Acquired semaphore. Active calls: 19
May 08, 2026 3:51:51 PM arch.GeminiClient getResponse
INFO: [GeminiClient] Got response. Active calls: 21
May 08, 2026 3:52:03 PM arch.GeminiClient getResponse
INFO: [GeminiClient] Waiting for semaphore. In queue: 1 | Active calls: 19 | Available permits: 51
May 08, 2026 3:52:03 PM arch.GeminiClient getResponse
INFO: [GeminiClient] Acquired semaphore. Active calls: 20
May 08, 2026 3:52:04 PM arch.GeminiClient getResponse
INFO: [GeminiClient] Got response. Active calls: 19
May 08, 2026 3:52:04 PM arch.GeminiClient getResponse
INFO: [GeminiClient] Got response. Active calls: 18
May 08, 2026 3:52:04 PM arch.GeminiClient getResponse
INFO: [GeminiClient] Waiting for semaphore. In queue: 1 | Active calls: 18 | Available permits: 52
May 08, 2026 3:52:04 PM arch.GeminiClient getResponse
INFO: [GeminiClient] Acquired semaphore. Active calls: 19
May 08, 2026 3:52:05 PM arch.GeminiClient getResponse
INFO: [GeminiClient] Got response. Active calls: 18
May 08, 2026 3:52:05 PM arch.GeminiClient getResponse
INFO: [GeminiClient] Got response. Active calls: 16
May 08, 2026 3:51:54 PM arch.GeminiClient getResponse
INFO: [GeminiClient] Got response. Active calls: 19
May 08, 2026 3:52:06 PM arch.GeminiClient getResponse
INFO: [GeminiClient] Waiting for semaphore. In queue: 1 | Active calls: 16 | Available permits: 54
May 08, 2026 3:52:06 PM arch.GeminiClient getResponse
INFO: [GeminiClient] Acquired semaphore. Active calls: 17
May 08, 2026 3:51:55 PM arch.GeminiClient getResponse
INFO: [GeminiClient] Got response. Active calls: 18
May 08, 2026 3:52:06 PM arch.GeminiClient getResponse
INFO: [GeminiClient] Waiting for semaphore. In queue: 1 | Active calls: 17 | Available permits: 54
May 08, 2026 3:52:06 PM arch.GeminiClient getResponse
INFO: [GeminiClient] Acquired semaphore. Active calls: 17
May 08, 2026 3:52:07 PM arch.GeminiClient getResponse
INFO: [GeminiClient] Waiting for semaphore. In queue: 1 | Active calls: 17 | Available permits: 53
May 08, 2026 3:52:07 PM arch.GeminiClient getResponse
INFO: [GeminiClient] Acquired semaphore. Active calls: 18
May 08, 2026 3:51:56 PM arch.GeminiClient getResponse
INFO: [GeminiClient] Got response. Active calls: 21
May 08, 2026 3:51:57 PM arch.GeminiClient getResponse
INFO: [GeminiClient] Got response. Active calls: 20
May 08, 2026 3:51:57 PM arch.GeminiClient getResponse
INFO: [GeminiClient] Got response. Active calls: 19
May 08, 2026 3:52:07 PM arch.GeminiClient getResponse
INFO: [GeminiClient] Got response. Active calls: 17
May 08, 2026 3:52:07 PM arch.GeminiClient getResponse
INFO: [GeminiClient] Waiting for semaphore. In queue: 1 | Active calls: 17 | Available permits: 56
May 08, 2026 3:52:07 PM arch.GeminiClient getResponse
INFO: [GeminiClient] Acquired semaphore. Active calls: 18
May 08, 2026 3:52:10 PM arch.GeminiClient getResponse
INFO: [GeminiClient] Waiting for semaphore. In queue: 1 | Active calls: 18 | Available permits: 55
May 08, 2026 3:52:10 PM arch.GeminiClient getResponse
INFO: [GeminiClient] Acquired semaphore. Active calls: 18
May 08, 2026 3:52:10 PM arch.GeminiClient getResponse
INFO: [GeminiClient] Waiting for semaphore. In queue: 1 | Active calls: 18 | Available permits: 54
May 08, 2026 3:52:10 PM arch.GeminiClient getResponse
INFO: [GeminiClient] Acquired semaphore. Active calls: 19
May 08, 2026 3:52:11 PM arch.GeminiClient getResponse
INFO: [GeminiClient] Got response. Active calls: 18
May 08, 2026 3:52:12 PM arch.GeminiClient getResponse
INFO: [GeminiClient] Waiting for semaphore. In queue: 1 | Active calls: 18 | Available permits: 54
May 08, 2026 3:52:12 PM arch.GeminiClient getResponse
INFO: [GeminiClient] Acquired semaphore. Active calls: 18
May 08, 2026 3:52:13 PM arch.GeminiClient getResponse
INFO: [GeminiClient] Got response. Active calls: 17
May 08, 2026 3:52:14 PM arch.GeminiClient getResponse
INFO: [GeminiClient] Waiting for semaphore. In queue: 1 | Active calls: 15 | Available permits: 54
May 08, 2026 3:52:14 PM arch.GeminiClient getResponse
INFO: [GeminiClient] Acquired semaphore. Active calls: 16
May 08, 2026 3:52:15 PM arch.GeminiClient getResponse
INFO: [GeminiClient] Waiting for semaphore. In queue: 1 | Active calls: 16 | Available permits: 53
May 08, 2026 3:52:15 PM arch.GeminiClient getResponse
INFO: [GeminiClient] Acquired semaphore. Active calls: 16
May 08, 2026 3:52:02 PM arch.GeminiClient getResponse
INFO: [GeminiClient] Got response. Active calls: 22
May 08, 2026 3:52:15 PM arch.GeminiClient getResponse
INFO: [GeminiClient] Waiting for semaphore. In queue: 1 | Active calls: 16 | Available permits: 53
May 08, 2026 3:52:15 PM arch.GeminiClient getResponse
INFO: [GeminiClient] Acquired semaphore. Active calls: 17
May 08, 2026 3:52:02 PM arch.GeminiClient getResponse
INFO: [GeminiClient] Got response. Active calls: 20
May 08, 2026 3:52:02 PM arch.GeminiClient getResponse
INFO: [GeminiClient] Got response. Active calls: 19
May 08, 2026 3:52:15 PM arch.GeminiClient getResponse
INFO: [GeminiClient] Waiting for semaphore. In queue: 1 | Active calls: 17 | Available permits: 54
May 08, 2026 3:52:15 PM arch.GeminiClient getResponse
INFO: [GeminiClient] Acquired semaphore. Active calls: 18
May 08, 2026 3:52:16 PM arch.GeminiClient getResponse
INFO: [GeminiClient] Got response. Active calls: 17
May 08, 2026 3:52:02 PM arch.GeminiClient getResponse
INFO: [GeminiClient] Got response. Active calls: 18
May 08, 2026 3:52:17 PM arch.GeminiClient getResponse
INFO: [GeminiClient] Got response. Active calls: 15
May 08, 2026 3:52:03 PM arch.GeminiClient getResponse
INFO: [GeminiClient] Got response. Active calls: 18
May 08, 2026 3:52:19 PM arch.GeminiClient getResponse
INFO: [GeminiClient] Waiting for semaphore. In queue: 1 | Active calls: 13 | Available permits: 57
May 08, 2026 3:52:21 PM arch.GeminiClient getResponse
INFO: [GeminiClient] Waiting for semaphore. In queue: 1 | Active calls: 14 | Available permits: 56
May 08, 2026 3:52:21 PM arch.GeminiClient getResponse
INFO: [GeminiClient] Acquired semaphore. Active calls: 15
May 08, 2026 3:52:21 PM arch.GeminiClient getResponse
INFO: [GeminiClient] Waiting for semaphore. In queue: 1 | Active calls: 15 | Available permits: 55
May 08, 2026 3:52:21 PM arch.GeminiClient getResponse
INFO: [GeminiClient] Acquired semaphore. Active calls: 16
May 08, 2026 3:52:22 PM arch.GeminiClient getResponse
INFO: [GeminiClient] Got response. Active calls: 15
May 08, 2026 3:52:22 PM arch.GeminiClient getResponse
INFO: [GeminiClient] Waiting for semaphore. In queue: 1 | Active calls: 13 | Available permits: 55
May 08, 2026 3:52:22 PM arch.GeminiClient getResponse
INFO: [GeminiClient] Acquired semaphore. Active calls: 14
May 08, 2026 3:52:05 PM arch.GeminiClient getResponse
INFO: [GeminiClient] Got response. Active calls: 17
May 08, 2026 3:52:22 PM arch.GeminiClient getResponse
INFO: [GeminiClient] Waiting for semaphore. In queue: 1 | Active calls: 14 | Available permits: 55
May 08, 2026 3:52:22 PM arch.GeminiClient getResponse
INFO: [GeminiClient] Acquired semaphore. Active calls: 15
May 08, 2026 3:52:22 PM arch.GeminiClient getResponse
INFO: [GeminiClient] Waiting for semaphore. In queue: 1 | Active calls: 15 | Available permits: 54
May 08, 2026 3:52:22 PM arch.GeminiClient getResponse
INFO: [GeminiClient] Acquired semaphore. Active calls: 16
May 08, 2026 3:52:22 PM arch.GeminiClient getResponse
INFO: [GeminiClient] Got response. Active calls: 15
May 08, 2026 3:52:23 PM arch.GeminiClient getResponse
INFO: [GeminiClient] Waiting for semaphore. In queue: 1 | Active calls: 15 | Available permits: 54
May 08, 2026 3:52:23 PM arch.GeminiClient getResponse
INFO: [GeminiClient] Acquired semaphore. Active calls: 16
May 08, 2026 3:52:06 PM arch.GeminiClient getResponse
INFO: [GeminiClient] Got response. Active calls: 16
May 08, 2026 3:52:23 PM arch.GeminiClient getResponse
INFO: [GeminiClient] Waiting for semaphore. In queue: 1 | Active calls: 16 | Available permits: 54
May 08, 2026 3:52:23 PM arch.GeminiClient getResponse
INFO: [GeminiClient] Waiting for semaphore. In queue: 1 | Active calls: 17 | Available permits: 53
May 08, 2026 3:52:23 PM arch.GeminiClient getResponse
INFO: [GeminiClient] Acquired semaphore. Active calls: 17
May 08, 2026 3:52:24 PM arch.GeminiClient getResponse
INFO: [GeminiClient] Got response. Active calls: 16
May 08, 2026 3:52:24 PM arch.GeminiClient getResponse
INFO: [GeminiClient] Got response. Active calls: 15
May 08, 2026 3:52:24 PM arch.GeminiClient getResponse
INFO: [GeminiClient] Got response. Active calls: 14
May 08, 2026 3:52:24 PM arch.GeminiClient getResponse
INFO: [GeminiClient] Waiting for semaphore. In queue: 1 | Active calls: 14 | Available permits: 55
May 08, 2026 3:52:24 PM arch.GeminiClient getResponse
INFO: [GeminiClient] Acquired semaphore. Active calls: 15
May 08, 2026 3:52:24 PM arch.GeminiClient getResponse
INFO: [GeminiClient] Waiting for semaphore. In queue: 1 | Active calls: 15 | Available permits: 54
May 08, 2026 3:52:24 PM arch.GeminiClient getResponse
INFO: [GeminiClient] Acquired semaphore. Active calls: 16
May 08, 2026 3:52:25 PM arch.GeminiClient getResponse
INFO: [GeminiClient] Got response. Active calls: 15
May 08, 2026 3:52:25 PM arch.GeminiClient getResponse
INFO: [GeminiClient] Waiting for semaphore. In queue: 1 | Active calls: 14 | Available permits: 54
May 08, 2026 3:52:25 PM arch.GeminiClient getResponse
INFO: [GeminiClient] Acquired semaphore. Active calls: 15
May 08, 2026 3:52:26 PM arch.GeminiClient getResponse
WARNING: [GeminiClient] TIMEOUT. Active: 14
May 08, 2026 3:52:26 PM arch.GeminiClient getResponse
INFO: [GeminiClient] Waiting for semaphore. In queue: 1 | Active calls: 14 | Available permits: 54
May 08, 2026 3:52:26 PM arch.GeminiClient getResponse
INFO: [GeminiClient] Acquired semaphore. Active calls: 15
May 08, 2026 3:52:26 PM arch.GeminiClient lambda$static$1
INFO: [WATCHDOG] permits=53 activeGemini=15 waitingForSemaphore=0 executorQueueSize=0 executorActiveThreads=15
May 08, 2026 3:52:26 PM arch.GeminiClient getResponse
WARNING: [GeminiClient] TIMEOUT. Active: 14
May 08, 2026 3:52:26 PM arch.GeminiClient getResponse
INFO: [GeminiClient] Waiting for semaphore. In queue: 1 | Active calls: 14 | Available permits: 54
May 08, 2026 3:52:26 PM arch.GeminiClient getResponse
INFO: [GeminiClient] Acquired semaphore. Active calls: 15
May 08, 2026 3:52:27 PM arch.GeminiClient getResponse
INFO: [GeminiClient] Waiting for semaphore. In queue: 1 | Active calls: 15 | Available permits: 53
May 08, 2026 3:52:27 PM arch.GeminiClient getResponse
INFO: [GeminiClient] Acquired semaphore. Active calls: 16
May 08, 2026 3:52:10 PM arch.GeminiClient getResponse
INFO: [GeminiClient] Got response. Active calls: 17
May 08, 2026 3:52:28 PM arch.GeminiClient getResponse
INFO: [GeminiClient] Got response. Active calls: 15
May 08, 2026 3:52:28 PM arch.GeminiClient getResponse
INFO: [GeminiClient] Got response. Active calls: 14
May 08, 2026 3:52:12 PM arch.GeminiClient getResponse
INFO: [GeminiClient] Got response. Active calls: 17
May 08, 2026 3:52:13 PM arch.GeminiClient getResponse
INFO: [GeminiClient] Got response. Active calls: 16
May 08, 2026 3:52:13 PM arch.GeminiClient getResponse
WARNING: [GeminiClient] TIMEOUT. Active: 15
May 08, 2026 3:52:29 PM arch.GeminiClient getResponse
INFO: [GeminiClient] Waiting for semaphore. In queue: 1 | Active calls: 13 | Available permits: 58
May 08, 2026 3:52:29 PM arch.GeminiClient getResponse
INFO: [GeminiClient] Acquired semaphore. Active calls: 14
May 08, 2026 3:52:29 PM arch.GeminiClient getResponse
INFO: [GeminiClient] Waiting for semaphore. In queue: 1 | Active calls: 14 | Available permits: 57
May 08, 2026 3:52:29 PM arch.GeminiClient getResponse
INFO: [GeminiClient] Acquired semaphore. Active calls: 14
May 08, 2026 3:52:30 PM arch.GeminiClient getResponse
INFO: [GeminiClient] Got response. Active calls: 13
May 08, 2026 3:52:15 PM arch.GeminiClient getResponse
INFO: [GeminiClient] Got response. Active calls: 15
May 08, 2026 3:52:30 PM arch.GeminiClient getResponse
INFO: [GeminiClient] Waiting for semaphore. In queue: 1 | Active calls: 13 | Available permits: 58
May 08, 2026 3:52:30 PM arch.GeminiClient getResponse
INFO: [GeminiClient] Acquired semaphore. Active calls: 14
May 08, 2026 3:52:16 PM arch.GeminiClient getResponse
INFO: [GeminiClient] Got response. Active calls: 16
May 08, 2026 3:52:17 PM arch.GeminiClient getResponse
INFO: [GeminiClient] Got response. Active calls: 14
May 08, 2026 3:52:31 PM arch.GeminiClient getResponse
INFO: [GeminiClient] Waiting for semaphore. In queue: 1 | Active calls: 14 | Available permits: 59
May 08, 2026 3:52:31 PM arch.GeminiClient getResponse
INFO: [GeminiClient] Acquired semaphore. Active calls: 15
May 08, 2026 3:52:19 PM arch.GeminiClient getResponse
WARNING: [GeminiClient] TIMEOUT. Active: 13
May 08, 2026 3:52:31 PM arch.GeminiClient getResponse
INFO: [GeminiClient] Waiting for semaphore. In queue: 1 | Active calls: 15 | Available permits: 59
May 08, 2026 3:52:31 PM arch.GeminiClient getResponse
INFO: [GeminiClient] Acquired semaphore. Active calls: 16
May 08, 2026 3:52:19 PM arch.GeminiClient getResponse
INFO: [GeminiClient] Acquired semaphore. Active calls: 14
May 08, 2026 3:52:33 PM arch.GeminiClient getResponse
INFO: [GeminiClient] Got response. Active calls: 15
May 08, 2026 3:52:33 PM arch.GeminiClient getResponse
INFO: [GeminiClient] Waiting for semaphore. In queue: 1 | Active calls: 15 | Available permits: 59
May 08, 2026 3:52:33 PM arch.GeminiClient getResponse
INFO: [GeminiClient] Acquired semaphore. Active calls: 15
May 08, 2026 3:52:33 PM arch.GeminiClient getResponse
INFO: [GeminiClient] Got response. Active calls: 14
May 08, 2026 3:52:33 PM arch.GeminiClient getResponse
INFO: [GeminiClient] Got response. Active calls: 12
May 08, 2026 3:52:22 PM arch.GeminiClient getResponse
INFO: [GeminiClient] Got response. Active calls: 14
May 08, 2026 3:52:22 PM arch.GeminiClient getResponse
INFO: [GeminiClient] Got response. Active calls: 13
May 08, 2026 3:52:34 PM arch.GeminiClient getResponse
INFO: [GeminiClient] Waiting for semaphore. In queue: 1 | Active calls: 12 | Available permits: 62
May 08, 2026 3:52:34 PM arch.GeminiClient getResponse
INFO: [GeminiClient] Acquired semaphore. Active calls: 13
May 08, 2026 3:52:34 PM arch.GeminiClient getResponse
INFO: [GeminiClient] Waiting for semaphore. In queue: 1 | Active calls: 13 | Available permits: 61
May 08, 2026 3:52:34 PM arch.GeminiClient getResponse
INFO: [GeminiClient] Acquired semaphore. Active calls: 14
May 08, 2026 3:52:35 PM arch.GeminiClient getResponse
INFO: [GeminiClient] Got response. Active calls: 13
May 08, 2026 3:52:35 PM arch.GeminiClient getResponse
INFO: [GeminiClient] Waiting for semaphore. In queue: 1 | Active calls: 13 | Available permits: 61
May 08, 2026 3:52:35 PM arch.GeminiClient getResponse
INFO: [GeminiClient] Acquired semaphore. Active calls: 14
May 08, 2026 3:52:36 PM arch.GeminiClient getResponse
INFO: [GeminiClient] Waiting for semaphore. In queue: 1 | Active calls: 14 | Available permits: 60
May 08, 2026 3:52:36 PM arch.GeminiClient getResponse
INFO: [GeminiClient] Acquired semaphore. Active calls: 15
May 08, 2026 3:52:36 PM arch.GeminiClient getResponse
INFO: [GeminiClient] Got response. Active calls: 14
May 08, 2026 3:52:23 PM arch.GeminiClient getResponse
INFO: [GeminiClient] Acquired semaphore. Active calls: 17
May 08, 2026 3:52:23 PM arch.GeminiClient getResponse
INFO: [GeminiClient] Got response. Active calls: 16
May 08, 2026 3:52:37 PM arch.GeminiClient getResponse
INFO: [GeminiClient] Got response. Active calls: 13
May 08, 2026 3:52:37 PM arch.GeminiClient getResponse
INFO: [GeminiClient] Waiting for semaphore. In queue: 1 | Active calls: 13 | Available permits: 62
May 08, 2026 3:52:37 PM arch.GeminiClient getResponse
INFO: [GeminiClient] Acquired semaphore. Active calls: 12
May 08, 2026 3:52:37 PM arch.GeminiClient getResponse
INFO: [GeminiClient] Got response. Active calls: 11
May 08, 2026 3:52:38 PM arch.GeminiClient getResponse
INFO: [GeminiClient] Waiting for semaphore. In queue: 1 | Active calls: 11 | Available permits: 62
May 08, 2026 3:52:38 PM arch.GeminiClient getResponse
INFO: [GeminiClient] Acquired semaphore. Active calls: 12
May 08, 2026 3:52:25 PM arch.GeminiClient getResponse
WARNING: [GeminiClient] TIMEOUT. Active: 14
May 08, 2026 3:52:39 PM arch.GeminiClient getResponse
INFO: [GeminiClient] Waiting for semaphore. In queue: 1 | Active calls: 12 | Available permits: 62
May 08, 2026 3:52:39 PM arch.GeminiClient getResponse
INFO: [GeminiClient] Acquired semaphore. Active calls: 13
May 08, 2026 3:52:40 PM arch.GeminiClient getResponse
INFO: [GeminiClient] Waiting for semaphore. In queue: 1 | Active calls: 13 | Available permits: 61
May 08, 2026 3:52:40 PM arch.GeminiClient getResponse
INFO: [GeminiClient] Acquired semaphore. Active calls: 14
May 08, 2026 3:52:40 PM arch.GeminiClient getResponse
INFO: [GeminiClient] Got response. Active calls: 13
May 08, 2026 3:52:40 PM arch.GeminiClient getResponse
INFO: [GeminiClient] Waiting for semaphore. In queue: 1 | Active calls: 13 | Available permits: 61
May 08, 2026 3:52:40 PM arch.GeminiClient getResponse
INFO: [GeminiClient] Acquired semaphore. Active calls: 14
May 08, 2026 3:52:40 PM arch.GeminiClient getResponse
INFO: [GeminiClient] Waiting for semaphore. In queue: 1 | Active calls: 14 | Available permits: 60
May 08, 2026 3:52:40 PM arch.GeminiClient getResponse
INFO: [GeminiClient] Acquired semaphore. Active calls: 15
May 08, 2026 3:52:41 PM arch.GeminiClient getResponse
INFO: [GeminiClient] Got response. Active calls: 14
May 08, 2026 3:52:41 PM arch.GeminiClient getResponse
INFO: [GeminiClient] Got response. Active calls: 13
May 08, 2026 3:52:41 PM arch.GeminiClient getResponse
INFO: [GeminiClient] Waiting for semaphore. In queue: 1 | Active calls: 13 | Available permits: 61
May 08, 2026 3:52:41 PM arch.GeminiClient getResponse
INFO: [GeminiClient] Acquired semaphore. Active calls: 13
May 08, 2026 3:52:29 PM arch.GeminiClient getResponse
INFO: [GeminiClient] Got response. Active calls: 13
May 08, 2026 3:52:41 PM arch.GeminiClient getResponse
INFO: [GeminiClient] Waiting for semaphore. In queue: 1 | Active calls: 13 | Available permits: 61
May 08, 2026 3:52:41 PM arch.GeminiClient getResponse
INFO: [GeminiClient] Acquired semaphore. Active calls: 14
May 08, 2026 3:52:42 PM arch.GeminiClient getResponse
INFO: [GeminiClient] Waiting for semaphore. In queue: 1 | Active calls: 14 | Available permits: 60
May 08, 2026 3:52:42 PM arch.GeminiClient getResponse
INFO: [GeminiClient] Acquired semaphore. Active calls: 15
May 08, 2026 3:52:43 PM arch.GeminiClient getResponse
INFO: [GeminiClient] Waiting for semaphore. In queue: 1 | Active calls: 15 | Available permits: 59
May 08, 2026 3:52:43 PM arch.GeminiClient getResponse
INFO: [GeminiClient] Acquired semaphore. Active calls: 15
May 08, 2026 3:52:43 PM arch.GeminiClient getResponse
INFO: [GeminiClient] Waiting for semaphore. In queue: 1 | Active calls: 15 | Available permits: 58
May 08, 2026 3:52:43 PM arch.GeminiClient getResponse
INFO: [GeminiClient] Acquired semaphore. Active calls: 16
May 08, 2026 3:52:29 PM arch.GeminiClient getResponse
INFO: [GeminiClient] Got response. Active calls: 13
May 08, 2026 3:52:46 PM arch.GeminiClient getResponse
INFO: [GeminiClient] Waiting for semaphore. In queue: 1 | Active calls: 16 | Available permits: 58
May 08, 2026 3:52:46 PM arch.GeminiClient getResponse
INFO: [GeminiClient] Acquired semaphore. Active calls: 17
May 08, 2026 3:52:47 PM arch.GeminiClient getResponse
INFO: [GeminiClient] Waiting for semaphore. In queue: 1 | Active calls: 17 | Available permits: 57
May 08, 2026 3:52:47 PM arch.GeminiClient getResponse
INFO: [GeminiClient] Acquired semaphore. Active calls: 18
May 08, 2026 3:52:47 PM arch.GeminiClient getResponse
INFO: [GeminiClient] Waiting for semaphore. In queue: 1 | Active calls: 18 | Available permits: 56
May 08, 2026 3:52:47 PM arch.GeminiClient getResponse
INFO: [GeminiClient] Acquired semaphore. Active calls: 19
May 08, 2026 3:52:47 PM arch.GeminiClient getResponse
INFO: [GeminiClient] Waiting for semaphore. In queue: 1 | Active calls: 19 | Available permits: 55
May 08, 2026 3:52:47 PM arch.GeminiClient getResponse
INFO: [GeminiClient] Acquired semaphore. Active calls: 20
May 08, 2026 3:52:48 PM arch.GeminiClient getResponse
INFO: [GeminiClient] Waiting for semaphore. In queue: 1 | Active calls: 20 | Available permits: 54
May 08, 2026 3:52:48 PM arch.GeminiClient getResponse
INFO: [GeminiClient] Got response. Active calls: 20
May 08, 2026 3:52:48 PM arch.GeminiClient getResponse
INFO: [GeminiClient] Waiting for semaphore. In queue: 1 | Active calls: 20 | Available permits: 54
May 08, 2026 3:52:48 PM arch.GeminiClient getResponse
INFO: [GeminiClient] Acquired semaphore. Active calls: 21
May 08, 2026 3:52:33 PM arch.GeminiClient getResponse
INFO: [GeminiClient] Got response. Active calls: 14
May 08, 2026 3:52:33 PM arch.GeminiClient getResponse
INFO: [GeminiClient] Got response. Active calls: 13
May 08, 2026 3:52:50 PM arch.GeminiClient getResponse
INFO: [GeminiClient] Waiting for semaphore. In queue: 1 | Active calls: 21 | Available permits: 55
May 08, 2026 3:52:50 PM arch.GeminiClient getResponse
INFO: [GeminiClient] Acquired semaphore. Active calls: 22
May 08, 2026 3:52:50 PM arch.GeminiClient getResponse
INFO: [GeminiClient] Got response. Active calls: 21
May 08, 2026 3:52:51 PM arch.GeminiClient getResponse
INFO: [GeminiClient] Waiting for semaphore. In queue: 1 | Active calls: 21 | Available permits: 55
May 08, 2026 3:52:51 PM arch.GeminiClient getResponse
INFO: [GeminiClient] Acquired semaphore. Active calls: 22
May 08, 2026 3:52:51 PM arch.GeminiClient getResponse
INFO: [GeminiClient] Waiting for semaphore. In queue: 1 | Active calls: 22 | Available permits: 54
May 08, 2026 3:52:51 PM arch.GeminiClient getResponse
INFO: [GeminiClient] Acquired semaphore. Active calls: 23
May 08, 2026 3:52:51 PM arch.GeminiClient getResponse
INFO: [GeminiClient] Got response. Active calls: 22
May 08, 2026 3:52:54 PM arch.GeminiClient getResponse
INFO: [GeminiClient] Waiting for semaphore. In queue: 1 | Active calls: 22 | Available permits: 54
May 08, 2026 3:52:54 PM arch.GeminiClient getResponse
INFO: [GeminiClient] Acquired semaphore. Active calls: 23
May 08, 2026 3:52:54 PM arch.GeminiClient getResponse
INFO: [GeminiClient] Waiting for semaphore. In queue: 1 | Active calls: 23 | Available permits: 53
May 08, 2026 3:52:54 PM arch.GeminiClient getResponse
INFO: [GeminiClient] Acquired semaphore. Active calls: 24
May 08, 2026 3:52:37 PM arch.GeminiClient getResponse
INFO: [GeminiClient] Got response. Active calls: 12
May 08, 2026 3:52:37 PM arch.GeminiClient getResponse
INFO: [GeminiClient] Got response. Active calls: 11
May 08, 2026 3:52:54 PM arch.GeminiClient getResponse
INFO: [GeminiClient] Waiting for semaphore. In queue: 1 | Active calls: 24 | Available permits: 54
May 08, 2026 3:52:54 PM arch.GeminiClient getResponse
INFO: [GeminiClient] Acquired semaphore. Active calls: 25
May 08, 2026 3:52:55 PM arch.GeminiClient getResponse
INFO: [GeminiClient] Got response. Active calls: 24
May 08, 2026 3:52:55 PM arch.GeminiClient getResponse
INFO: [GeminiClient] Got response. Active calls: 23
May 08, 2026 3:52:55 PM arch.GeminiClient getResponse
INFO: [GeminiClient] Waiting for semaphore. In queue: 1 | Active calls: 23 | Available permits: 55
May 08, 2026 3:52:55 PM arch.GeminiClient getResponse
INFO: [GeminiClient] Acquired semaphore. Active calls: 24
May 08, 2026 3:52:56 PM arch.GeminiClient lambda$static$1
INFO: [WATCHDOG] permits=54 activeGemini=23 waitingForSemaphore=0 executorQueueSize=0 executorActiveThreads=21
May 08, 2026 3:52:56 PM arch.GeminiClient getResponse
INFO: [GeminiClient] Waiting for semaphore. In queue: 1 | Active calls: 22 | Available permits: 54
May 08, 2026 3:52:56 PM arch.GeminiClient getResponse
INFO: [GeminiClient] Acquired semaphore. Active calls: 23
May 08, 2026 3:52:56 PM arch.GeminiClient getResponse
INFO: [GeminiClient] Waiting for semaphore. In queue: 1 | Active calls: 23 | Available permits: 53
May 08, 2026 3:52:56 PM arch.GeminiClient getResponse
INFO: [GeminiClient] Acquired semaphore. Active calls: 24
May 08, 2026 3:52:57 PM arch.GeminiClient getResponse
INFO: [GeminiClient] Got response. Active calls: 23
May 08, 2026 3:52:41 PM arch.GeminiClient getResponse
INFO: [GeminiClient] Got response. Active calls: 12
May 08, 2026 3:52:57 PM arch.GeminiClient getResponse
INFO: [GeminiClient] Got response. Active calls: 21
May 08, 2026 3:52:58 PM arch.GeminiClient getResponse
INFO: [GeminiClient] Waiting for semaphore. In queue: 1 | Active calls: 21 | Available permits: 55
May 08, 2026 3:52:58 PM arch.GeminiClient getResponse
INFO: [GeminiClient] Acquired semaphore. Active calls: 22
May 08, 2026 3:52:43 PM arch.GeminiClient getResponse
INFO: [GeminiClient] Got response. Active calls: 14
May 08, 2026 3:52:58 PM arch.GeminiClient getResponse
INFO: [GeminiClient] Waiting for semaphore. In queue: 1 | Active calls: 22 | Available permits: 55
May 08, 2026 3:52:58 PM arch.GeminiClient getResponse
INFO: [GeminiClient] Acquired semaphore. Active calls: 23
May 08, 2026 3:53:00 PM arch.GeminiClient getResponse
INFO: [GeminiClient] Waiting for semaphore. In queue: 1 | Active calls: 23 | Available permits: 54
May 08, 2026 3:53:00 PM arch.GeminiClient getResponse
INFO: [GeminiClient] Acquired semaphore. Active calls: 24
May 08, 2026 3:53:00 PM arch.GeminiClient getResponse
INFO: [GeminiClient] Got response. Active calls: 21
May 08, 2026 3:53:00 PM arch.GeminiClient getResponse
INFO: [GeminiClient] Got response. Active calls: 20
May 08, 2026 3:52:48 PM arch.GeminiClient getResponse
INFO: [GeminiClient] Acquired semaphore. Active calls: 21
May 08, 2026 3:53:00 PM arch.GeminiClient getResponse
INFO: [GeminiClient] Got response. Active calls: 19
May 08, 2026 3:53:01 PM arch.GeminiClient getResponse
INFO: [GeminiClient] Waiting for semaphore. In queue: 1 | Active calls: 18 | Available permits: 56
May 08, 2026 3:53:01 PM arch.GeminiClient getResponse
INFO: [GeminiClient] Acquired semaphore. Active calls: 19
May 08, 2026 3:53:01 PM arch.GeminiClient getResponse
INFO: [GeminiClient] Waiting for semaphore. In queue: 1 | Active calls: 19 | Available permits: 55
May 08, 2026 3:53:01 PM arch.GeminiClient getResponse
INFO: [GeminiClient] Acquired semaphore. Active calls: 20
May 08, 2026 3:53:01 PM arch.GeminiClient getResponse
INFO: [GeminiClient] Got response. Active calls: 19
May 08, 2026 3:53:01 PM arch.GeminiClient getResponse
INFO: [GeminiClient] Waiting for semaphore. In queue: 1 | Active calls: 19 | Available permits: 55
May 08, 2026 3:53:01 PM arch.GeminiClient getResponse
INFO: [GeminiClient] Acquired semaphore. Active calls: 20
May 08, 2026 3:53:01 PM arch.GeminiClient getResponse
INFO: [GeminiClient] Waiting for semaphore. In queue: 1 | Active calls: 20 | Available permits: 54
May 08, 2026 3:53:01 PM arch.GeminiClient getResponse
INFO: [GeminiClient] Acquired semaphore. Active calls: 20
May 08, 2026 3:53:02 PM arch.GeminiClient getResponse
INFO: [GeminiClient] Waiting for semaphore. In queue: 1 | Active calls: 20 | Available permits: 53
May 08, 2026 3:53:02 PM arch.GeminiClient getResponse
INFO: [GeminiClient] Acquired semaphore. Active calls: 21
May 08, 2026 3:53:02 PM arch.GeminiClient getResponse
INFO: [GeminiClient] Waiting for semaphore. In queue: 1 | Active calls: 21 | Available permits: 52
May 08, 2026 3:53:02 PM arch.GeminiClient getResponse
INFO: [GeminiClient] Acquired semaphore. Active calls: 21
May 08, 2026 3:53:03 PM arch.GeminiClient getResponse
INFO: [GeminiClient] Got response. Active calls: 20
May 08, 2026 3:53:03 PM arch.GeminiClient getResponse
INFO: [GeminiClient] Waiting for semaphore. In queue: 1 | Active calls: 20 | Available permits: 52
May 08, 2026 3:53:03 PM arch.GeminiClient getResponse
INFO: [GeminiClient] Acquired semaphore. Active calls: 21
May 08, 2026 3:53:03 PM arch.GeminiClient getResponse
INFO: [GeminiClient] Got response. Active calls: 19
May 08, 2026 3:53:05 PM arch.GeminiClient getResponse
INFO: [GeminiClient] Waiting for semaphore. In queue: 1 | Active calls: 19 | Available permits: 52
May 08, 2026 3:53:05 PM arch.GeminiClient getResponse
INFO: [GeminiClient] Acquired semaphore. Active calls: 20
May 08, 2026 3:53:05 PM arch.GeminiClient getResponse
INFO: [GeminiClient] Waiting for semaphore. In queue: 1 | Active calls: 20 | Available permits: 51
May 08, 2026 3:53:05 PM arch.GeminiClient getResponse
INFO: [GeminiClient] Acquired semaphore. Active calls: 21
May 08, 2026 3:53:05 PM arch.GeminiClient getResponse
INFO: [GeminiClient] Waiting for semaphore. In queue: 1 | Active calls: 21 | Available permits: 50
May 08, 2026 3:53:05 PM arch.GeminiClient getResponse
INFO: [GeminiClient] Acquired semaphore. Active calls: 22
May 08, 2026 3:53:05 PM arch.GeminiClient getResponse
INFO: [GeminiClient] Waiting for semaphore. In queue: 1 | Active calls: 22 | Available permits: 49
May 08, 2026 3:53:05 PM arch.GeminiClient getResponse
INFO: [GeminiClient] Acquired semaphore. Active calls: 23
May 08, 2026 3:53:08 PM arch.GeminiClient getResponse
INFO: [GeminiClient] Waiting for semaphore. In queue: 1 | Active calls: 23 | Available permits: 48
May 08, 2026 3:53:08 PM arch.GeminiClient getResponse
INFO: [GeminiClient] Acquired semaphore. Active calls: 24
May 08, 2026 3:52:56 PM arch.GeminiClient getResponse
INFO: [GeminiClient] Got response. Active calls: 23
May 08, 2026 3:52:56 PM arch.GeminiClient getResponse
INFO: [GeminiClient] Got response. Active calls: 22
May 08, 2026 3:53:09 PM arch.GeminiClient getResponse
INFO: [GeminiClient] Waiting for semaphore. In queue: 1 | Active calls: 24 | Available permits: 49
May 08, 2026 3:53:09 PM arch.GeminiClient getResponse
INFO: [GeminiClient] Acquired semaphore. Active calls: 25
May 08, 2026 3:53:11 PM arch.GeminiClient getResponse
WARNING: [GeminiClient] TIMEOUT. Active: 23
May 08, 2026 3:53:11 PM arch.GeminiClient getResponse
INFO: [GeminiClient] Waiting for semaphore. In queue: 1 | Active calls: 23 | Available permits: 49
May 08, 2026 3:53:11 PM arch.GeminiClient getResponse
INFO: [GeminiClient] Acquired semaphore. Active calls: 24
May 08, 2026 3:53:12 PM arch.GeminiClient getResponse
WARNING: [GeminiClient] TIMEOUT. Active: 23
May 08, 2026 3:53:12 PM arch.GeminiClient getResponse
INFO: [GeminiClient] Waiting for semaphore. In queue: 1 | Active calls: 23 | Available permits: 49
May 08, 2026 3:53:12 PM arch.GeminiClient getResponse
INFO: [GeminiClient] Acquired semaphore. Active calls: 24
May 08, 2026 3:52:57 PM arch.GeminiClient getResponse
INFO: [GeminiClient] Got response. Active calls: 22
May 08, 2026 3:53:13 PM arch.GeminiClient getResponse
WARNING: [GeminiClient] TIMEOUT. Active: 23
May 08, 2026 3:53:13 PM arch.GeminiClient getResponse
INFO: [GeminiClient] Waiting for semaphore. In queue: 1 | Active calls: 22 | Available permits: 50
May 08, 2026 3:53:13 PM arch.GeminiClient getResponse
INFO: [GeminiClient] Acquired semaphore. Active calls: 23
May 08, 2026 3:53:13 PM arch.GeminiClient getResponse
INFO: [GeminiClient] Waiting for semaphore. In queue: 1 | Active calls: 23 | Available permits: 49
May 08, 2026 3:53:13 PM arch.GeminiClient getResponse
INFO: [GeminiClient] Acquired semaphore. Active calls: 24
May 08, 2026 3:53:15 PM arch.GeminiClient getResponse
INFO: [GeminiClient] Waiting for semaphore. In queue: 1 | Active calls: 24 | Available permits: 48
May 08, 2026 3:53:15 PM arch.GeminiClient getResponse
INFO: [GeminiClient] Acquired semaphore. Active calls: 25
May 08, 2026 3:53:16 PM arch.GeminiClient getResponse
INFO: [GeminiClient] Waiting for semaphore. In queue: 1 | Active calls: 25 | Available permits: 47
May 08, 2026 3:53:16 PM arch.GeminiClient getResponse
INFO: [GeminiClient] Acquired semaphore. Active calls: 26
May 08, 2026 3:53:17 PM arch.GeminiClient getResponse
WARNING: [GeminiClient] TIMEOUT. Active: 25
May 08, 2026 3:53:17 PM arch.GeminiClient getResponse
INFO: [GeminiClient] Waiting for semaphore. In queue: 2 | Active calls: 25 | Available permits: 47
May 08, 2026 3:53:17 PM arch.GeminiClient getResponse
INFO: [GeminiClient] Acquired semaphore. Active calls: 26
May 08, 2026 3:53:00 PM arch.GeminiClient getResponse
INFO: [GeminiClient] Got response. Active calls: 23
May 08, 2026 3:53:00 PM arch.GeminiClient getResponse
INFO: [GeminiClient] Got response. Active calls: 22
May 08, 2026 3:53:17 PM arch.GeminiClient getResponse
INFO: [GeminiClient] Waiting for semaphore. In queue: 2 | Active calls: 26 | Available permits: 48
May 08, 2026 3:53:17 PM arch.GeminiClient getResponse
INFO: [GeminiClient] Acquired semaphore. Active calls: 27
May 08, 2026 3:53:17 PM arch.GeminiClient getResponse
INFO: [GeminiClient] Waiting for semaphore. In queue: 2 | Active calls: 27 | Available permits: 47
May 08, 2026 3:53:17 PM arch.GeminiClient getResponse
INFO: [GeminiClient] Acquired semaphore. Active calls: 28
May 08, 2026 3:53:18 PM arch.GeminiClient getResponse
INFO: [GeminiClient] Waiting for semaphore. In queue: 2 | Active calls: 28 | Available permits: 46
May 08, 2026 3:53:18 PM arch.GeminiClient getResponse
INFO: [GeminiClient] Acquired semaphore. Active calls: 29
May 08, 2026 3:53:00 PM arch.GeminiClient getResponse
INFO: [GeminiClient] Got response. Active calls: 18
May 08, 2026 3:53:19 PM arch.GeminiClient getResponse
WARNING: [GeminiClient] TIMEOUT. Active: 28
May 08, 2026 3:53:19 PM arch.GeminiClient getResponse
INFO: [GeminiClient] Waiting for semaphore. In queue: 2 | Active calls: 28 | Available permits: 47
May 08, 2026 3:53:19 PM arch.GeminiClient getResponse
INFO: [GeminiClient] Acquired semaphore. Active calls: 29
May 08, 2026 3:53:01 PM arch.GeminiClient getResponse
INFO: [GeminiClient] Got response. Active calls: 19
May 08, 2026 3:53:20 PM arch.GeminiClient getResponse
INFO: [GeminiClient] Waiting for semaphore. In queue: 2 | Active calls: 29 | Available permits: 47
May 08, 2026 3:53:20 PM arch.GeminiClient getResponse
INFO: [GeminiClient] Acquired semaphore. Active calls: 30
May 08, 2026 3:53:02 PM arch.GeminiClient getResponse
INFO: [GeminiClient] Got response. Active calls: 20
May 08, 2026 3:53:20 PM arch.GeminiClient getResponse
INFO: [GeminiClient] Got response. Active calls: 29
May 08, 2026 3:53:03 PM arch.GeminiClient getResponse
INFO: [GeminiClient] Got response. Active calls: 20
May 08, 2026 3:53:21 PM arch.GeminiClient getResponse
INFO: [GeminiClient] Waiting for semaphore. In queue: 2 | Active calls: 13 | Available permits: 49
May 08, 2026 3:53:21 PM arch.GeminiClient getResponse
INFO: [GeminiClient] Acquired semaphore. Active calls: 14
May 08, 2026 3:53:22 PM arch.GeminiClient getResponse
INFO: [GeminiClient] Got response. Active calls: 13
May 08, 2026 3:53:22 PM arch.GeminiClient getResponse
INFO: [GeminiClient] Got response. Active calls: 12
May 08, 2026 3:53:23 PM arch.GeminiClient getResponse
INFO: [GeminiClient] Waiting for semaphore. In queue: 2 | Active calls: 11 | Available permits: 50
May 08, 2026 3:53:23 PM arch.GeminiClient getResponse
INFO: [GeminiClient] Acquired semaphore. Active calls: 12
May 08, 2026 3:53:23 PM arch.GeminiClient getResponse
INFO: [GeminiClient] Got response. Active calls: 11
May 08, 2026 3:53:23 PM arch.GeminiClient getResponse
INFO: [GeminiClient] Got response. Active calls: 10
May 08, 2026 3:53:24 PM arch.GeminiClient getResponse
INFO: [GeminiClient] Waiting for semaphore. In queue: 2 | Active calls: 10 | Available permits: 51
May 08, 2026 3:53:24 PM arch.GeminiClient getResponse
INFO: [GeminiClient] Acquired semaphore. Active calls: 11
May 08, 2026 3:53:11 PM arch.GeminiClient getResponse
WARNING: [GeminiClient] TIMEOUT. Active: 24
May 08, 2026 3:53:24 PM arch.GeminiClient getResponse
INFO: [GeminiClient] Waiting for semaphore. In queue: 2 | Active calls: 11 | Available permits: 51
May 08, 2026 3:53:24 PM arch.GeminiClient getResponse
INFO: [GeminiClient] Acquired semaphore. Active calls: 12
May 08, 2026 3:53:24 PM arch.GeminiClient getResponse
INFO: [GeminiClient] Got response. Active calls: 11
May 08, 2026 3:53:13 PM arch.GeminiClient getResponse
WARNING: [GeminiClient] TIMEOUT. Active: 22
May 08, 2026 3:53:24 PM arch.GeminiClient getResponse
INFO: [GeminiClient] Waiting for semaphore. In queue: 2 | Active calls: 11 | Available permits: 52
May 08, 2026 3:53:24 PM arch.GeminiClient getResponse
INFO: [GeminiClient] Acquired semaphore. Active calls: 12
May 08, 2026 3:53:24 PM arch.GeminiClient getResponse
INFO: [GeminiClient] Waiting for semaphore. In queue: 2 | Active calls: 12 | Available permits: 51
May 08, 2026 3:53:24 PM arch.GeminiClient getResponse
INFO: [GeminiClient] Acquired semaphore. Active calls: 13
May 08, 2026 3:53:25 PM arch.GeminiClient getResponse
INFO: [GeminiClient] Waiting for semaphore. In queue: 2 | Active calls: 13 | Available permits: 50
May 08, 2026 3:53:25 PM arch.GeminiClient getResponse
INFO: [GeminiClient] Acquired semaphore. Active calls: 14
May 08, 2026 3:53:25 PM arch.GeminiClient getResponse
INFO: [GeminiClient] Waiting for semaphore. In queue: 2 | Active calls: 14 | Available permits: 49
May 08, 2026 3:53:25 PM arch.GeminiClient getResponse
INFO: [GeminiClient] Acquired semaphore. Active calls: 14
May 08, 2026 3:53:26 PM arch.GeminiClient getResponse
INFO: [GeminiClient] Waiting for semaphore. In queue: 2 | Active calls: 14 | Available permits: 48
May 08, 2026 3:53:26 PM arch.GeminiClient getResponse
INFO: [GeminiClient] Acquired semaphore. Active calls: 15
May 08, 2026 3:53:26 PM arch.GeminiClient lambda$static$1
INFO: [WATCHDOG] permits=47 activeGemini=15 waitingForSemaphore=1 executorQueueSize=0 executorActiveThreads=16
May 08, 2026 3:53:28 PM arch.GeminiClient getResponse
INFO: [GeminiClient] Waiting for semaphore. In queue: 2 | Active calls: 15 | Available permits: 47
May 08, 2026 3:53:28 PM arch.GeminiClient getResponse
INFO: [GeminiClient] Acquired semaphore. Active calls: 12
May 08, 2026 3:53:17 PM arch.GeminiClient getResponse
INFO: [GeminiClient] Waiting for semaphore. In queue: 1 | Active calls: 25 | Available permits: 47
May 08, 2026 3:53:28 PM arch.GeminiClient getResponse
INFO: [GeminiClient] Acquired semaphore. Active calls: 13
