May 06, 2026 2:47:23 PM arch.GeminiClient getResponse
INFO: [GeminiClient] Waiting for semaphore. In queue: 1 | Active calls: 18 | Available permits: 62
May 06, 2026 2:47:23 PM arch.GeminiClient getResponse
INFO: [GeminiClient] Acquired semaphore. Active calls: 19
May 06, 2026 2:47:24 PM arch.GeminiClient getResponse
INFO: [GeminiClient] Waiting for semaphore. In queue: 1 | Active calls: 19 | Available permits: 61
May 06, 2026 2:47:24 PM arch.GeminiClient getResponse
INFO: [GeminiClient] Acquired semaphore. Active calls: 20
May 06, 2026 2:47:24 PM arch.GeminiClient getResponse
INFO: [GeminiClient] Got response. Active calls: 19
May 06, 2026 2:47:24 PM arch.GeminiClient getResponse
INFO: [GeminiClient] Waiting for semaphore. In queue: 1 | Active calls: 19 | Available permits: 61
May 06, 2026 2:47:24 PM arch.GeminiClient getResponse
INFO: [GeminiClient] Waiting for semaphore. In queue: 1 | Active calls: 20 | Available permits: 60
May 06, 2026 2:47:24 PM arch.GeminiClient getResponse
INFO: [GeminiClient] Acquired semaphore. Active calls: 21
May 06, 2026 2:47:24 PM arch.GeminiClient getResponse
INFO: [GeminiClient] Waiting for semaphore. In queue: 1 | Active calls: 21 | Available permits: 59
May 06, 2026 2:47:24 PM arch.GeminiClient getResponse
INFO: [GeminiClient] Acquired semaphore. Active calls: 22
May 06, 2026 2:47:24 PM arch.GeminiClient getResponse
INFO: [GeminiClient] Got response. Active calls: 21
May 06, 2026 2:47:24 PM arch.GeminiClient getResponse
INFO: [GeminiClient] Acquired semaphore. Active calls: 20
May 06, 2026 2:47:25 PM arch.GeminiClient getResponse
INFO: [GeminiClient] Waiting for semaphore. In queue: 1 | Active calls: 21 | Available permits: 59
May 06, 2026 2:47:25 PM arch.GeminiClient getResponse
INFO: [GeminiClient] Acquired semaphore. Active calls: 22
May 06, 2026 2:47:25 PM arch.GeminiClient getResponse
INFO: [GeminiClient] Waiting for semaphore. In queue: 1 | Active calls: 22 | Available permits: 58
May 06, 2026 2:47:25 PM arch.GeminiClient getResponse
INFO: [GeminiClient] Got response. Active calls: 22
May 06, 2026 2:47:25 PM arch.GeminiClient getResponse
INFO: [GeminiClient] Waiting for semaphore. In queue: 1 | Active calls: 22 | Available permits: 58
May 06, 2026 2:47:25 PM arch.GeminiClient getResponse
INFO: [GeminiClient] Acquired semaphore. Active calls: 23
May 06, 2026 2:47:25 PM arch.GeminiClient getResponse
INFO: [GeminiClient] Waiting for semaphore. In queue: 1 | Active calls: 23 | Available permits: 57
May 06, 2026 2:47:25 PM arch.GeminiClient getResponse
INFO: [GeminiClient] Acquired semaphore. Active calls: 24
May 06, 2026 2:47:25 PM arch.GeminiClient getResponse
INFO: [GeminiClient] Got response. Active calls: 23
May 06, 2026 2:47:25 PM arch.GeminiClient getResponse
INFO: [GeminiClient] Acquired semaphore. Active calls: 23
May 06, 2026 2:47:25 PM arch.GeminiClient getResponse
INFO: [GeminiClient] Got response. Active calls: 21
May 06, 2026 2:47:25 PM arch.GeminiClient getResponse
INFO: [GeminiClient] Got response. Active calls: 22
May 06, 2026 2:47:26 PM arch.GeminiClient getResponse
INFO: [GeminiClient] Waiting for semaphore. In queue: 1 | Active calls: 21 | Available permits: 59
May 06, 2026 2:47:26 PM arch.GeminiClient getResponse
INFO: [GeminiClient] Got response. Active calls: 21
May 06, 2026 2:47:26 PM arch.GeminiClient getResponse
INFO: [GeminiClient] Got response. Active calls: 20
May 06, 2026 2:47:27 PM arch.GeminiClient getResponse
INFO: [GeminiClient] Waiting for semaphore. In queue: 1 | Active calls: 20 | Available permits: 60
May 06, 2026 2:47:26 PM arch.GeminiClient getResponse
INFO: [GeminiClient] Acquired semaphore. Active calls: 22
May 06, 2026 2:47:27 PM arch.GeminiClient getResponse
INFO: [GeminiClient] Got response. Active calls: 20
May 06, 2026 2:47:28 PM arch.GeminiClient getResponse
INFO: [GeminiClient] Waiting for semaphore. In queue: 1 | Active calls: 20 | Available permits: 60
May 06, 2026 2:47:28 PM arch.GeminiClient getResponse
INFO: [GeminiClient] Acquired semaphore. Active calls: 21
May 06, 2026 2:47:27 PM arch.GeminiClient getResponse
INFO: [GeminiClient] Acquired semaphore. Active calls: 21
May 06, 2026 2:47:28 PM arch.GeminiClient getResponse
INFO: [GeminiClient] Got response. Active calls: 20
May 06, 2026 2:47:28 PM arch.GeminiClient getResponse
INFO: [GeminiClient] Waiting for semaphore. In queue: 1 | Active calls: 20 | Available permits: 60
May 06, 2026 2:47:28 PM arch.GeminiClient getResponse
INFO: [GeminiClient] Acquired semaphore. Active calls: 21
May 06, 2026 2:47:29 PM arch.GeminiClient getResponse
INFO: [GeminiClient] Waiting for semaphore. In queue: 1 | Active calls: 21 | Available permits: 59
May 06, 2026 2:47:29 PM arch.GeminiClient lambda$static$1
INFO: [WATCHDOG] permits=58 activeGemini=21 waitingForSemaphore=0 executorQueueSize=0 executorActiveThreads=20
May 06, 2026 2:47:29 PM arch.GeminiClient getResponse
INFO: [GeminiClient] Got response. Active calls: 20
May 06, 2026 2:47:29 PM arch.GeminiClient getResponse
INFO: [GeminiClient] Got response. Active calls: 20
May 06, 2026 2:47:29 PM arch.GeminiClient getResponse
INFO: [GeminiClient] Acquired semaphore. Active calls: 21
May 06, 2026 2:47:30 PM arch.GeminiClient getResponse
INFO: [GeminiClient] Got response. Active calls: 19
May 06, 2026 2:47:30 PM arch.GeminiClient getResponse
INFO: [GeminiClient] Got response. Active calls: 18
May 06, 2026 2:47:30 PM arch.GeminiClient getResponse
INFO: [GeminiClient] Got response. Active calls: 17
May 06, 2026 2:47:30 PM arch.GeminiClient getResponse
INFO: [GeminiClient] Waiting for semaphore. In queue: 1 | Active calls: 16 | Available permits: 63
May 06, 2026 2:47:30 PM arch.GeminiClient getResponse
INFO: [GeminiClient] Acquired semaphore. Active calls: 17
May 06, 2026 2:47:30 PM arch.GeminiClient getResponse
INFO: [GeminiClient] Waiting for semaphore. In queue: 1 | Active calls: 17 | Available permits: 62
May 06, 2026 2:47:30 PM arch.GeminiClient getResponse
INFO: [GeminiClient] Acquired semaphore. Active calls: 17
May 06, 2026 2:47:30 PM arch.GeminiClient getResponse
INFO: [GeminiClient] Waiting for semaphore. In queue: 1 | Active calls: 17 | Available permits: 61
May 06, 2026 2:47:30 PM arch.GeminiClient getResponse
INFO: [GeminiClient] Got response. Active calls: 16
May 06, 2026 2:47:31 PM arch.GeminiClient getResponse
INFO: [GeminiClient] Waiting for semaphore. In queue: 1 | Active calls: 18 | Available permits: 61
May 06, 2026 2:47:31 PM arch.GeminiClient getResponse
INFO: [GeminiClient] Acquired semaphore. Active calls: 18
May 06, 2026 2:47:30 PM arch.GeminiClient getResponse
INFO: [GeminiClient] Got response. Active calls: 16
May 06, 2026 2:47:30 PM arch.GeminiClient getResponse
INFO: [GeminiClient] Acquired semaphore. Active calls: 18
May 06, 2026 2:47:31 PM arch.GeminiClient getResponse
INFO: [GeminiClient] Waiting for semaphore. In queue: 1 | Active calls: 18 | Available permits: 61
May 06, 2026 2:47:31 PM arch.GeminiClient getResponse
INFO: [GeminiClient] Acquired semaphore. Active calls: 18
May 06, 2026 2:47:31 PM arch.GeminiClient getResponse
INFO: [GeminiClient] Got response. Active calls: 17
May 06, 2026 2:47:32 PM arch.GeminiClient getResponse
INFO: [GeminiClient] Waiting for semaphore. In queue: 1 | Active calls: 18 | Available permits: 61
May 06, 2026 2:47:32 PM arch.GeminiClient getResponse
INFO: [GeminiClient] Acquired semaphore. Active calls: 18
May 06, 2026 2:47:32 PM arch.GeminiClient getResponse
INFO: [GeminiClient] Waiting for semaphore. In queue: 1 | Active calls: 18 | Available permits: 60
May 06, 2026 2:47:32 PM arch.GeminiClient getResponse
INFO: [GeminiClient] Acquired semaphore. Active calls: 19
May 06, 2026 2:47:31 PM arch.GeminiClient getResponse
INFO: [GeminiClient] Got response. Active calls: 17
May 06, 2026 2:47:32 PM arch.GeminiClient getResponse
INFO: [GeminiClient] Waiting for semaphore. In queue: 1 | Active calls: 19 | Available permits: 60
May 06, 2026 2:47:32 PM arch.GeminiClient getResponse
INFO: [GeminiClient] Acquired semaphore. Active calls: 20
May 06, 2026 2:47:32 PM arch.GeminiClient getResponse
INFO: [GeminiClient] Got response. Active calls: 19
May 06, 2026 2:47:32 PM arch.GeminiClient getResponse
INFO: [GeminiClient] Got response. Active calls: 17
May 06, 2026 2:47:32 PM arch.GeminiClient getResponse
INFO: [GeminiClient] Waiting for semaphore. In queue: 1 | Active calls: 19 | Available permits: 61
May 06, 2026 2:47:32 PM arch.GeminiClient getResponse
INFO: [GeminiClient] Acquired semaphore. Active calls: 20
May 06, 2026 2:47:32 PM arch.GeminiClient getResponse
INFO: [GeminiClient] Waiting for semaphore. In queue: 1 | Active calls: 20 | Available permits: 60
May 06, 2026 2:47:32 PM arch.GeminiClient getResponse
INFO: [GeminiClient] Acquired semaphore. Active calls: 21
May 06, 2026 2:47:33 PM arch.GeminiClient getResponse
INFO: [GeminiClient] Got response. Active calls: 20
May 06, 2026 2:47:33 PM arch.GeminiClient getResponse
INFO: [GeminiClient] Waiting for semaphore. In queue: 1 | Active calls: 20 | Available permits: 60
May 06, 2026 2:47:33 PM arch.GeminiClient getResponse
INFO: [GeminiClient] Acquired semaphore. Active calls: 21
May 06, 2026 2:47:33 PM arch.GeminiClient getResponse
INFO: [GeminiClient] Got response. Active calls: 20
May 06, 2026 2:47:33 PM arch.GeminiClient getResponse
INFO: [GeminiClient] Waiting for semaphore. In queue: 1 | Active calls: 20 | Available permits: 60
May 06, 2026 2:47:33 PM arch.GeminiClient getResponse
INFO: [GeminiClient] Acquired semaphore. Active calls: 21
May 06, 2026 2:47:33 PM arch.GeminiClient getResponse
INFO: [GeminiClient] Got response. Active calls: 20
May 06, 2026 2:47:33 PM arch.GeminiClient getResponse
INFO: [GeminiClient] Waiting for semaphore. In queue: 1 | Active calls: 20 | Available permits: 60
May 06, 2026 2:47:33 PM arch.GeminiClient getResponse
INFO: [GeminiClient] Acquired semaphore. Active calls: 21
May 06, 2026 2:47:33 PM arch.GeminiClient getResponse
INFO: [GeminiClient] Got response. Active calls: 20
May 06, 2026 2:47:34 PM arch.GeminiClient getResponse
INFO: [GeminiClient] Got response. Active calls: 19
May 06, 2026 2:47:34 PM arch.GeminiClient getResponse
INFO: [GeminiClient] Got response. Active calls: 18
May 06, 2026 2:47:34 PM arch.GeminiClient getResponse
INFO: [GeminiClient] Waiting for semaphore. In queue: 1 | Active calls: 18 | Available permits: 62
May 06, 2026 2:47:34 PM arch.GeminiClient getResponse
INFO: [GeminiClient] Acquired semaphore. Active calls: 18
May 06, 2026 2:47:34 PM arch.GeminiClient getResponse
INFO: [GeminiClient] Got response. Active calls: 17
May 06, 2026 2:47:35 PM arch.GeminiClient getResponse
INFO: [GeminiClient] Waiting for semaphore. In queue: 1 | Active calls: 17 | Available permits: 62
May 06, 2026 2:47:35 PM arch.GeminiClient getResponse
INFO: [GeminiClient] Acquired semaphore. Active calls: 18
May 06, 2026 2:47:35 PM arch.GeminiClient getResponse
INFO: [GeminiClient] Got response. Active calls: 17
May 06, 2026 2:47:34 PM arch.GeminiClient getResponse
INFO: [GeminiClient] Got response. Active calls: 17
May 06, 2026 2:47:35 PM arch.GeminiClient getResponse
INFO: [GeminiClient] Waiting for semaphore. In queue: 1 | Active calls: 17 | Available permits: 63
May 06, 2026 2:47:35 PM arch.GeminiClient getResponse
INFO: [GeminiClient] Acquired semaphore. Active calls: 18
May 06, 2026 2:47:35 PM arch.GeminiClient getResponse
INFO: [GeminiClient] Waiting for semaphore. In queue: 1 | Active calls: 18 | Available permits: 62
May 06, 2026 2:47:35 PM arch.GeminiClient getResponse
INFO: [GeminiClient] Acquired semaphore. Active calls: 19
May 06, 2026 2:47:35 PM arch.GeminiClient getResponse
INFO: [GeminiClient] Waiting for semaphore. In queue: 1 | Active calls: 19 | Available permits: 61
May 06, 2026 2:47:35 PM arch.GeminiClient getResponse
INFO: [GeminiClient] Acquired semaphore. Active calls: 20
May 06, 2026 2:47:36 PM arch.GeminiClient getResponse
INFO: [GeminiClient] Got response. Active calls: 19
May 06, 2026 2:47:36 PM arch.GeminiClient getResponse
INFO: [GeminiClient] Got response. Active calls: 18
May 06, 2026 2:47:36 PM arch.GeminiClient getResponse
INFO: [GeminiClient] Waiting for semaphore. In queue: 1 | Active calls: 18 | Available permits: 62
May 06, 2026 2:47:36 PM arch.GeminiClient getResponse
INFO: [GeminiClient] Acquired semaphore. Active calls: 19
May 06, 2026 2:47:36 PM arch.GeminiClient getResponse
INFO: [GeminiClient] Got response. Active calls: 18
May 06, 2026 2:47:36 PM arch.GeminiClient getResponse
INFO: [GeminiClient] Waiting for semaphore. In queue: 1 | Active calls: 18 | Available permits: 62
May 06, 2026 2:47:36 PM arch.GeminiClient getResponse
INFO: [GeminiClient] Acquired semaphore. Active calls: 19
May 06, 2026 2:47:36 PM arch.GeminiClient getResponse
INFO: [GeminiClient] Got response. Active calls: 18
May 06, 2026 2:47:36 PM arch.GeminiClient getResponse
INFO: [GeminiClient] Waiting for semaphore. In queue: 1 | Active calls: 18 | Available permits: 62
May 06, 2026 2:47:36 PM arch.GeminiClient getResponse
INFO: [GeminiClient] Acquired semaphore. Active calls: 19
May 06, 2026 2:47:36 PM arch.GeminiClient getResponse
INFO: [GeminiClient] Waiting for semaphore. In queue: 1 | Active calls: 19 | Available permits: 61
May 06, 2026 2:47:36 PM arch.GeminiClient getResponse
INFO: [GeminiClient] Acquired semaphore. Active calls: 20
May 06, 2026 2:47:36 PM arch.GeminiClient getResponse
INFO: [GeminiClient] Waiting for semaphore. In queue: 1 | Active calls: 20 | Available permits: 60
May 06, 2026 2:47:36 PM arch.GeminiClient getResponse
INFO: [GeminiClient] Acquired semaphore. Active calls: 21
May 06, 2026 2:47:36 PM arch.GeminiClient getResponse
INFO: [GeminiClient] Waiting for semaphore. In queue: 1 | Active calls: 21 | Available permits: 59
May 06, 2026 2:47:36 PM arch.GeminiClient getResponse
INFO: [GeminiClient] Acquired semaphore. Active calls: 22
May 06, 2026 2:47:37 PM arch.GeminiClient getResponse
INFO: [GeminiClient] Waiting for semaphore. In queue: 1 | Active calls: 22 | Available permits: 58
May 06, 2026 2:47:37 PM arch.GeminiClient getResponse
INFO: [GeminiClient] Acquired semaphore. Active calls: 23
May 06, 2026 2:47:37 PM arch.GeminiClient getResponse
INFO: [GeminiClient] Waiting for semaphore. In queue: 1 | Active calls: 23 | Available permits: 57
May 06, 2026 2:47:37 PM arch.GeminiClient getResponse
INFO: [GeminiClient] Acquired semaphore. Active calls: 24
May 06, 2026 2:47:37 PM arch.GeminiClient getResponse
INFO: [GeminiClient] Got response. Active calls: 23
May 06, 2026 2:47:37 PM arch.GeminiClient getResponse
INFO: [GeminiClient] Got response. Active calls: 22
May 06, 2026 2:47:37 PM arch.GeminiClient getResponse
INFO: [GeminiClient] Got response. Active calls: 21
May 06, 2026 2:47:37 PM arch.GeminiClient getResponse
INFO: [GeminiClient] Got response. Active calls: 20
May 06, 2026 2:47:38 PM arch.GeminiClient getResponse
INFO: [GeminiClient] Got response. Active calls: 18
May 06, 2026 2:47:38 PM arch.GeminiClient getResponse
INFO: [GeminiClient] Waiting for semaphore. In queue: 1 | Active calls: 18 | Available permits: 61
May 06, 2026 2:47:38 PM arch.GeminiClient getResponse
INFO: [GeminiClient] Acquired semaphore. Active calls: 19
May 06, 2026 2:47:37 PM arch.GeminiClient getResponse
INFO: [GeminiClient] Got response. Active calls: 19
May 06, 2026 2:47:38 PM arch.GeminiClient getResponse
INFO: [GeminiClient] Waiting for semaphore. In queue: 1 | Active calls: 19 | Available permits: 61
May 06, 2026 2:47:38 PM arch.GeminiClient getResponse
INFO: [GeminiClient] Acquired semaphore. Active calls: 20
May 06, 2026 2:47:38 PM arch.GeminiClient getResponse
INFO: [GeminiClient] Got response. Active calls: 19
May 06, 2026 2:47:39 PM arch.GeminiClient getResponse
INFO: [GeminiClient] Waiting for semaphore. In queue: 1 | Active calls: 17 | Available permits: 61
May 06, 2026 2:47:39 PM arch.GeminiClient getResponse
INFO: [GeminiClient] Acquired semaphore. Active calls: 18
May 06, 2026 2:47:38 PM arch.GeminiClient getResponse
INFO: [GeminiClient] Got response. Active calls: 18
May 06, 2026 2:47:38 PM arch.GeminiClient getResponse
INFO: [GeminiClient] Got response. Active calls: 17
May 06, 2026 2:47:39 PM arch.GeminiClient getResponse
INFO: [GeminiClient] Waiting for semaphore. In queue: 1 | Active calls: 18 | Available permits: 62
May 06, 2026 2:47:39 PM arch.GeminiClient getResponse
INFO: [GeminiClient] Acquired semaphore. Active calls: 19
May 06, 2026 2:47:39 PM arch.GeminiClient getResponse
INFO: [GeminiClient] Waiting for semaphore. In queue: 1 | Active calls: 19 | Available permits: 61
May 06, 2026 2:47:40 PM arch.GeminiClient getResponse
INFO: [GeminiClient] Got response. Active calls: 19
May 06, 2026 2:47:40 PM arch.GeminiClient getResponse
INFO: [GeminiClient] Waiting for semaphore. In queue: 1 | Active calls: 19 | Available permits: 61
May 06, 2026 2:47:40 PM arch.GeminiClient getResponse
INFO: [GeminiClient] Acquired semaphore. Active calls: 20
May 06, 2026 2:47:40 PM arch.GeminiClient getResponse
INFO: [GeminiClient] Got response. Active calls: 19
May 06, 2026 2:47:40 PM arch.GeminiClient getResponse
INFO: [GeminiClient] Got response. Active calls: 18
May 06, 2026 2:47:40 PM arch.GeminiClient getResponse
INFO: [GeminiClient] Waiting for semaphore. In queue: 1 | Active calls: 17 | Available permits: 62
May 06, 2026 2:47:40 PM arch.GeminiClient getResponse
INFO: [GeminiClient] Acquired semaphore. Active calls: 18
May 06, 2026 2:47:39 PM arch.GeminiClient getResponse
INFO: [GeminiClient] Acquired semaphore. Active calls: 20
May 06, 2026 2:47:40 PM arch.GeminiClient getResponse
INFO: [GeminiClient] Got response. Active calls: 17
May 06, 2026 2:47:40 PM arch.GeminiClient getResponse
INFO: [GeminiClient] Waiting for semaphore. In queue: 1 | Active calls: 17 | Available permits: 62
May 06, 2026 2:47:40 PM arch.GeminiClient getResponse
INFO: [GeminiClient] Acquired semaphore. Active calls: 18
May 06, 2026 2:47:40 PM arch.GeminiClient getResponse
INFO: [GeminiClient] Got response. Active calls: 17
May 06, 2026 2:47:40 PM arch.GeminiClient getResponse
INFO: [GeminiClient] Waiting for semaphore. In queue: 1 | Active calls: 18 | Available permits: 62
May 06, 2026 2:47:40 PM arch.GeminiClient getResponse
INFO: [GeminiClient] Acquired semaphore. Active calls: 19
May 06, 2026 2:47:41 PM arch.GeminiClient getResponse
INFO: [GeminiClient] Waiting for semaphore. In queue: 1 | Active calls: 19 | Available permits: 61
May 06, 2026 2:47:41 PM arch.GeminiClient getResponse
INFO: [GeminiClient] Acquired semaphore. Active calls: 20
May 06, 2026 2:47:41 PM arch.GeminiClient getResponse
INFO: [GeminiClient] Waiting for semaphore. In queue: 1 | Active calls: 20 | Available permits: 60
May 06, 2026 2:47:41 PM arch.GeminiClient getResponse
INFO: [GeminiClient] Acquired semaphore. Active calls: 21
May 06, 2026 2:47:41 PM arch.GeminiClient getResponse
INFO: [GeminiClient] Waiting for semaphore. In queue: 1 | Active calls: 21 | Available permits: 59
May 06, 2026 2:47:41 PM arch.GeminiClient getResponse
INFO: [GeminiClient] Acquired semaphore. Active calls: 22
May 06, 2026 2:47:41 PM arch.GeminiClient getResponse
INFO: [GeminiClient] Waiting for semaphore. In queue: 1 | Active calls: 22 | Available permits: 58
May 06, 2026 2:47:41 PM arch.GeminiClient getResponse
INFO: [GeminiClient] Acquired semaphore. Active calls: 23
May 06, 2026 2:47:41 PM arch.GeminiClient getResponse
INFO: [GeminiClient] Got response. Active calls: 22
May 06, 2026 2:47:41 PM arch.GeminiClient getResponse
INFO: [GeminiClient] Got response. Active calls: 21
May 06, 2026 2:47:41 PM arch.GeminiClient getResponse
INFO: [GeminiClient] Waiting for semaphore. In queue: 1 | Active calls: 19 | Available permits: 59
May 06, 2026 2:47:42 PM arch.GeminiClient getResponse
INFO: [GeminiClient] Got response. Active calls: 19
May 06, 2026 2:47:42 PM arch.GeminiClient getResponse
INFO: [GeminiClient] Got response. Active calls: 18
May 06, 2026 2:47:42 PM arch.GeminiClient getResponse
INFO: [GeminiClient] Got response. Active calls: 17
May 06, 2026 2:47:41 PM arch.GeminiClient getResponse
INFO: [GeminiClient] Got response. Active calls: 20
May 06, 2026 2:47:41 PM arch.GeminiClient getResponse
INFO: [GeminiClient] Got response. Active calls: 19
May 06, 2026 2:47:42 PM arch.GeminiClient getResponse
INFO: [GeminiClient] Got response. Active calls: 15
May 06, 2026 2:47:41 PM arch.GeminiClient getResponse
INFO: [GeminiClient] Acquired semaphore. Active calls: 20
May 06, 2026 2:47:42 PM arch.GeminiClient getResponse
INFO: [GeminiClient] Waiting for semaphore. In queue: 1 | Active calls: 15 | Available permits: 64
May 06, 2026 2:47:42 PM arch.GeminiClient getResponse
INFO: [GeminiClient] Acquired semaphore. Active calls: 16
May 06, 2026 2:47:42 PM arch.GeminiClient getResponse
INFO: [GeminiClient] Got response. Active calls: 16
May 06, 2026 2:47:42 PM arch.GeminiClient getResponse
INFO: [GeminiClient] Waiting for semaphore. In queue: 1 | Active calls: 16 | Available permits: 64
May 06, 2026 2:47:42 PM arch.GeminiClient getResponse
INFO: [GeminiClient] Acquired semaphore. Active calls: 17
May 06, 2026 2:47:43 PM arch.GeminiClient getResponse
INFO: [GeminiClient] Got response. Active calls: 16
May 06, 2026 2:47:43 PM arch.GeminiClient getResponse
INFO: [GeminiClient] Waiting for semaphore. In queue: 1 | Active calls: 15 | Available permits: 64
May 06, 2026 2:47:43 PM arch.GeminiClient getResponse
INFO: [GeminiClient] Acquired semaphore. Active calls: 16
May 06, 2026 2:47:43 PM arch.GeminiClient getResponse
INFO: [GeminiClient] Waiting for semaphore. In queue: 1 | Active calls: 16 | Available permits: 63
May 06, 2026 2:47:43 PM arch.GeminiClient getResponse
INFO: [GeminiClient] Acquired semaphore. Active calls: 17
May 06, 2026 2:47:43 PM arch.GeminiClient getResponse
INFO: [GeminiClient] Waiting for semaphore. In queue: 1 | Active calls: 17 | Available permits: 62
May 06, 2026 2:47:43 PM arch.GeminiClient getResponse
INFO: [GeminiClient] Acquired semaphore. Active calls: 17
May 06, 2026 2:47:43 PM arch.GeminiClient getResponse
INFO: [GeminiClient] Got response. Active calls: 15
May 06, 2026 2:47:43 PM arch.GeminiClient getResponse
INFO: [GeminiClient] Got response. Active calls: 16
May 06, 2026 2:47:43 PM arch.GeminiClient getResponse
INFO: [GeminiClient] Got response. Active calls: 15
May 06, 2026 2:47:43 PM arch.GeminiClient getResponse
INFO: [GeminiClient] Got response. Active calls: 13
May 06, 2026 2:47:43 PM arch.GeminiClient getResponse
INFO: [GeminiClient] Waiting for semaphore. In queue: 1 | Active calls: 13 | Available permits: 65
May 06, 2026 2:47:43 PM arch.GeminiClient getResponse
INFO: [GeminiClient] Got response. Active calls: 16
May 06, 2026 2:47:44 PM arch.GeminiClient getResponse
INFO: [GeminiClient] Waiting for semaphore. In queue: 1 | Active calls: 14 | Available permits: 65
May 06, 2026 2:47:44 PM arch.GeminiClient getResponse
INFO: [GeminiClient] Acquired semaphore. Active calls: 15
May 06, 2026 2:47:43 PM arch.GeminiClient getResponse
INFO: [GeminiClient] Got response. Active calls: 14
May 06, 2026 2:47:44 PM arch.GeminiClient getResponse
INFO: [GeminiClient] Waiting for semaphore. In queue: 1 | Active calls: 15 | Available permits: 65
May 06, 2026 2:47:44 PM arch.GeminiClient getResponse
INFO: [GeminiClient] Acquired semaphore. Active calls: 16
May 06, 2026 2:47:44 PM arch.GeminiClient getResponse
INFO: [GeminiClient] Waiting for semaphore. In queue: 1 | Active calls: 16 | Available permits: 64
May 06, 2026 2:47:44 PM arch.GeminiClient getResponse
INFO: [GeminiClient] Acquired semaphore. Active calls: 17
May 06, 2026 2:47:43 PM arch.GeminiClient getResponse
INFO: [GeminiClient] Acquired semaphore. Active calls: 14
May 06, 2026 2:47:44 PM arch.GeminiClient getResponse
INFO: [GeminiClient] Got response. Active calls: 16
May 06, 2026 2:47:44 PM arch.GeminiClient getResponse
INFO: [GeminiClient] Waiting for semaphore. In queue: 1 | Active calls: 16 | Available permits: 64
May 06, 2026 2:47:44 PM arch.GeminiClient getResponse
INFO: [GeminiClient] Acquired semaphore. Active calls: 17
May 06, 2026 2:47:44 PM arch.GeminiClient getResponse
INFO: [GeminiClient] Waiting for semaphore. In queue: 1 | Active calls: 17 | Available permits: 63
May 06, 2026 2:47:44 PM arch.GeminiClient getResponse
INFO: [GeminiClient] Acquired semaphore. Active calls: 18
May 06, 2026 2:47:45 PM arch.GeminiClient getResponse
INFO: [GeminiClient] Waiting for semaphore. In queue: 1 | Active calls: 18 | Available permits: 62
May 06, 2026 2:47:45 PM arch.GeminiClient getResponse
INFO: [GeminiClient] Acquired semaphore. Active calls: 19
May 06, 2026 2:47:45 PM arch.GeminiClient getResponse
INFO: [GeminiClient] Got response. Active calls: 18
May 06, 2026 2:47:45 PM arch.GeminiClient getResponse
INFO: [GeminiClient] Waiting for semaphore. In queue: 1 | Active calls: 17 | Available permits: 62
May 06, 2026 2:47:45 PM arch.GeminiClient getResponse
INFO: [GeminiClient] Acquired semaphore. Active calls: 18
May 06, 2026 2:47:45 PM arch.GeminiClient getResponse
INFO: [GeminiClient] Got response. Active calls: 17
May 06, 2026 2:47:45 PM arch.GeminiClient getResponse
INFO: [GeminiClient] Waiting for semaphore. In queue: 1 | Active calls: 17 | Available permits: 62
May 06, 2026 2:47:45 PM arch.GeminiClient getResponse
INFO: [GeminiClient] Acquired semaphore. Active calls: 18
May 06, 2026 2:47:45 PM arch.GeminiClient getResponse
INFO: [GeminiClient] Got response. Active calls: 17
May 06, 2026 2:47:45 PM arch.GeminiClient getResponse
INFO: [GeminiClient] Got response. Active calls: 17
May 06, 2026 2:47:45 PM arch.GeminiClient getResponse
INFO: [GeminiClient] Waiting for semaphore. In queue: 1 | Active calls: 17 | Available permits: 63
May 06, 2026 2:47:45 PM arch.GeminiClient getResponse
INFO: [GeminiClient] Acquired semaphore. Active calls: 17
May 06, 2026 2:47:45 PM arch.GeminiClient getResponse
INFO: [GeminiClient] Got response. Active calls: 16
May 06, 2026 2:47:46 PM arch.GeminiClient getResponse
INFO: [GeminiClient] Waiting for semaphore. In queue: 1 | Active calls: 16 | Available permits: 63
May 06, 2026 2:47:46 PM arch.GeminiClient getResponse
INFO: [GeminiClient] Acquired semaphore. Active calls: 17
May 06, 2026 2:47:45 PM arch.GeminiClient getResponse
INFO: [GeminiClient] Got response. Active calls: 16
May 06, 2026 2:47:46 PM arch.GeminiClient getResponse
INFO: [GeminiClient] Got response. Active calls: 16
May 06, 2026 2:47:46 PM arch.GeminiClient getResponse
INFO: [GeminiClient] Waiting for semaphore. In queue: 1 | Active calls: 14 | Available permits: 64
May 06, 2026 2:47:47 PM arch.GeminiClient getResponse
INFO: [GeminiClient] Waiting for semaphore. In queue: 1 | Active calls: 15 | Available permits: 63
May 06, 2026 2:47:47 PM arch.GeminiClient getResponse
INFO: [GeminiClient] Acquired semaphore. Active calls: 15
May 06, 2026 2:47:47 PM arch.GeminiClient getResponse
INFO: [GeminiClient] Got response. Active calls: 14
May 06, 2026 2:47:46 PM arch.GeminiClient getResponse
INFO: [GeminiClient] Got response. Active calls: 15
May 06, 2026 2:47:46 PM arch.GeminiClient getResponse
INFO: [GeminiClient] Got response. Active calls: 14
May 06, 2026 2:47:46 PM arch.GeminiClient getResponse
INFO: [GeminiClient] Acquired semaphore. Active calls: 15
May 06, 2026 2:47:47 PM arch.GeminiClient getResponse
INFO: [GeminiClient] Got response. Active calls: 14
May 06, 2026 2:47:47 PM arch.GeminiClient getResponse
INFO: [GeminiClient] Waiting for semaphore. In queue: 1 | Active calls: 14 | Available permits: 66
May 06, 2026 2:47:47 PM arch.GeminiClient getResponse
INFO: [GeminiClient] Acquired semaphore. Active calls: 15
May 06, 2026 2:47:47 PM arch.GeminiClient getResponse
INFO: [GeminiClient] Waiting for semaphore. In queue: 1 | Active calls: 15 | Available permits: 65
May 06, 2026 2:47:47 PM arch.GeminiClient getResponse
INFO: [GeminiClient] Waiting for semaphore. In queue: 1 | Active calls: 16 | Available permits: 64
May 06, 2026 2:47:47 PM arch.GeminiClient getResponse
INFO: [GeminiClient] Acquired semaphore. Active calls: 17
May 06, 2026 2:47:48 PM arch.GeminiClient getResponse
INFO: [GeminiClient] Waiting for semaphore. In queue: 1 | Active calls: 17 | Available permits: 63
May 06, 2026 2:47:48 PM arch.GeminiClient getResponse
INFO: [GeminiClient] Acquired semaphore. Active calls: 17
May 06, 2026 2:47:48 PM arch.GeminiClient getResponse
INFO: [GeminiClient] Waiting for semaphore. In queue: 1 | Active calls: 17 | Available permits: 62
May 06, 2026 2:47:48 PM arch.GeminiClient getResponse
INFO: [GeminiClient] Acquired semaphore. Active calls: 17
May 06, 2026 2:47:47 PM arch.GeminiClient getResponse
INFO: [GeminiClient] Acquired semaphore. Active calls: 16
May 06, 2026 2:47:48 PM arch.GeminiClient getResponse
INFO: [GeminiClient] Waiting for semaphore. In queue: 1 | Active calls: 17 | Available permits: 61
May 06, 2026 2:47:48 PM arch.GeminiClient getResponse
INFO: [GeminiClient] Acquired semaphore. Active calls: 18
May 06, 2026 2:47:48 PM arch.GeminiClient getResponse
INFO: [GeminiClient] Waiting for semaphore. In queue: 1 | Active calls: 18 | Available permits: 60
May 06, 2026 2:47:48 PM arch.GeminiClient getResponse
INFO: [GeminiClient] Acquired semaphore. Active calls: 19
May 06, 2026 2:47:48 PM arch.GeminiClient getResponse
INFO: [GeminiClient] Got response. Active calls: 16
May 06, 2026 2:47:48 PM arch.GeminiClient getResponse
INFO: [GeminiClient] Waiting for semaphore. In queue: 1 | Active calls: 19 | Available permits: 60
May 06, 2026 2:47:48 PM arch.GeminiClient getResponse
INFO: [GeminiClient] Acquired semaphore. Active calls: 20
May 06, 2026 2:47:48 PM arch.GeminiClient getResponse
INFO: [GeminiClient] Got response. Active calls: 19
May 06, 2026 2:47:48 PM arch.GeminiClient getResponse
INFO: [GeminiClient] Got response. Active calls: 16
May 06, 2026 2:47:48 PM arch.GeminiClient getResponse
INFO: [GeminiClient] Waiting for semaphore. In queue: 1 | Active calls: 19 | Available permits: 61
May 06, 2026 2:47:48 PM arch.GeminiClient getResponse
INFO: [GeminiClient] Acquired semaphore. Active calls: 19
May 06, 2026 2:47:48 PM arch.GeminiClient getResponse
INFO: [GeminiClient] Got response. Active calls: 18
May 06, 2026 2:47:48 PM arch.GeminiClient getResponse
INFO: [GeminiClient] Waiting for semaphore. In queue: 1 | Active calls: 18 | Available permits: 61
May 06, 2026 2:47:48 PM arch.GeminiClient getResponse
INFO: [GeminiClient] Acquired semaphore. Active calls: 19
May 06, 2026 2:47:49 PM arch.GeminiClient getResponse
INFO: [GeminiClient] Got response. Active calls: 18
May 06, 2026 2:47:49 PM arch.GeminiClient getResponse
INFO: [GeminiClient] Waiting for semaphore. In queue: 1 | Active calls: 18 | Available permits: 61
May 06, 2026 2:47:49 PM arch.GeminiClient getResponse
INFO: [GeminiClient] Acquired semaphore. Active calls: 19
May 06, 2026 2:47:49 PM arch.GeminiClient getResponse
INFO: [GeminiClient] Waiting for semaphore. In queue: 1 | Active calls: 19 | Available permits: 60
May 06, 2026 2:47:49 PM arch.GeminiClient getResponse
INFO: [GeminiClient] Acquired semaphore. Active calls: 20
May 06, 2026 2:47:48 PM arch.GeminiClient getResponse
WARNING: [GeminiClient] TIMEOUT. Active: 18
May 06, 2026 2:47:49 PM arch.GeminiClient getResponse
INFO: [GeminiClient] Waiting for semaphore. In queue: 1 | Active calls: 20 | Available permits: 60
May 06, 2026 2:47:49 PM arch.GeminiClient getResponse
INFO: [GeminiClient] Acquired semaphore. Active calls: 21
May 06, 2026 2:47:49 PM arch.GeminiClient getResponse
INFO: [GeminiClient] Waiting for semaphore. In queue: 1 | Active calls: 21 | Available permits: 59
May 06, 2026 2:47:49 PM arch.GeminiClient getResponse
INFO: [GeminiClient] Acquired semaphore. Active calls: 22
May 06, 2026 2:47:49 PM arch.GeminiClient getResponse
INFO: [GeminiClient] Waiting for semaphore. In queue: 1 | Active calls: 22 | Available permits: 58
May 06, 2026 2:47:49 PM arch.GeminiClient getResponse
INFO: [GeminiClient] Acquired semaphore. Active calls: 23
May 06, 2026 2:47:50 PM arch.GeminiClient getResponse
INFO: [GeminiClient] Got response. Active calls: 22
May 06, 2026 2:47:50 PM arch.GeminiClient getResponse
INFO: [GeminiClient] Got response. Active calls: 21
May 06, 2026 2:47:50 PM arch.GeminiClient getResponse
INFO: [GeminiClient] Waiting for semaphore. In queue: 1 | Active calls: 21 | Available permits: 59
May 06, 2026 2:47:50 PM arch.GeminiClient getResponse
INFO: [GeminiClient] Acquired semaphore. Active calls: 22
May 06, 2026 2:47:51 PM arch.GeminiClient getResponse
INFO: [GeminiClient] Got response. Active calls: 21
May 06, 2026 2:47:51 PM arch.GeminiClient getResponse
INFO: [GeminiClient] Got response. Active calls: 20
May 06, 2026 2:47:51 PM arch.GeminiClient getResponse
INFO: [GeminiClient] Waiting for semaphore. In queue: 1 | Active calls: 20 | Available permits: 60
May 06, 2026 2:47:51 PM arch.GeminiClient getResponse
INFO: [GeminiClient] Acquired semaphore. Active calls: 21
May 06, 2026 2:47:52 PM arch.GeminiClient getResponse
INFO: [GeminiClient] Got response. Active calls: 20
May 06, 2026 2:47:52 PM arch.GeminiClient getResponse
INFO: [GeminiClient] Waiting for semaphore. In queue: 1 | Active calls: 18 | Available permits: 60
May 06, 2026 2:47:52 PM arch.GeminiClient getResponse
INFO: [GeminiClient] Acquired semaphore. Active calls: 19
May 06, 2026 2:47:52 PM arch.GeminiClient getResponse
INFO: [GeminiClient] Waiting for semaphore. In queue: 1 | Active calls: 19 | Available permits: 59
May 06, 2026 2:47:52 PM arch.GeminiClient getResponse
INFO: [GeminiClient] Acquired semaphore. Active calls: 20
May 06, 2026 2:47:52 PM arch.GeminiClient getResponse
INFO: [GeminiClient] Waiting for semaphore. In queue: 1 | Active calls: 20 | Available permits: 58
May 06, 2026 2:47:52 PM arch.GeminiClient getResponse
INFO: [GeminiClient] Acquired semaphore. Active calls: 21
May 06, 2026 2:47:52 PM arch.GeminiClient getResponse
INFO: [GeminiClient] Got response. Active calls: 20
May 06, 2026 2:47:52 PM arch.GeminiClient getResponse
INFO: [GeminiClient] Got response. Active calls: 19
May 06, 2026 2:47:52 PM arch.GeminiClient getResponse
INFO: [GeminiClient] Got response. Active calls: 18
May 06, 2026 2:47:52 PM arch.GeminiClient getResponse
INFO: [GeminiClient] Waiting for semaphore. In queue: 1 | Active calls: 20 | Available permits: 60
May 06, 2026 2:47:52 PM arch.GeminiClient getResponse
INFO: [GeminiClient] Acquired semaphore. Active calls: 21
May 06, 2026 2:47:52 PM arch.GeminiClient getResponse
INFO: [GeminiClient] Waiting for semaphore. In queue: 1 | Active calls: 21 | Available permits: 59
May 06, 2026 2:47:52 PM arch.GeminiClient getResponse
INFO: [GeminiClient] Acquired semaphore. Active calls: 20
May 06, 2026 2:47:52 PM arch.GeminiClient getResponse
INFO: [GeminiClient] Got response. Active calls: 19
May 06, 2026 2:47:53 PM arch.GeminiClient getResponse
INFO: [GeminiClient] Got response. Active calls: 17
May 06, 2026 2:47:53 PM arch.GeminiClient getResponse
INFO: [GeminiClient] Waiting for semaphore. In queue: 1 | Active calls: 17 | Available permits: 60
May 06, 2026 2:47:53 PM arch.GeminiClient getResponse
INFO: [GeminiClient] Acquired semaphore. Active calls: 18
May 06, 2026 2:47:52 PM arch.GeminiClient getResponse
INFO: [GeminiClient] Got response. Active calls: 20
May 06, 2026 2:47:52 PM arch.GeminiClient getResponse
INFO: [GeminiClient] Got response. Active calls: 19
May 06, 2026 2:47:53 PM arch.GeminiClient getResponse
INFO: [GeminiClient] Waiting for semaphore. In queue: 1 | Active calls: 18 | Available permits: 61
May 06, 2026 2:47:52 PM arch.GeminiClient getResponse
INFO: [GeminiClient] Got response. Active calls: 18
May 06, 2026 2:47:53 PM arch.GeminiClient getResponse
INFO: [GeminiClient] Got response. Active calls: 18
May 06, 2026 2:47:53 PM arch.GeminiClient getResponse
INFO: [GeminiClient] Waiting for semaphore. In queue: 1 | Active calls: 18 | Available permits: 62
May 06, 2026 2:47:53 PM arch.GeminiClient getResponse
INFO: [GeminiClient] Acquired semaphore. Active calls: 19
May 06, 2026 2:47:53 PM arch.GeminiClient getResponse
INFO: [GeminiClient] Waiting for semaphore. In queue: 1 | Active calls: 19 | Available permits: 61
May 06, 2026 2:47:53 PM arch.GeminiClient getResponse
INFO: [GeminiClient] Acquired semaphore. Active calls: 20
May 06, 2026 2:47:53 PM arch.GeminiClient getResponse
INFO: [GeminiClient] Acquired semaphore. Active calls: 19
May 06, 2026 2:47:54 PM arch.GeminiClient getResponse
INFO: [GeminiClient] Waiting for semaphore. In queue: 1 | Active calls: 20 | Available permits: 60
May 06, 2026 2:47:54 PM arch.GeminiClient getResponse
INFO: [GeminiClient] Acquired semaphore. Active calls: 21
May 06, 2026 2:47:54 PM arch.GeminiClient getResponse
INFO: [GeminiClient] Waiting for semaphore. In queue: 1 | Active calls: 21 | Available permits: 59
May 06, 2026 2:47:54 PM arch.GeminiClient getResponse
INFO: [GeminiClient] Acquired semaphore. Active calls: 22
May 06, 2026 2:47:54 PM arch.GeminiClient getResponse
INFO: [GeminiClient] Got response. Active calls: 21
May 06, 2026 2:47:54 PM arch.GeminiClient getResponse
INFO: [GeminiClient] Waiting for semaphore. In queue: 1 | Active calls: 20 | Available permits: 59
May 06, 2026 2:47:54 PM arch.GeminiClient getResponse
INFO: [GeminiClient] Got response. Active calls: 20
May 06, 2026 2:47:55 PM arch.GeminiClient getResponse
INFO: [GeminiClient] Got response. Active calls: 19
May 06, 2026 2:47:54 PM arch.GeminiClient getResponse
INFO: [GeminiClient] Got response. Active calls: 20
May 06, 2026 2:47:55 PM arch.GeminiClient getResponse
INFO: [GeminiClient] Waiting for semaphore. In queue: 1 | Active calls: 19 | Available permits: 61
May 06, 2026 2:47:55 PM arch.GeminiClient getResponse
INFO: [GeminiClient] Acquired semaphore. Active calls: 20
May 06, 2026 2:47:54 PM arch.GeminiClient getResponse
INFO: [GeminiClient] Acquired semaphore. Active calls: 21
May 06, 2026 2:47:55 PM arch.GeminiClient getResponse
INFO: [GeminiClient] Waiting for semaphore. In queue: 1 | Active calls: 20 | Available permits: 60
May 06, 2026 2:47:55 PM arch.GeminiClient getResponse
INFO: [GeminiClient] Acquired semaphore. Active calls: 21
May 06, 2026 2:47:55 PM arch.GeminiClient getResponse
INFO: [GeminiClient] Waiting for semaphore. In queue: 1 | Active calls: 21 | Available permits: 59
May 06, 2026 2:47:55 PM arch.GeminiClient getResponse
INFO: [GeminiClient] Acquired semaphore. Active calls: 22
May 06, 2026 2:47:55 PM arch.GeminiClient getResponse
INFO: [GeminiClient] Got response. Active calls: 21
May 06, 2026 2:47:56 PM arch.GeminiClient getResponse
INFO: [GeminiClient] Waiting for semaphore. In queue: 1 | Active calls: 19 | Available permits: 59
May 06, 2026 2:47:56 PM arch.GeminiClient getResponse
INFO: [GeminiClient] Acquired semaphore. Active calls: 20
May 06, 2026 2:47:56 PM arch.GeminiClient getResponse
INFO: [GeminiClient] Waiting for semaphore. In queue: 1 | Active calls: 20 | Available permits: 58
May 06, 2026 2:47:56 PM arch.GeminiClient getResponse
INFO: [GeminiClient] Acquired semaphore. Active calls: 21
May 06, 2026 2:47:56 PM arch.GeminiClient getResponse
INFO: [GeminiClient] Got response. Active calls: 20
May 06, 2026 2:47:56 PM arch.GeminiClient getResponse
INFO: [GeminiClient] Waiting for semaphore. In queue: 1 | Active calls: 20 | Available permits: 58
May 06, 2026 2:47:56 PM arch.GeminiClient getResponse
INFO: [GeminiClient] Waiting for semaphore. In queue: 1 | Active calls: 21 | Available permits: 57
May 06, 2026 2:47:56 PM arch.GeminiClient getResponse
INFO: [GeminiClient] Acquired semaphore. Active calls: 22
May 06, 2026 2:47:56 PM arch.GeminiClient getResponse
INFO: [GeminiClient] Waiting for semaphore. In queue: 1 | Active calls: 22 | Available permits: 56
May 06, 2026 2:47:55 PM arch.GeminiClient getResponse
INFO: [GeminiClient] Got response. Active calls: 20
May 06, 2026 2:47:55 PM arch.GeminiClient getResponse
INFO: [GeminiClient] Got response. Active calls: 19
May 06, 2026 2:47:56 PM arch.GeminiClient getResponse
INFO: [GeminiClient] Got response. Active calls: 22
May 06, 2026 2:47:56 PM arch.GeminiClient getResponse
INFO: [GeminiClient] Got response. Active calls: 21
May 06, 2026 2:47:56 PM arch.GeminiClient getResponse
INFO: [GeminiClient] Got response. Active calls: 20
May 06, 2026 2:47:56 PM arch.GeminiClient getResponse
INFO: [GeminiClient] Acquired semaphore. Active calls: 21
May 06, 2026 2:47:56 PM arch.GeminiClient getResponse
INFO: [GeminiClient] Got response. Active calls: 19
May 06, 2026 2:47:56 PM arch.GeminiClient getResponse
INFO: [GeminiClient] Acquired semaphore. Active calls: 23
May 06, 2026 2:47:56 PM arch.GeminiClient getResponse
INFO: [GeminiClient] Waiting for semaphore. In queue: 1 | Active calls: 19 | Available permits: 61
May 06, 2026 2:47:56 PM arch.GeminiClient getResponse
INFO: [GeminiClient] Acquired semaphore. Active calls: 20
May 06, 2026 2:47:56 PM arch.GeminiClient getResponse
INFO: [GeminiClient] Waiting for semaphore. In queue: 1 | Active calls: 20 | Available permits: 60
May 06, 2026 2:47:56 PM arch.GeminiClient getResponse
INFO: [GeminiClient] Acquired semaphore. Active calls: 21
May 06, 2026 2:47:56 PM arch.GeminiClient getResponse
INFO: [GeminiClient] Waiting for semaphore. In queue: 1 | Active calls: 21 | Available permits: 59
May 06, 2026 2:47:56 PM arch.GeminiClient getResponse
INFO: [GeminiClient] Acquired semaphore. Active calls: 22
May 06, 2026 2:47:57 PM arch.GeminiClient getResponse
INFO: [GeminiClient] Waiting for semaphore. In queue: 1 | Active calls: 22 | Available permits: 58
May 06, 2026 2:47:57 PM arch.GeminiClient getResponse
INFO: [GeminiClient] Acquired semaphore. Active calls: 23
May 06, 2026 2:47:57 PM arch.GeminiClient getResponse
INFO: [GeminiClient] Waiting for semaphore. In queue: 1 | Active calls: 23 | Available permits: 57
May 06, 2026 2:47:57 PM arch.GeminiClient getResponse
INFO: [GeminiClient] Acquired semaphore. Active calls: 24
May 06, 2026 2:47:57 PM arch.GeminiClient getResponse
INFO: [GeminiClient] Got response. Active calls: 23
May 06, 2026 2:47:57 PM arch.GeminiClient getResponse
INFO: [GeminiClient] Got response. Active calls: 22
May 06, 2026 2:47:58 PM arch.GeminiClient getResponse
INFO: [GeminiClient] Got response. Active calls: 21
May 06, 2026 2:47:58 PM arch.GeminiClient getResponse
INFO: [GeminiClient] Waiting for semaphore. In queue: 1 | Active calls: 21 | Available permits: 59
May 06, 2026 2:47:58 PM arch.GeminiClient getResponse
INFO: [GeminiClient] Acquired semaphore. Active calls: 22
May 06, 2026 2:47:58 PM arch.GeminiClient getResponse
INFO: [GeminiClient] Got response. Active calls: 21
May 06, 2026 2:47:58 PM arch.GeminiClient getResponse
INFO: [GeminiClient] Got response. Active calls: 18
May 06, 2026 2:47:58 PM arch.GeminiClient getResponse
INFO: [GeminiClient] Got response. Active calls: 17
May 06, 2026 2:47:59 PM arch.GeminiClient getResponse
INFO: [GeminiClient] Got response. Active calls: 15
May 06, 2026 2:47:59 PM arch.GeminiClient getResponse
INFO: [GeminiClient] Got response. Active calls: 14
May 06, 2026 2:47:58 PM arch.GeminiClient getResponse
INFO: [GeminiClient] Got response. Active calls: 20
May 06, 2026 2:47:58 PM arch.GeminiClient getResponse
INFO: [GeminiClient] Got response. Active calls: 19
May 06, 2026 2:47:59 PM arch.GeminiClient getResponse
INFO: [GeminiClient] Waiting for semaphore. In queue: 1 | Active calls: 14 | Available permits: 65
May 06, 2026 2:47:59 PM arch.GeminiClient getResponse
INFO: [GeminiClient] Acquired semaphore. Active calls: 15
May 06, 2026 2:47:59 PM arch.GeminiClient getResponse
INFO: [GeminiClient] Waiting for semaphore. In queue: 1 | Active calls: 15 | Available permits: 64
May 06, 2026 2:47:59 PM arch.GeminiClient getResponse
INFO: [GeminiClient] Acquired semaphore. Active calls: 16
May 06, 2026 2:47:58 PM arch.GeminiClient getResponse
INFO: [GeminiClient] Got response. Active calls: 16
May 06, 2026 2:47:59 PM arch.GeminiClient getResponse
INFO: [GeminiClient] Waiting for semaphore. In queue: 1 | Active calls: 16 | Available permits: 64
May 06, 2026 2:47:59 PM arch.GeminiClient getResponse
INFO: [GeminiClient] Acquired semaphore. Active calls: 17
May 06, 2026 2:47:59 PM arch.GeminiClient getResponse
INFO: [GeminiClient] Waiting for semaphore. In queue: 1 | Active calls: 17 | Available permits: 63
May 06, 2026 2:47:59 PM arch.GeminiClient getResponse
INFO: [GeminiClient] Acquired semaphore. Active calls: 18
May 06, 2026 2:47:59 PM arch.GeminiClient lambda$static$1
INFO: [WATCHDOG] permits=62 activeGemini=18 waitingForSemaphore=0 executorQueueSize=0 executorActiveThreads=18
May 06, 2026 2:48:00 PM arch.GeminiClient getResponse
INFO: [GeminiClient] Got response. Active calls: 16
May 06, 2026 2:48:00 PM arch.GeminiClient getResponse
INFO: [GeminiClient] Got response. Active calls: 14
May 06, 2026 2:48:00 PM arch.GeminiClient getResponse
INFO: [GeminiClient] Waiting for semaphore. In queue: 1 | Active calls: 14 | Available permits: 64
May 06, 2026 2:48:00 PM arch.GeminiClient getResponse
INFO: [GeminiClient] Acquired semaphore. Active calls: 15
May 06, 2026 2:48:00 PM arch.GeminiClient getResponse
INFO: [GeminiClient] Got response. Active calls: 14
May 06, 2026 2:47:59 PM arch.GeminiClient getResponse
INFO: [GeminiClient] Got response. Active calls: 17
May 06, 2026 2:48:00 PM arch.GeminiClient getResponse
INFO: [GeminiClient] Got response. Active calls: 13
May 06, 2026 2:48:00 PM arch.GeminiClient getResponse
INFO: [GeminiClient] Got response. Active calls: 15
May 06, 2026 2:48:00 PM arch.GeminiClient getResponse
INFO: [GeminiClient] Waiting for semaphore. In queue: 1 | Active calls: 13 | Available permits: 67
May 06, 2026 2:48:00 PM arch.GeminiClient getResponse
INFO: [GeminiClient] Acquired semaphore. Active calls: 14
May 06, 2026 2:48:00 PM arch.GeminiClient getResponse
INFO: [GeminiClient] Waiting for semaphore. In queue: 1 | Active calls: 14 | Available permits: 66
May 06, 2026 2:48:00 PM arch.GeminiClient getResponse
INFO: [GeminiClient] Waiting for semaphore. In queue: 1 | Active calls: 15 | Available permits: 65
May 06, 2026 2:48:00 PM arch.GeminiClient getResponse
INFO: [GeminiClient] Acquired semaphore. Active calls: 16
May 06, 2026 2:48:00 PM arch.GeminiClient getResponse
INFO: [GeminiClient] Waiting for semaphore. In queue: 1 | Active calls: 16 | Available permits: 64
May 06, 2026 2:48:00 PM arch.GeminiClient getResponse
INFO: [GeminiClient] Acquired semaphore. Active calls: 16
May 06, 2026 2:48:00 PM arch.GeminiClient getResponse
INFO: [GeminiClient] Acquired semaphore. Active calls: 15
May 06, 2026 2:48:00 PM arch.GeminiClient getResponse
INFO: [GeminiClient] Got response. Active calls: 15
May 06, 2026 2:48:01 PM arch.GeminiClient getResponse
INFO: [GeminiClient] Got response. Active calls: 15
May 06, 2026 2:48:01 PM arch.GeminiClient getResponse
INFO: [GeminiClient] Waiting for semaphore. In queue: 1 | Active calls: 15 | Available permits: 65
May 06, 2026 2:48:01 PM arch.GeminiClient getResponse
INFO: [GeminiClient] Acquired semaphore. Active calls: 15
May 06, 2026 2:48:02 PM arch.GeminiClient getResponse
INFO: [GeminiClient] Waiting for semaphore. In queue: 1 | Active calls: 15 | Available permits: 64
May 06, 2026 2:48:02 PM arch.GeminiClient getResponse
INFO: [GeminiClient] Acquired semaphore. Active calls: 16
May 06, 2026 2:48:02 PM arch.GeminiClient getResponse
INFO: [GeminiClient] Got response. Active calls: 15
May 06, 2026 2:48:02 PM arch.GeminiClient getResponse
INFO: [GeminiClient] Waiting for semaphore. In queue: 1 | Active calls: 15 | Available permits: 64
May 06, 2026 2:48:02 PM arch.GeminiClient getResponse
INFO: [GeminiClient] Acquired semaphore. Active calls: 15
May 06, 2026 2:48:01 PM arch.GeminiClient getResponse
INFO: [GeminiClient] Got response. Active calls: 14
May 06, 2026 2:48:02 PM arch.GeminiClient getResponse
INFO: [GeminiClient] Waiting for semaphore. In queue: 1 | Active calls: 15 | Available permits: 64
May 06, 2026 2:48:02 PM arch.GeminiClient getResponse
INFO: [GeminiClient] Acquired semaphore. Active calls: 16
May 06, 2026 2:48:03 PM arch.GeminiClient getResponse
INFO: [GeminiClient] Got response. Active calls: 15
May 06, 2026 2:48:03 PM arch.GeminiClient getResponse
INFO: [GeminiClient] Waiting for semaphore. In queue: 1 | Active calls: 15 | Available permits: 64
May 06, 2026 2:48:03 PM arch.GeminiClient getResponse
INFO: [GeminiClient] Waiting for semaphore. In queue: 1 | Active calls: 16 | Available permits: 63
May 06, 2026 2:48:03 PM arch.GeminiClient getResponse
INFO: [GeminiClient] Acquired semaphore. Active calls: 17
May 06, 2026 2:48:02 PM arch.GeminiClient getResponse
INFO: [GeminiClient] Got response. Active calls: 14
May 06, 2026 2:48:03 PM arch.GeminiClient getResponse
INFO: [GeminiClient] Waiting for semaphore. In queue: 1 | Active calls: 17 | Available permits: 63
May 06, 2026 2:48:03 PM arch.GeminiClient getResponse
INFO: [GeminiClient] Acquired semaphore. Active calls: 18
May 06, 2026 2:48:03 PM arch.GeminiClient getResponse
INFO: [GeminiClient] Waiting for semaphore. In queue: 1 | Active calls: 18 | Available permits: 62
May 06, 2026 2:48:03 PM arch.GeminiClient getResponse
INFO: [GeminiClient] Acquired semaphore. Active calls: 19
May 06, 2026 2:48:03 PM arch.GeminiClient getResponse
INFO: [GeminiClient] Acquired semaphore. Active calls: 16
May 06, 2026 2:48:03 PM arch.GeminiClient getResponse
INFO: [GeminiClient] Got response. Active calls: 18
May 06, 2026 2:48:03 PM arch.GeminiClient getResponse
INFO: [GeminiClient] Got response. Active calls: 17
May 06, 2026 2:48:04 PM arch.GeminiClient getResponse
INFO: [GeminiClient] Got response. Active calls: 16
May 06, 2026 2:48:04 PM arch.GeminiClient getResponse
INFO: [GeminiClient] Waiting for semaphore. In queue: 1 | Active calls: 16 | Available permits: 64
May 06, 2026 2:48:04 PM arch.GeminiClient getResponse
INFO: [GeminiClient] Acquired semaphore. Active calls: 16
May 06, 2026 2:48:04 PM arch.GeminiClient getResponse
INFO: [GeminiClient] Waiting for semaphore. In queue: 1 | Active calls: 16 | Available permits: 63
May 06, 2026 2:48:04 PM arch.GeminiClient getResponse
INFO: [GeminiClient] Acquired semaphore. Active calls: 17
May 06, 2026 2:48:04 PM arch.GeminiClient getResponse
INFO: [GeminiClient] Waiting for semaphore. In queue: 1 | Active calls: 16 | Available permits: 62
May 06, 2026 2:48:04 PM arch.GeminiClient getResponse
INFO: [GeminiClient] Acquired semaphore. Active calls: 17
May 06, 2026 2:48:04 PM arch.GeminiClient getResponse
INFO: [GeminiClient] Got response. Active calls: 15
May 06, 2026 2:48:04 PM arch.GeminiClient getResponse
INFO: [GeminiClient] Waiting for semaphore. In queue: 1 | Active calls: 17 | Available permits: 62
May 06, 2026 2:48:04 PM arch.GeminiClient getResponse
INFO: [GeminiClient] Acquired semaphore. Active calls: 18
May 06, 2026 2:48:04 PM arch.GeminiClient getResponse
INFO: [GeminiClient] Got response. Active calls: 17
May 06, 2026 2:48:05 PM arch.GeminiClient getResponse
INFO: [GeminiClient] Got response. Active calls: 16
May 06, 2026 2:48:04 PM arch.GeminiClient getResponse
INFO: [GeminiClient] Got response. Active calls: 16
May 06, 2026 2:48:05 PM arch.GeminiClient getResponse
INFO: [GeminiClient] Got response. Active calls: 15
May 06, 2026 2:48:05 PM arch.GeminiClient getResponse
INFO: [GeminiClient] Got response. Active calls: 14
May 06, 2026 2:48:05 PM arch.GeminiClient getResponse
INFO: [GeminiClient] Got response. Active calls: 13
May 06, 2026 2:48:05 PM arch.GeminiClient getResponse
INFO: [GeminiClient] Waiting for semaphore. In queue: 1 | Active calls: 13 | Available permits: 67
May 06, 2026 2:48:05 PM arch.GeminiClient getResponse
INFO: [GeminiClient] Got response. Active calls: 13
May 06, 2026 2:48:05 PM arch.GeminiClient getResponse
INFO: [GeminiClient] Waiting for semaphore. In queue: 1 | Active calls: 13 | Available permits: 67
May 06, 2026 2:48:05 PM arch.GeminiClient getResponse
INFO: [GeminiClient] Acquired semaphore. Active calls: 14
May 06, 2026 2:48:05 PM arch.GeminiClient getResponse
INFO: [GeminiClient] Waiting for semaphore. In queue: 2 | Active calls: 14 | Available permits: 66
May 06, 2026 2:48:05 PM arch.GeminiClient getResponse
INFO: [GeminiClient] Acquired semaphore. Active calls: 15
May 06, 2026 2:48:05 PM arch.GeminiClient getResponse
INFO: [GeminiClient] Waiting for semaphore. In queue: 2 | Active calls: 15 | Available permits: 65
May 06, 2026 2:48:05 PM arch.GeminiClient getResponse
INFO: [GeminiClient] Acquired semaphore. Active calls: 16
May 06, 2026 2:48:05 PM arch.GeminiClient getResponse
INFO: [GeminiClient] Acquired semaphore. Active calls: 14
May 06, 2026 2:48:05 PM arch.GeminiClient getResponse
INFO: [GeminiClient] Waiting for semaphore. In queue: 2 | Active calls: 16 | Available permits: 64
May 06, 2026 2:48:05 PM arch.GeminiClient getResponse
INFO: [GeminiClient] Acquired semaphore. Active calls: 17
May 06, 2026 2:48:05 PM arch.GeminiClient getResponse
INFO: [GeminiClient] Waiting for semaphore. In queue: 2 | Active calls: 17 | Available permits: 63
May 06, 2026 2:48:05 PM arch.GeminiClient getResponse
INFO: [GeminiClient] Acquired semaphore. Active calls: 18
May 06, 2026 2:48:06 PM arch.GeminiClient getResponse
INFO: [GeminiClient] Got response. Active calls: 15
May 06, 2026 2:48:05 PM arch.GeminiClient getResponse
INFO: [GeminiClient] Waiting for semaphore. In queue: 2 | Active calls: 13 | Available permits: 67
May 06, 2026 2:48:06 PM arch.GeminiClient getResponse
INFO: [GeminiClient] Acquired semaphore. Active calls: 16
May 06, 2026 2:48:06 PM arch.GeminiClient getResponse
INFO: [GeminiClient] Waiting for semaphore. In queue: 1 | Active calls: 16 | Available permits: 62
May 06, 2026 2:48:06 PM arch.GeminiClient getResponse
INFO: [GeminiClient] Acquired semaphore. Active calls: 17
May 06, 2026 2:48:06 PM arch.GeminiClient getResponse
INFO: [GeminiClient] Waiting for semaphore. In queue: 1 | Active calls: 17 | Available permits: 61
May 06, 2026 2:48:06 PM arch.GeminiClient getResponse
INFO: [GeminiClient] Acquired semaphore. Active calls: 18
May 06, 2026 2:48:06 PM arch.GeminiClient getResponse
INFO: [GeminiClient] Got response. Active calls: 17
May 06, 2026 2:48:06 PM arch.GeminiClient getResponse
INFO: [GeminiClient] Got response. Active calls: 16
May 06, 2026 2:48:06 PM arch.GeminiClient getResponse
INFO: [GeminiClient] Waiting for semaphore. In queue: 1 | Active calls: 18 | Available permits: 62
May 06, 2026 2:48:06 PM arch.GeminiClient getResponse
INFO: [GeminiClient] Waiting for semaphore. In queue: 1 | Active calls: 19 | Available permits: 61
May 06, 2026 2:48:06 PM arch.GeminiClient getResponse
INFO: [GeminiClient] Acquired semaphore. Active calls: 20
May 06, 2026 2:48:07 PM arch.GeminiClient getResponse
INFO: [GeminiClient] Got response. Active calls: 19
May 06, 2026 2:48:07 PM arch.GeminiClient getResponse
INFO: [GeminiClient] Got response. Active calls: 18
May 06, 2026 2:48:07 PM arch.GeminiClient getResponse
INFO: [GeminiClient] Got response. Active calls: 17
May 06, 2026 2:48:06 PM arch.GeminiClient getResponse
INFO: [GeminiClient] Acquired semaphore. Active calls: 19
May 06, 2026 2:48:07 PM arch.GeminiClient getResponse
INFO: [GeminiClient] Got response. Active calls: 15
May 06, 2026 2:48:08 PM arch.GeminiClient getResponse
INFO: [GeminiClient] Waiting for semaphore. In queue: 1 | Active calls: 14 | Available permits: 64
May 06, 2026 2:48:08 PM arch.GeminiClient getResponse
INFO: [GeminiClient] Acquired semaphore. Active calls: 15
May 06, 2026 2:48:08 PM arch.GeminiClient getResponse
INFO: [GeminiClient] Waiting for semaphore. In queue: 1 | Active calls: 15 | Available permits: 63
May 06, 2026 2:48:08 PM arch.GeminiClient getResponse
INFO: [GeminiClient] Acquired semaphore. Active calls: 16
May 06, 2026 2:48:07 PM arch.GeminiClient getResponse
INFO: [GeminiClient] Got response. Active calls: 16
May 06, 2026 2:48:08 PM arch.GeminiClient getResponse
INFO: [GeminiClient] Waiting for semaphore. In queue: 1 | Active calls: 16 | Available permits: 63
May 06, 2026 2:48:08 PM arch.GeminiClient getResponse
INFO: [GeminiClient] Acquired semaphore. Active calls: 17
May 06, 2026 2:48:08 PM arch.GeminiClient getResponse
INFO: [GeminiClient] Waiting for semaphore. In queue: 1 | Active calls: 17 | Available permits: 62
May 06, 2026 2:48:08 PM arch.GeminiClient getResponse
INFO: [GeminiClient] Acquired semaphore. Active calls: 18
May 06, 2026 2:48:07 PM arch.GeminiClient getResponse
INFO: [GeminiClient] Got response. Active calls: 14
May 06, 2026 2:48:08 PM arch.GeminiClient getResponse
INFO: [GeminiClient] Waiting for semaphore. In queue: 1 | Active calls: 18 | Available permits: 62
May 06, 2026 2:48:08 PM arch.GeminiClient getResponse
INFO: [GeminiClient] Acquired semaphore. Active calls: 19
May 06, 2026 2:48:08 PM arch.GeminiClient getResponse
INFO: [GeminiClient] Got response. Active calls: 18
May 06, 2026 2:48:08 PM arch.GeminiClient getResponse
INFO: [GeminiClient] Waiting for semaphore. In queue: 1 | Active calls: 18 | Available permits: 62
May 06, 2026 2:48:08 PM arch.GeminiClient getResponse
INFO: [GeminiClient] Acquired semaphore. Active calls: 19
May 06, 2026 2:48:09 PM arch.GeminiClient getResponse
INFO: [GeminiClient] Waiting for semaphore. In queue: 1 | Active calls: 18 | Available permits: 61
May 06, 2026 2:48:09 PM arch.GeminiClient getResponse
INFO: [GeminiClient] Acquired semaphore. Active calls: 19
May 06, 2026 2:48:09 PM arch.GeminiClient getResponse
INFO: [GeminiClient] Got response. Active calls: 18
May 06, 2026 2:48:09 PM arch.GeminiClient getResponse
INFO: [GeminiClient] Waiting for semaphore. In queue: 1 | Active calls: 18 | Available permits: 61
May 06, 2026 2:48:09 PM arch.GeminiClient getResponse
INFO: [GeminiClient] Acquired semaphore. Active calls: 18
May 06, 2026 2:48:09 PM arch.GeminiClient getResponse
INFO: [GeminiClient] Waiting for semaphore. In queue: 1 | Active calls: 18 | Available permits: 60
May 06, 2026 2:48:09 PM arch.GeminiClient getResponse
INFO: [GeminiClient] Acquired semaphore. Active calls: 19
May 06, 2026 2:48:09 PM arch.GeminiClient getResponse
INFO: [GeminiClient] Got response. Active calls: 18
May 06, 2026 2:48:09 PM arch.GeminiClient getResponse
INFO: [GeminiClient] Got response. Active calls: 18
May 06, 2026 2:48:09 PM arch.GeminiClient getResponse
INFO: [GeminiClient] Got response. Active calls: 17
May 06, 2026 2:48:09 PM arch.GeminiClient getResponse
INFO: [GeminiClient] Got response. Active calls: 17
May 06, 2026 2:48:10 PM arch.GeminiClient getResponse
INFO: [GeminiClient] Waiting for semaphore. In queue: 1 | Active calls: 17 | Available permits: 63
May 06, 2026 2:48:10 PM arch.GeminiClient getResponse
INFO: [GeminiClient] Acquired semaphore. Active calls: 18
May 06, 2026 2:48:10 PM arch.GeminiClient getResponse
INFO: [GeminiClient] Waiting for semaphore. In queue: 1 | Active calls: 18 | Available permits: 62
May 06, 2026 2:48:10 PM arch.GeminiClient getResponse
INFO: [GeminiClient] Acquired semaphore. Active calls: 19
May 06, 2026 2:48:10 PM arch.GeminiClient getResponse
INFO: [GeminiClient] Got response. Active calls: 18
May 06, 2026 2:48:10 PM arch.GeminiClient getResponse
INFO: [GeminiClient] Got response. Active calls: 17
May 06, 2026 2:48:10 PM arch.GeminiClient getResponse
INFO: [GeminiClient] Waiting for semaphore. In queue: 1 | Active calls: 17 | Available permits: 63
May 06, 2026 2:48:10 PM arch.GeminiClient getResponse
INFO: [GeminiClient] Acquired semaphore. Active calls: 18
May 06, 2026 2:48:10 PM arch.GeminiClient getResponse
INFO: [GeminiClient] Waiting for semaphore. In queue: 1 | Active calls: 18 | Available permits: 62
May 06, 2026 2:48:10 PM arch.GeminiClient getResponse
INFO: [GeminiClient] Acquired semaphore. Active calls: 19
May 06, 2026 2:48:11 PM arch.GeminiClient getResponse
INFO: [GeminiClient] Waiting for semaphore. In queue: 1 | Active calls: 19 | Available permits: 61
May 06, 2026 2:48:11 PM arch.GeminiClient getResponse
INFO: [GeminiClient] Acquired semaphore. Active calls: 20
May 06, 2026 2:48:11 PM arch.GeminiClient getResponse
INFO: [GeminiClient] Waiting for semaphore. In queue: 1 | Active calls: 20 | Available permits: 60
May 06, 2026 2:48:11 PM arch.GeminiClient getResponse
INFO: [GeminiClient] Acquired semaphore. Active calls: 21
May 06, 2026 2:48:11 PM arch.GeminiClient getResponse
INFO: [GeminiClient] Waiting for semaphore. In queue: 1 | Active calls: 21 | Available permits: 59
May 06, 2026 2:48:11 PM arch.GeminiClient getResponse
INFO: [GeminiClient] Acquired semaphore. Active calls: 22
May 06, 2026 2:48:11 PM arch.GeminiClient getResponse
INFO: [GeminiClient] Got response. Active calls: 21
May 06, 2026 2:48:11 PM arch.GeminiClient getResponse
INFO: [GeminiClient] Got response. Active calls: 20
May 06, 2026 2:48:11 PM arch.GeminiClient getResponse
INFO: [GeminiClient] Got response. Active calls: 19
May 06, 2026 2:48:12 PM arch.GeminiClient getResponse
INFO: [GeminiClient] Got response. Active calls: 18
May 06, 2026 2:48:12 PM arch.GeminiClient getResponse
INFO: [GeminiClient] Waiting for semaphore. In queue: 1 | Active calls: 18 | Available permits: 62
May 06, 2026 2:48:12 PM arch.GeminiClient getResponse
INFO: [GeminiClient] Acquired semaphore. Active calls: 19
May 06, 2026 2:48:12 PM arch.GeminiClient getResponse
INFO: [GeminiClient] Waiting for semaphore. In queue: 1 | Active calls: 19 | Available permits: 61
May 06, 2026 2:48:12 PM arch.GeminiClient getResponse
INFO: [GeminiClient] Waiting for semaphore. In queue: 1 | Active calls: 20 | Available permits: 60
May 06, 2026 2:48:12 PM arch.GeminiClient getResponse
INFO: [GeminiClient] Acquired semaphore. Active calls: 21
May 06, 2026 2:48:12 PM arch.GeminiClient getResponse
INFO: [GeminiClient] Got response. Active calls: 20
May 06, 2026 2:48:12 PM arch.GeminiClient getResponse
INFO: [GeminiClient] Acquired semaphore. Active calls: 20
May 06, 2026 2:48:13 PM arch.GeminiClient getResponse
INFO: [GeminiClient] Waiting for semaphore. In queue: 1 | Active calls: 20 | Available permits: 60
May 06, 2026 2:48:13 PM arch.GeminiClient getResponse
INFO: [GeminiClient] Acquired semaphore. Active calls: 21
May 06, 2026 2:48:13 PM arch.GeminiClient getResponse
INFO: [GeminiClient] Got response. Active calls: 20
May 06, 2026 2:48:14 PM arch.GeminiClient getResponse
INFO: [GeminiClient] Waiting for semaphore. In queue: 1 | Active calls: 20 | Available permits: 60
May 06, 2026 2:48:14 PM arch.GeminiClient getResponse
INFO: [GeminiClient] Acquired semaphore. Active calls: 21
May 06, 2026 2:48:14 PM arch.GeminiClient getResponse
INFO: [GeminiClient] Got response. Active calls: 20
May 06, 2026 2:48:14 PM arch.GeminiClient getResponse
INFO: [GeminiClient] Got response. Active calls: 19
May 06, 2026 2:48:14 PM arch.GeminiClient getResponse
INFO: [GeminiClient] Waiting for semaphore. In queue: 1 | Active calls: 19 | Available permits: 61
May 06, 2026 2:48:14 PM arch.GeminiClient getResponse
INFO: [GeminiClient] Acquired semaphore. Active calls: 20
May 06, 2026 2:48:14 PM arch.GeminiClient getResponse
INFO: [GeminiClient] Waiting for semaphore. In queue: 1 | Active calls: 20 | Available permits: 60
May 06, 2026 2:48:14 PM arch.GeminiClient getResponse
INFO: [GeminiClient] Acquired semaphore. Active calls: 21
May 06, 2026 2:48:15 PM arch.GeminiClient getResponse
INFO: [GeminiClient] Waiting for semaphore. In queue: 1 | Active calls: 21 | Available permits: 59
May 06, 2026 2:48:15 PM arch.GeminiClient getResponse
INFO: [GeminiClient] Acquired semaphore. Active calls: 22
May 06, 2026 2:48:15 PM arch.GeminiClient getResponse
INFO: [GeminiClient] Got response. Active calls: 21
May 06, 2026 2:48:15 PM arch.GeminiClient getResponse
INFO: [GeminiClient] Waiting for semaphore. In queue: 1 | Active calls: 20 | Available permits: 59
May 06, 2026 2:48:15 PM arch.GeminiClient getResponse
INFO: [GeminiClient] Acquired semaphore. Active calls: 21
May 06, 2026 2:48:15 PM arch.GeminiClient getResponse
INFO: [GeminiClient] Got response. Active calls: 20
May 06, 2026 2:48:16 PM arch.GeminiClient getResponse
INFO: [GeminiClient] Waiting for semaphore. In queue: 1 | Active calls: 20 | Available permits: 59
May 06, 2026 2:48:16 PM arch.GeminiClient getResponse
INFO: [GeminiClient] Acquired semaphore. Active calls: 20
May 06, 2026 2:48:16 PM arch.GeminiClient getResponse
INFO: [GeminiClient] Got response. Active calls: 19
May 06, 2026 2:48:15 PM arch.GeminiClient getResponse
INFO: [GeminiClient] Got response. Active calls: 20
May 06, 2026 2:48:16 PM arch.GeminiClient getResponse
INFO: [GeminiClient] Got response. Active calls: 18
May 06, 2026 2:48:16 PM arch.GeminiClient getResponse
INFO: [GeminiClient] Waiting for semaphore. In queue: 1 | Active calls: 18 | Available permits: 61
May 06, 2026 2:48:16 PM arch.GeminiClient getResponse
INFO: [GeminiClient] Acquired semaphore. Active calls: 19
May 06, 2026 2:48:16 PM arch.GeminiClient getResponse
INFO: [GeminiClient] Waiting for semaphore. In queue: 1 | Active calls: 19 | Available permits: 60
May 06, 2026 2:48:16 PM arch.GeminiClient getResponse
INFO: [GeminiClient] Got response. Active calls: 19
May 06, 2026 2:48:16 PM arch.GeminiClient getResponse
INFO: [GeminiClient] Got response. Active calls: 19
May 06, 2026 2:48:16 PM arch.GeminiClient getResponse
INFO: [GeminiClient] Waiting for semaphore. In queue: 1 | Active calls: 19 | Available permits: 61
May 06, 2026 2:48:16 PM arch.GeminiClient getResponse
INFO: [GeminiClient] Acquired semaphore. Active calls: 20
May 06, 2026 2:48:16 PM arch.GeminiClient getResponse
INFO: [GeminiClient] Acquired semaphore. Active calls: 20
May 06, 2026 2:48:16 PM arch.GeminiClient getResponse
INFO: [GeminiClient] Got response. Active calls: 19
May 06, 2026 2:48:17 PM arch.GeminiClient getResponse
INFO: [GeminiClient] Waiting for semaphore. In queue: 1 | Active calls: 19 | Available permits: 61
May 06, 2026 2:48:17 PM arch.GeminiClient getResponse
INFO: [GeminiClient] Acquired semaphore. Active calls: 20
May 06, 2026 2:48:17 PM arch.GeminiClient getResponse
INFO: [GeminiClient] Waiting for semaphore. In queue: 1 | Active calls: 20 | Available permits: 60
May 06, 2026 2:48:17 PM arch.GeminiClient getResponse
INFO: [GeminiClient] Acquired semaphore. Active calls: 21
May 06, 2026 2:48:17 PM arch.GeminiClient getResponse
INFO: [GeminiClient] Got response. Active calls: 20
May 06, 2026 2:48:17 PM arch.GeminiClient getResponse
INFO: [GeminiClient] Got response. Active calls: 19
May 06, 2026 2:48:17 PM arch.GeminiClient getResponse
INFO: [GeminiClient] Got response. Active calls: 18
May 06, 2026 2:48:18 PM arch.GeminiClient getResponse
INFO: [GeminiClient] Waiting for semaphore. In queue: 1 | Active calls: 18 | Available permits: 62
May 06, 2026 2:48:18 PM arch.GeminiClient getResponse
INFO: [GeminiClient] Acquired semaphore. Active calls: 19
May 06, 2026 2:48:18 PM arch.GeminiClient getResponse
INFO: [GeminiClient] Waiting for semaphore. In queue: 1 | Active calls: 19 | Available permits: 61
May 06, 2026 2:48:18 PM arch.GeminiClient getResponse
INFO: [GeminiClient] Acquired semaphore. Active calls: 20
May 06, 2026 2:48:19 PM arch.GeminiClient getResponse
INFO: [GeminiClient] Got response. Active calls: 19
May 06, 2026 2:48:19 PM arch.GeminiClient getResponse
INFO: [GeminiClient] Got response. Active calls: 18
May 06, 2026 2:48:19 PM arch.GeminiClient getResponse
INFO: [GeminiClient] Waiting for semaphore. In queue: 1 | Active calls: 17 | Available permits: 62
May 06, 2026 2:48:19 PM arch.GeminiClient getResponse
INFO: [GeminiClient] Acquired semaphore. Active calls: 18
May 06, 2026 2:48:19 PM arch.GeminiClient getResponse
INFO: [GeminiClient] Got response. Active calls: 17
May 06, 2026 2:48:20 PM arch.GeminiClient getResponse
INFO: [GeminiClient] Waiting for semaphore. In queue: 1 | Active calls: 18 | Available permits: 62
May 06, 2026 2:48:20 PM arch.GeminiClient getResponse
INFO: [GeminiClient] Got response. Active calls: 18
May 06, 2026 2:48:20 PM arch.GeminiClient getResponse
INFO: [GeminiClient] Got response. Active calls: 17
May 06, 2026 2:48:20 PM arch.GeminiClient getResponse
INFO: [GeminiClient] Waiting for semaphore. In queue: 1 | Active calls: 17 | Available permits: 63
May 06, 2026 2:48:20 PM arch.GeminiClient getResponse
INFO: [GeminiClient] Acquired semaphore. Active calls: 18
May 06, 2026 2:48:20 PM arch.GeminiClient getResponse
INFO: [GeminiClient] Acquired semaphore. Active calls: 19
May 06, 2026 2:48:21 PM arch.GeminiClient getResponse
INFO: [GeminiClient] Got response. Active calls: 17
May 06, 2026 2:48:21 PM arch.GeminiClient getResponse
INFO: [GeminiClient] Waiting for semaphore. In queue: 1 | Active calls: 17 | Available permits: 63
May 06, 2026 2:48:21 PM arch.GeminiClient getResponse
INFO: [GeminiClient] Got response. Active calls: 16
May 06, 2026 2:48:21 PM arch.GeminiClient getResponse
INFO: [GeminiClient] Waiting for semaphore. In queue: 1 | Active calls: 16 | Available permits: 63
May 06, 2026 2:48:21 PM arch.GeminiClient getResponse
INFO: [GeminiClient] Acquired semaphore. Active calls: 17
May 06, 2026 2:48:21 PM arch.GeminiClient getResponse
INFO: [GeminiClient] Waiting for semaphore. In queue: 1 | Active calls: 17 | Available permits: 62
May 06, 2026 2:48:21 PM arch.GeminiClient getResponse
INFO: [GeminiClient] Acquired semaphore. Active calls: 18
May 06, 2026 2:48:21 PM arch.GeminiClient getResponse
INFO: [GeminiClient] Got response. Active calls: 17
May 06, 2026 2:48:21 PM arch.GeminiClient getResponse
INFO: [GeminiClient] Got response. Active calls: 16
May 06, 2026 2:48:21 PM arch.GeminiClient getResponse
INFO: [GeminiClient] Acquired semaphore. Active calls: 17
May 06, 2026 2:48:22 PM arch.GeminiClient getResponse
INFO: [GeminiClient] Waiting for semaphore. In queue: 1 | Active calls: 17 | Available permits: 63
May 06, 2026 2:48:22 PM arch.GeminiClient getResponse
INFO: [GeminiClient] Got response. Active calls: 16
May 06, 2026 2:48:22 PM arch.GeminiClient getResponse
INFO: [GeminiClient] Got response. Active calls: 15
May 06, 2026 2:48:23 PM arch.GeminiClient getResponse
INFO: [GeminiClient] Waiting for semaphore. In queue: 1 | Active calls: 15 | Available permits: 64
May 06, 2026 2:48:23 PM arch.GeminiClient getResponse
INFO: [GeminiClient] Acquired semaphore. Active calls: 16
May 06, 2026 2:48:22 PM arch.GeminiClient getResponse
INFO: [GeminiClient] Acquired semaphore. Active calls: 18
May 06, 2026 2:48:22 PM arch.GeminiClient getResponse
INFO: [GeminiClient] Got response. Active calls: 17
May 06, 2026 2:48:23 PM arch.GeminiClient getResponse
INFO: [GeminiClient] Waiting for semaphore. In queue: 1 | Active calls: 16 | Available permits: 64
May 06, 2026 2:48:23 PM arch.GeminiClient getResponse
INFO: [GeminiClient] Acquired semaphore. Active calls: 17
May 06, 2026 2:48:23 PM arch.GeminiClient getResponse
INFO: [GeminiClient] Got response. Active calls: 16
May 06, 2026 2:48:23 PM arch.GeminiClient getResponse
INFO: [GeminiClient] Waiting for semaphore. In queue: 1 | Active calls: 15 | Available permits: 64
May 06, 2026 2:48:23 PM arch.GeminiClient getResponse
INFO: [GeminiClient] Acquired semaphore. Active calls: 16
May 06, 2026 2:48:23 PM arch.GeminiClient getResponse
INFO: [GeminiClient] Waiting for semaphore. In queue: 1 | Active calls: 15 | Available permits: 63
May 06, 2026 2:48:23 PM arch.GeminiClient getResponse
INFO: [GeminiClient] Acquired semaphore. Active calls: 16
May 06, 2026 2:48:23 PM arch.GeminiClient getResponse
INFO: [GeminiClient] Waiting for semaphore. In queue: 1 | Active calls: 16 | Available permits: 62
May 06, 2026 2:48:23 PM arch.GeminiClient getResponse
INFO: [GeminiClient] Acquired semaphore. Active calls: 17
May 06, 2026 2:48:23 PM arch.GeminiClient getResponse
INFO: [GeminiClient] Got response. Active calls: 15
May 06, 2026 2:48:23 PM arch.GeminiClient getResponse
INFO: [GeminiClient] Waiting for semaphore. In queue: 1 | Active calls: 17 | Available permits: 62
May 06, 2026 2:48:23 PM arch.GeminiClient getResponse
INFO: [GeminiClient] Acquired semaphore. Active calls: 18
May 06, 2026 2:48:23 PM arch.GeminiClient getResponse
INFO: [GeminiClient] Got response. Active calls: 15
May 06, 2026 2:48:23 PM arch.GeminiClient getResponse
INFO: [GeminiClient] Got response. Active calls: 17
May 06, 2026 2:48:24 PM arch.GeminiClient getResponse
INFO: [GeminiClient] Got response. Active calls: 16
May 06, 2026 2:48:24 PM arch.GeminiClient getResponse
INFO: [GeminiClient] Waiting for semaphore. In queue: 1 | Active calls: 16 | Available permits: 64
May 06, 2026 2:48:24 PM arch.GeminiClient getResponse
INFO: [GeminiClient] Acquired semaphore. Active calls: 17
May 06, 2026 2:48:24 PM arch.GeminiClient getResponse
INFO: [GeminiClient] Got response. Active calls: 16
May 06, 2026 2:48:24 PM arch.GeminiClient getResponse
INFO: [GeminiClient] Waiting for semaphore. In queue: 1 | Active calls: 16 | Available permits: 64
May 06, 2026 2:48:24 PM arch.GeminiClient getResponse
INFO: [GeminiClient] Got response. Active calls: 16
May 06, 2026 2:48:25 PM arch.GeminiClient getResponse
INFO: [GeminiClient] Got response. Active calls: 13
May 06, 2026 2:48:25 PM arch.GeminiClient getResponse
INFO: [GeminiClient] Got response. Active calls: 12
May 06, 2026 2:48:25 PM arch.GeminiClient getResponse
INFO: [GeminiClient] Waiting for semaphore. In queue: 1 | Active calls: 12 | Available permits: 66
May 06, 2026 2:48:25 PM arch.GeminiClient getResponse
INFO: [GeminiClient] Acquired semaphore. Active calls: 13
May 06, 2026 2:48:24 PM arch.GeminiClient getResponse
INFO: [GeminiClient] Acquired semaphore. Active calls: 17
May 06, 2026 2:48:25 PM arch.GeminiClient getResponse
INFO: [GeminiClient] Waiting for semaphore. In queue: 1 | Active calls: 13 | Available permits: 65
May 06, 2026 2:48:25 PM arch.GeminiClient getResponse
INFO: [GeminiClient] Acquired semaphore. Active calls: 14
May 06, 2026 2:48:24 PM arch.GeminiClient getResponse
INFO: [GeminiClient] Got response. Active calls: 15
May 06, 2026 2:48:25 PM arch.GeminiClient getResponse
INFO: [GeminiClient] Got response. Active calls: 14
May 06, 2026 2:48:26 PM arch.GeminiClient getResponse
INFO: [GeminiClient] Got response. Active calls: 13
May 06, 2026 2:48:26 PM arch.GeminiClient getResponse
INFO: [GeminiClient] Waiting for semaphore. In queue: 1 | Active calls: 13 | Available permits: 67
May 06, 2026 2:48:26 PM arch.GeminiClient getResponse
INFO: [GeminiClient] Acquired semaphore. Active calls: 14
May 06, 2026 2:48:26 PM arch.GeminiClient getResponse
INFO: [GeminiClient] Waiting for semaphore. In queue: 1 | Active calls: 14 | Available permits: 66
May 06, 2026 2:48:26 PM arch.GeminiClient getResponse
INFO: [GeminiClient] Got response. Active calls: 14
May 06, 2026 2:48:26 PM arch.GeminiClient getResponse
INFO: [GeminiClient] Got response. Active calls: 13
May 06, 2026 2:48:27 PM arch.GeminiClient getResponse
INFO: [GeminiClient] Waiting for semaphore. In queue: 1 | Active calls: 13 | Available permits: 67
May 06, 2026 2:48:27 PM arch.GeminiClient getResponse
INFO: [GeminiClient] Acquired semaphore. Active calls: 14
May 06, 2026 2:48:27 PM arch.GeminiClient getResponse
INFO: [GeminiClient] Waiting for semaphore. In queue: 1 | Active calls: 14 | Available permits: 66
May 06, 2026 2:48:27 PM arch.GeminiClient getResponse
INFO: [GeminiClient] Acquired semaphore. Active calls: 15
May 06, 2026 2:48:27 PM arch.GeminiClient getResponse
INFO: [GeminiClient] Waiting for semaphore. In queue: 1 | Active calls: 15 | Available permits: 65
May 06, 2026 2:48:27 PM arch.GeminiClient getResponse
INFO: [GeminiClient] Acquired semaphore. Active calls: 16
May 06, 2026 2:48:26 PM arch.GeminiClient getResponse
INFO: [GeminiClient] Acquired semaphore. Active calls: 15
May 06, 2026 2:48:27 PM arch.GeminiClient getResponse
INFO: [GeminiClient] Got response. Active calls: 15
May 06, 2026 2:48:28 PM arch.GeminiClient getResponse
INFO: [GeminiClient] Waiting for semaphore. In queue: 1 | Active calls: 15 | Available permits: 65
May 06, 2026 2:48:28 PM arch.GeminiClient getResponse
INFO: [GeminiClient] Acquired semaphore. Active calls: 16
May 06, 2026 2:48:28 PM arch.GeminiClient getResponse
INFO: [GeminiClient] Got response. Active calls: 15
May 06, 2026 2:48:28 PM arch.GeminiClient getResponse
INFO: [GeminiClient] Got response. Active calls: 14
May 06, 2026 2:48:29 PM arch.GeminiClient getResponse
INFO: [GeminiClient] Waiting for semaphore. In queue: 1 | Active calls: 14 | Available permits: 66
May 06, 2026 2:48:29 PM arch.GeminiClient getResponse
INFO: [GeminiClient] Acquired semaphore. Active calls: 15
May 06, 2026 2:48:29 PM arch.GeminiClient getResponse
INFO: [GeminiClient] Got response. Active calls: 14
May 06, 2026 2:48:29 PM arch.GeminiClient lambda$static$1
INFO: [WATCHDOG] permits=66 activeGemini=14 waitingForSemaphore=0 executorQueueSize=0 executorActiveThreads=14
May 06, 2026 2:48:29 PM arch.GeminiClient getResponse
INFO: [GeminiClient] Got response. Active calls: 13
May 06, 2026 2:48:29 PM arch.GeminiClient getResponse
INFO: [GeminiClient] Waiting for semaphore. In queue: 1 | Active calls: 12 | Available permits: 67
May 06, 2026 2:48:29 PM arch.GeminiClient getResponse
INFO: [GeminiClient] Acquired semaphore. Active calls: 13
May 06, 2026 2:48:30 PM arch.GeminiClient getResponse
INFO: [GeminiClient] Waiting for semaphore. In queue: 1 | Active calls: 13 | Available permits: 66
May 06, 2026 2:48:30 PM arch.GeminiClient getResponse
INFO: [GeminiClient] Acquired semaphore. Active calls: 14
May 06, 2026 2:48:30 PM arch.GeminiClient getResponse
INFO: [GeminiClient] Waiting for semaphore. In queue: 1 | Active calls: 14 | Available permits: 65
May 06, 2026 2:48:30 PM arch.GeminiClient getResponse
INFO: [GeminiClient] Acquired semaphore. Active calls: 15
May 06, 2026 2:48:29 PM arch.GeminiClient getResponse
INFO: [GeminiClient] Got response. Active calls: 12
May 06, 2026 2:48:30 PM arch.GeminiClient getResponse
INFO: [GeminiClient] Got response. Active calls: 14
May 06, 2026 2:48:30 PM arch.GeminiClient getResponse
INFO: [GeminiClient] Got response. Active calls: 13
May 06, 2026 2:48:31 PM arch.GeminiClient getResponse
INFO: [GeminiClient] Waiting for semaphore. In queue: 1 | Active calls: 13 | Available permits: 67
May 06, 2026 2:48:31 PM arch.GeminiClient getResponse
INFO: [GeminiClient] Waiting for semaphore. In queue: 1 | Active calls: 14 | Available permits: 66
May 06, 2026 2:48:31 PM arch.GeminiClient getResponse
INFO: [GeminiClient] Acquired semaphore. Active calls: 14
May 06, 2026 2:48:32 PM arch.GeminiClient getResponse
INFO: [GeminiClient] Got response. Active calls: 13
May 06, 2026 2:48:31 PM arch.GeminiClient getResponse
INFO: [GeminiClient] Acquired semaphore. Active calls: 14
May 06, 2026 2:48:32 PM arch.GeminiClient getResponse
INFO: [GeminiClient] Waiting for semaphore. In queue: 1 | Active calls: 13 | Available permits: 66
May 06, 2026 2:48:32 PM arch.GeminiClient getResponse
INFO: [GeminiClient] Acquired semaphore. Active calls: 14
May 06, 2026 2:48:32 PM arch.GeminiClient getResponse
INFO: [GeminiClient] Waiting for semaphore. In queue: 1 | Active calls: 14 | Available permits: 65
May 06, 2026 2:48:32 PM arch.GeminiClient getResponse
INFO: [GeminiClient] Acquired semaphore. Active calls: 15
May 06, 2026 2:48:31 PM arch.GeminiClient getResponse
INFO: [GeminiClient] Got response. Active calls: 13
May 06, 2026 2:48:32 PM arch.GeminiClient getResponse
INFO: [GeminiClient] Waiting for semaphore. In queue: 1 | Active calls: 15 | Available permits: 65
May 06, 2026 2:48:32 PM arch.GeminiClient getResponse
INFO: [GeminiClient] Acquired semaphore. Active calls: 16
May 06, 2026 2:48:33 PM arch.GeminiClient getResponse
INFO: [GeminiClient] Waiting for semaphore. In queue: 1 | Active calls: 16 | Available permits: 64
May 06, 2026 2:48:33 PM arch.GeminiClient getResponse
INFO: [GeminiClient] Acquired semaphore. Active calls: 17
May 06, 2026 2:48:33 PM arch.GeminiClient getResponse
INFO: [GeminiClient] Got response. Active calls: 16
May 06, 2026 2:48:33 PM arch.GeminiClient getResponse
INFO: [GeminiClient] Waiting for semaphore. In queue: 1 | Active calls: 16 | Available permits: 64
May 06, 2026 2:48:33 PM arch.GeminiClient getResponse
INFO: [GeminiClient] Acquired semaphore. Active calls: 17
May 06, 2026 2:48:34 PM arch.GeminiClient getResponse
INFO: [GeminiClient] Waiting for semaphore. In queue: 1 | Active calls: 17 | Available permits: 63
May 06, 2026 2:48:34 PM arch.GeminiClient getResponse
INFO: [GeminiClient] Acquired semaphore. Active calls: 18
May 06, 2026 2:48:34 PM arch.GeminiClient getResponse
INFO: [GeminiClient] Got response. Active calls: 17
May 06, 2026 2:48:35 PM arch.GeminiClient getResponse
INFO: [GeminiClient] Got response. Active calls: 16
May 06, 2026 2:48:35 PM arch.GeminiClient getResponse
INFO: [GeminiClient] Waiting for semaphore. In queue: 1 | Active calls: 16 | Available permits: 64
May 06, 2026 2:48:35 PM arch.GeminiClient getResponse
INFO: [GeminiClient] Got response. Active calls: 16
May 06, 2026 2:48:35 PM arch.GeminiClient getResponse
INFO: [GeminiClient] Waiting for semaphore. In queue: 1 | Active calls: 16 | Available permits: 64
May 06, 2026 2:48:35 PM arch.GeminiClient getResponse
INFO: [GeminiClient] Acquired semaphore. Active calls: 17
May 06, 2026 2:48:36 PM arch.GeminiClient getResponse
INFO: [GeminiClient] Got response. Active calls: 16
May 06, 2026 2:48:36 PM arch.GeminiClient getResponse
INFO: [GeminiClient] Waiting for semaphore. In queue: 1 | Active calls: 16 | Available permits: 64
May 06, 2026 2:48:35 PM arch.GeminiClient getResponse
INFO: [GeminiClient] Acquired semaphore. Active calls: 17
May 06, 2026 2:48:36 PM arch.GeminiClient getResponse
INFO: [GeminiClient] Got response. Active calls: 16
May 06, 2026 2:48:36 PM arch.GeminiClient getResponse
INFO: [GeminiClient] Waiting for semaphore. In queue: 1 | Active calls: 16 | Available permits: 64
May 06, 2026 2:48:36 PM arch.GeminiClient getResponse
INFO: [GeminiClient] Acquired semaphore. Active calls: 16
May 06, 2026 2:48:37 PM arch.GeminiClient getResponse
WARNING: [GeminiClient] TIMEOUT. Active: 15
May 06, 2026 2:48:37 PM arch.GeminiClient getResponse
INFO: [GeminiClient] Waiting for semaphore. In queue: 1 | Active calls: 15 | Available permits: 64
May 06, 2026 2:48:37 PM arch.GeminiClient getResponse
INFO: [GeminiClient] Acquired semaphore. Active calls: 16
May 06, 2026 2:48:36 PM arch.GeminiClient getResponse
INFO: [GeminiClient] Acquired semaphore. Active calls: 17
May 06, 2026 2:48:37 PM arch.GeminiClient getResponse
INFO: [GeminiClient] Got response. Active calls: 15
May 06, 2026 2:48:37 PM arch.GeminiClient getResponse
INFO: [GeminiClient] Waiting for semaphore. In queue: 1 | Active calls: 15 | Available permits: 64
May 06, 2026 2:48:37 PM arch.GeminiClient getResponse
INFO: [GeminiClient] Acquired semaphore. Active calls: 16
May 06, 2026 2:48:37 PM arch.GeminiClient getResponse
INFO: [GeminiClient] Got response. Active calls: 15
May 06, 2026 2:48:37 PM arch.GeminiClient getResponse
INFO: [GeminiClient] Waiting for semaphore. In queue: 1 | Active calls: 14 | Available permits: 64
May 06, 2026 2:48:37 PM arch.GeminiClient getResponse
INFO: [GeminiClient] Acquired semaphore. Active calls: 15
May 06, 2026 2:48:36 PM arch.GeminiClient getResponse
INFO: [GeminiClient] Got response. Active calls: 15
May 06, 2026 2:48:37 PM arch.GeminiClient getResponse
INFO: [GeminiClient] Waiting for semaphore. In queue: 1 | Active calls: 15 | Available permits: 64
May 06, 2026 2:48:37 PM arch.GeminiClient getResponse
INFO: [GeminiClient] Acquired semaphore. Active calls: 16
May 06, 2026 2:48:37 PM arch.GeminiClient getResponse
INFO: [GeminiClient] Got response. Active calls: 15
May 06, 2026 2:48:37 PM arch.GeminiClient getResponse
INFO: [GeminiClient] Got response. Active calls: 14
May 06, 2026 2:48:37 PM arch.GeminiClient getResponse
INFO: [GeminiClient] Got response. Active calls: 14
May 06, 2026 2:48:38 PM arch.GeminiClient getResponse
INFO: [GeminiClient] Waiting for semaphore. In queue: 1 | Active calls: 12 | Available permits: 66
May 06, 2026 2:48:38 PM arch.GeminiClient getResponse
INFO: [GeminiClient] Waiting for semaphore. In queue: 1 | Active calls: 12 | Available permits: 65
May 06, 2026 2:48:38 PM arch.GeminiClient getResponse
INFO: [GeminiClient] Acquired semaphore. Active calls: 13
May 06, 2026 2:48:38 PM arch.GeminiClient getResponse
INFO: [GeminiClient] Waiting for semaphore. In queue: 1 | Active calls: 13 | Available permits: 64
May 06, 2026 2:48:38 PM arch.GeminiClient getResponse
INFO: [GeminiClient] Got response. Active calls: 13
May 06, 2026 2:48:38 PM arch.GeminiClient getResponse
INFO: [GeminiClient] Got response. Active calls: 12
May 06, 2026 2:48:38 PM arch.GeminiClient getResponse
INFO: [GeminiClient] Waiting for semaphore. In queue: 1 | Active calls: 14 | Available permits: 65
May 06, 2026 2:48:38 PM arch.GeminiClient getResponse
INFO: [GeminiClient] Acquired semaphore. Active calls: 15
May 06, 2026 2:48:38 PM arch.GeminiClient getResponse
INFO: [GeminiClient] Got response. Active calls: 11
May 06, 2026 2:48:38 PM arch.GeminiClient getResponse
INFO: [GeminiClient] Acquired semaphore. Active calls: 12
May 06, 2026 2:48:38 PM arch.GeminiClient getResponse
INFO: [GeminiClient] Waiting for semaphore. In queue: 1 | Active calls: 15 | Available permits: 65
May 06, 2026 2:48:38 PM arch.GeminiClient getResponse
INFO: [GeminiClient] Acquired semaphore. Active calls: 16
May 06, 2026 2:48:39 PM arch.GeminiClient getResponse
INFO: [GeminiClient] Waiting for semaphore. In queue: 1 | Active calls: 16 | Available permits: 64
May 06, 2026 2:48:38 PM arch.GeminiClient getResponse
INFO: [GeminiClient] Acquired semaphore. Active calls: 14
May 06, 2026 2:48:39 PM arch.GeminiClient getResponse
INFO: [GeminiClient] Got response. Active calls: 16
May 06, 2026 2:48:39 PM arch.GeminiClient getResponse
INFO: [GeminiClient] Waiting for semaphore. In queue: 1 | Active calls: 16 | Available permits: 64
May 06, 2026 2:48:39 PM arch.GeminiClient getResponse
INFO: [GeminiClient] Acquired semaphore. Active calls: 17
May 06, 2026 2:48:39 PM arch.GeminiClient getResponse
INFO: [GeminiClient] Waiting for semaphore. In queue: 1 | Active calls: 17 | Available permits: 63
May 06, 2026 2:48:39 PM arch.GeminiClient getResponse
INFO: [GeminiClient] Acquired semaphore. Active calls: 18
May 06, 2026 2:48:40 PM arch.GeminiClient getResponse
INFO: [GeminiClient] Got response. Active calls: 17
May 06, 2026 2:48:40 PM arch.GeminiClient getResponse
INFO: [GeminiClient] Waiting for semaphore. In queue: 1 | Active calls: 17 | Available permits: 63
May 06, 2026 2:48:40 PM arch.GeminiClient getResponse
INFO: [GeminiClient] Acquired semaphore. Active calls: 18
May 06, 2026 2:48:39 PM arch.GeminiClient getResponse
INFO: [GeminiClient] Acquired semaphore. Active calls: 17
May 06, 2026 2:48:40 PM arch.GeminiClient getResponse
INFO: [GeminiClient] Got response. Active calls: 17
May 06, 2026 2:48:40 PM arch.GeminiClient getResponse
INFO: [GeminiClient] Waiting for semaphore. In queue: 1 | Active calls: 17 | Available permits: 63
May 06, 2026 2:48:40 PM arch.GeminiClient getResponse
INFO: [GeminiClient] Waiting for semaphore. In queue: 1 | Active calls: 17 | Available permits: 62
May 06, 2026 2:48:40 PM arch.GeminiClient getResponse
INFO: [GeminiClient] Acquired semaphore. Active calls: 18
May 06, 2026 2:48:40 PM arch.GeminiClient getResponse
INFO: [GeminiClient] Got response. Active calls: 17
May 06, 2026 2:48:40 PM arch.GeminiClient getResponse
INFO: [GeminiClient] Got response. Active calls: 16
May 06, 2026 2:48:40 PM arch.GeminiClient getResponse
INFO: [GeminiClient] Got response. Active calls: 16
May 06, 2026 2:48:40 PM arch.GeminiClient getResponse
INFO: [GeminiClient] Acquired semaphore. Active calls: 17
May 06, 2026 2:48:40 PM arch.GeminiClient getResponse
INFO: [GeminiClient] Got response. Active calls: 15
May 06, 2026 2:48:41 PM arch.GeminiClient getResponse
INFO: [GeminiClient] Waiting for semaphore. In queue: 1 | Active calls: 14 | Available permits: 65
May 06, 2026 2:48:41 PM arch.GeminiClient getResponse
INFO: [GeminiClient] Acquired semaphore. Active calls: 15
May 06, 2026 2:48:41 PM arch.GeminiClient getResponse
INFO: [GeminiClient] Got response. Active calls: 14
May 06, 2026 2:48:41 PM arch.GeminiClient getResponse
INFO: [GeminiClient] Got response. Active calls: 13
May 06, 2026 2:48:40 PM arch.GeminiClient getResponse
WARNING: [GeminiClient] TIMEOUT. Active: 14
May 06, 2026 2:48:41 PM arch.GeminiClient getResponse
INFO: [GeminiClient] Waiting for semaphore. In queue: 1 | Active calls: 13 | Available permits: 67
May 06, 2026 2:48:41 PM arch.GeminiClient getResponse
INFO: [GeminiClient] Acquired semaphore. Active calls: 14
May 06, 2026 2:48:41 PM arch.GeminiClient getResponse
INFO: [GeminiClient] Waiting for semaphore. In queue: 1 | Active calls: 14 | Available permits: 66
May 06, 2026 2:48:41 PM arch.GeminiClient getResponse
INFO: [GeminiClient] Acquired semaphore. Active calls: 15
May 06, 2026 2:48:41 PM arch.GeminiClient getResponse
INFO: [GeminiClient] Got response. Active calls: 12
May 06, 2026 2:48:41 PM arch.GeminiClient getResponse
INFO: [GeminiClient] Got response. Active calls: 11
May 06, 2026 2:48:41 PM arch.GeminiClient getResponse
INFO: [GeminiClient] Got response. Active calls: 10
May 06, 2026 2:48:42 PM arch.GeminiClient getResponse
INFO: [GeminiClient] Waiting for semaphore. In queue: 1 | Active calls: 10 | Available permits: 68
May 06, 2026 2:48:42 PM arch.GeminiClient getResponse
INFO: [GeminiClient] Acquired semaphore. Active calls: 11
May 06, 2026 2:48:42 PM arch.GeminiClient getResponse
INFO: [GeminiClient] Got response. Active calls: 10
May 06, 2026 2:48:41 PM arch.GeminiClient getResponse
INFO: [GeminiClient] Got response. Active calls: 14
May 06, 2026 2:48:41 PM arch.GeminiClient getResponse
INFO: [GeminiClient] Got response. Active calls: 13
May 06, 2026 2:48:42 PM arch.GeminiClient getResponse
INFO: [GeminiClient] Got response. Active calls: 9
May 06, 2026 2:48:42 PM arch.GeminiClient getResponse
INFO: [GeminiClient] Waiting for semaphore. In queue: 1 | Active calls: 8 | Available permits: 71
May 06, 2026 2:48:42 PM arch.GeminiClient getResponse
INFO: [GeminiClient] Acquired semaphore. Active calls: 7
May 06, 2026 2:48:43 PM arch.GeminiClient getResponse
INFO: [GeminiClient] Waiting for semaphore. In queue: 1 | Active calls: 6 | Available permits: 70
May 06, 2026 2:48:43 PM arch.GeminiClient getResponse
INFO: [GeminiClient] Acquired semaphore. Active calls: 7
May 06, 2026 2:48:42 PM arch.GeminiClient getResponse
INFO: [GeminiClient] Got response. Active calls: 8
May 06, 2026 2:48:42 PM arch.GeminiClient getResponse
INFO: [GeminiClient] Got response. Active calls: 7
May 06, 2026 2:48:42 PM arch.GeminiClient getResponse
INFO: [GeminiClient] Got response. Active calls: 6
May 06, 2026 2:48:43 PM arch.GeminiClient getResponse
INFO: [GeminiClient] Waiting for semaphore. In queue: 1 | Active calls: 7 | Available permits: 72
May 06, 2026 2:48:43 PM arch.GeminiClient getResponse
INFO: [GeminiClient] Acquired semaphore. Active calls: 8
May 06, 2026 2:48:42 PM arch.GeminiClient getResponse
INFO: [GeminiClient] Got response. Active calls: 6
May 06, 2026 2:48:43 PM arch.GeminiClient getResponse
INFO: [GeminiClient] Got response. Active calls: 7
May 06, 2026 2:48:44 PM arch.GeminiClient getResponse
INFO: [GeminiClient] Waiting for semaphore. In queue: 1 | Active calls: 7 | Available permits: 73
May 06, 2026 2:48:44 PM arch.GeminiClient getResponse
INFO: [GeminiClient] Acquired semaphore. Active calls: 8
May 06, 2026 2:48:44 PM arch.GeminiClient getResponse
INFO: [GeminiClient] Got response. Active calls: 7
May 06, 2026 2:48:44 PM arch.GeminiClient getResponse
INFO: [GeminiClient] Got response. Active calls: 6
May 06, 2026 2:48:44 PM arch.GeminiClient getResponse
INFO: [GeminiClient] Waiting for semaphore. In queue: 1 | Active calls: 6 | Available permits: 74
May 06, 2026 2:48:44 PM arch.GeminiClient getResponse
INFO: [GeminiClient] Waiting for semaphore. In queue: 1 | Active calls: 7 | Available permits: 73
May 06, 2026 2:48:44 PM arch.GeminiClient getResponse
INFO: [GeminiClient] Acquired semaphore. Active calls: 8
May 06, 2026 2:48:44 PM arch.GeminiClient getResponse
INFO: [GeminiClient] Waiting for semaphore. In queue: 1 | Active calls: 8 | Available permits: 72
May 06, 2026 2:48:44 PM arch.GeminiClient getResponse
INFO: [GeminiClient] Acquired semaphore. Active calls: 9
May 06, 2026 2:48:44 PM arch.GeminiClient getResponse
INFO: [GeminiClient] Waiting for semaphore. In queue: 1 | Active calls: 9 | Available permits: 71
May 06, 2026 2:48:44 PM arch.GeminiClient getResponse
INFO: [GeminiClient] Acquired semaphore. Active calls: 10
May 06, 2026 2:48:44 PM arch.GeminiClient getResponse
INFO: [GeminiClient] Waiting for semaphore. In queue: 1 | Active calls: 10 | Available permits: 70
May 06, 2026 2:48:44 PM arch.GeminiClient getResponse
INFO: [GeminiClient] Acquired semaphore. Active calls: 10
May 06, 2026 2:48:44 PM arch.GeminiClient getResponse
INFO: [GeminiClient] Acquired semaphore. Active calls: 7
May 06, 2026 2:48:45 PM arch.GeminiClient getResponse
INFO: [GeminiClient] Got response. Active calls: 9
May 06, 2026 2:48:45 PM arch.GeminiClient getResponse
INFO: [GeminiClient] Waiting for semaphore. In queue: 1 | Active calls: 9 | Available permits: 70
May 06, 2026 2:48:45 PM arch.GeminiClient getResponse
INFO: [GeminiClient] Acquired semaphore. Active calls: 10
May 06, 2026 2:48:45 PM arch.GeminiClient getResponse
INFO: [GeminiClient] Waiting for semaphore. In queue: 1 | Active calls: 10 | Available permits: 69
May 06, 2026 2:48:44 PM arch.GeminiClient getResponse
INFO: [GeminiClient] Got response. Active calls: 9
May 06, 2026 2:48:45 PM arch.GeminiClient getResponse
INFO: [GeminiClient] Waiting for semaphore. In queue: 1 | Active calls: 11 | Available permits: 69
May 06, 2026 2:48:45 PM arch.GeminiClient getResponse
INFO: [GeminiClient] Acquired semaphore. Active calls: 12
May 06, 2026 2:48:45 PM arch.GeminiClient getResponse
INFO: [GeminiClient] Got response. Active calls: 11
May 06, 2026 2:48:45 PM arch.GeminiClient getResponse
INFO: [GeminiClient] Waiting for semaphore. In queue: 1 | Active calls: 11 | Available permits: 69
May 06, 2026 2:48:45 PM arch.GeminiClient getResponse
INFO: [GeminiClient] Acquired semaphore. Active calls: 12
May 06, 2026 2:48:45 PM arch.GeminiClient getResponse
INFO: [GeminiClient] Acquired semaphore. Active calls: 11
May 06, 2026 2:48:45 PM arch.GeminiClient getResponse
INFO: [GeminiClient] Waiting for semaphore. In queue: 1 | Active calls: 12 | Available permits: 68
May 06, 2026 2:48:45 PM arch.GeminiClient getResponse
INFO: [GeminiClient] Acquired semaphore. Active calls: 13
May 06, 2026 2:48:45 PM arch.GeminiClient getResponse
INFO: [GeminiClient] Waiting for semaphore. In queue: 1 | Active calls: 13 | Available permits: 67
May 06, 2026 2:48:45 PM arch.GeminiClient getResponse
INFO: [GeminiClient] Acquired semaphore. Active calls: 14
May 06, 2026 2:48:46 PM arch.GeminiClient getResponse
INFO: [GeminiClient] Got response. Active calls: 13
May 06, 2026 2:48:46 PM arch.GeminiClient getResponse
INFO: [GeminiClient] Waiting for semaphore. In queue: 1 | Active calls: 13 | Available permits: 67
May 06, 2026 2:48:46 PM arch.GeminiClient getResponse
INFO: [GeminiClient] Acquired semaphore. Active calls: 14
May 06, 2026 2:48:46 PM arch.GeminiClient getResponse
INFO: [GeminiClient] Waiting for semaphore. In queue: 1 | Active calls: 14 | Available permits: 66
May 06, 2026 2:48:46 PM arch.GeminiClient getResponse
INFO: [GeminiClient] Acquired semaphore. Active calls: 14
May 06, 2026 2:48:46 PM arch.GeminiClient getResponse
INFO: [GeminiClient] Waiting for semaphore. In queue: 1 | Active calls: 14 | Available permits: 65
May 06, 2026 2:48:46 PM arch.GeminiClient getResponse
INFO: [GeminiClient] Acquired semaphore. Active calls: 15
May 06, 2026 2:48:46 PM arch.GeminiClient getResponse
INFO: [GeminiClient] Got response. Active calls: 13
May 06, 2026 2:48:46 PM arch.GeminiClient getResponse
INFO: [GeminiClient] Got response. Active calls: 14
May 06, 2026 2:48:46 PM arch.GeminiClient getResponse
INFO: [GeminiClient] Waiting for semaphore. In queue: 1 | Active calls: 14 | Available permits: 66
May 06, 2026 2:48:46 PM arch.GeminiClient getResponse
INFO: [GeminiClient] Acquired semaphore. Active calls: 15
May 06, 2026 2:48:47 PM arch.GeminiClient getResponse
INFO: [GeminiClient] Got response. Active calls: 14
May 06, 2026 2:48:47 PM arch.GeminiClient getResponse
INFO: [GeminiClient] Got response. Active calls: 13
May 06, 2026 2:48:47 PM arch.GeminiClient getResponse
INFO: [GeminiClient] Waiting for semaphore. In queue: 1 | Active calls: 13 | Available permits: 67
May 06, 2026 2:48:47 PM arch.GeminiClient getResponse
INFO: [GeminiClient] Acquired semaphore. Active calls: 13
May 06, 2026 2:48:47 PM arch.GeminiClient getResponse
INFO: [GeminiClient] Waiting for semaphore. In queue: 1 | Active calls: 13 | Available permits: 66
May 06, 2026 2:48:47 PM arch.GeminiClient getResponse
INFO: [GeminiClient] Waiting for semaphore. In queue: 1 | Active calls: 13 | Available permits: 65
May 06, 2026 2:48:48 PM arch.GeminiClient getResponse
INFO: [GeminiClient] Got response. Active calls: 13
May 06, 2026 2:48:47 PM arch.GeminiClient getResponse
INFO: [GeminiClient] Got response. Active calls: 12
May 06, 2026 2:48:47 PM arch.GeminiClient getResponse
INFO: [GeminiClient] Got response. Active calls: 12
May 06, 2026 2:48:47 PM arch.GeminiClient getResponse
INFO: [GeminiClient] Acquired semaphore. Active calls: 13
May 06, 2026 2:48:47 PM arch.GeminiClient getResponse
INFO: [GeminiClient] Acquired semaphore. Active calls: 14
May 06, 2026 2:48:48 PM arch.GeminiClient getResponse
INFO: [GeminiClient] Waiting for semaphore. In queue: 1 | Active calls: 13 | Available permits: 67
May 06, 2026 2:48:48 PM arch.GeminiClient getResponse
INFO: [GeminiClient] Acquired semaphore. Active calls: 14
May 06, 2026 2:48:48 PM arch.GeminiClient getResponse
INFO: [GeminiClient] Waiting for semaphore. In queue: 1 | Active calls: 14 | Available permits: 66
May 06, 2026 2:48:48 PM arch.GeminiClient getResponse
INFO: [GeminiClient] Acquired semaphore. Active calls: 15
May 06, 2026 2:48:48 PM arch.GeminiClient getResponse
INFO: [GeminiClient] Got response. Active calls: 14
May 06, 2026 2:48:49 PM arch.GeminiClient getResponse
INFO: [GeminiClient] Waiting for semaphore. In queue: 1 | Active calls: 14 | Available permits: 66
May 06, 2026 2:48:49 PM arch.GeminiClient getResponse
INFO: [GeminiClient] Acquired semaphore. Active calls: 15
May 06, 2026 2:48:49 PM arch.GeminiClient getResponse
INFO: [GeminiClient] Waiting for semaphore. In queue: 1 | Active calls: 15 | Available permits: 65
May 06, 2026 2:48:49 PM arch.GeminiClient getResponse
INFO: [GeminiClient] Waiting for semaphore. In queue: 1 | Active calls: 16 | Available permits: 64
May 06, 2026 2:48:49 PM arch.GeminiClient getResponse
INFO: [GeminiClient] Acquired semaphore. Active calls: 17
May 06, 2026 2:48:49 PM arch.GeminiClient getResponse
INFO: [GeminiClient] Got response. Active calls: 16
May 06, 2026 2:48:49 PM arch.GeminiClient getResponse
INFO: [GeminiClient] Got response. Active calls: 15
May 06, 2026 2:48:49 PM arch.GeminiClient getResponse
INFO: [GeminiClient] Got response. Active calls: 13
May 06, 2026 2:48:49 PM arch.GeminiClient getResponse
INFO: [GeminiClient] Acquired semaphore. Active calls: 16
May 06, 2026 2:48:49 PM arch.GeminiClient getResponse
INFO: [GeminiClient] Got response. Active calls: 11
May 06, 2026 2:48:49 PM arch.GeminiClient getResponse
INFO: [GeminiClient] Got response. Active calls: 10
May 06, 2026 2:48:49 PM arch.GeminiClient getResponse
INFO: [GeminiClient] Got response. Active calls: 14
May 06, 2026 2:48:50 PM arch.GeminiClient getResponse
INFO: [GeminiClient] Waiting for semaphore. In queue: 1 | Active calls: 10 | Available permits: 69
May 06, 2026 2:48:50 PM arch.GeminiClient getResponse
INFO: [GeminiClient] Acquired semaphore. Active calls: 10
May 06, 2026 2:48:49 PM arch.GeminiClient getResponse
INFO: [GeminiClient] Got response. Active calls: 12
May 06, 2026 2:48:50 PM arch.GeminiClient getResponse
INFO: [GeminiClient] Waiting for semaphore. In queue: 1 | Active calls: 10 | Available permits: 69
May 06, 2026 2:48:50 PM arch.GeminiClient getResponse
INFO: [GeminiClient] Acquired semaphore. Active calls: 11
May 06, 2026 2:48:50 PM arch.GeminiClient getResponse
INFO: [GeminiClient] Got response. Active calls: 10
May 06, 2026 2:48:50 PM arch.GeminiClient getResponse
INFO: [GeminiClient] Got response. Active calls: 9
May 06, 2026 2:48:50 PM arch.GeminiClient getResponse
INFO: [GeminiClient] Waiting for semaphore. In queue: 1 | Active calls: 10 | Available permits: 70
May 06, 2026 2:48:50 PM arch.GeminiClient getResponse
INFO: [GeminiClient] Got response. Active calls: 9
May 06, 2026 2:48:50 PM arch.GeminiClient getResponse
INFO: [GeminiClient] Waiting for semaphore. In queue: 1 | Active calls: 9 | Available permits: 70
May 06, 2026 2:48:50 PM arch.GeminiClient getResponse
INFO: [GeminiClient] Acquired semaphore. Active calls: 10
May 06, 2026 2:48:51 PM arch.GeminiClient getResponse
INFO: [GeminiClient] Waiting for semaphore. In queue: 1 | Active calls: 10 | Available permits: 69
May 06, 2026 2:48:51 PM arch.GeminiClient getResponse
INFO: [GeminiClient] Acquired semaphore. Active calls: 11
May 06, 2026 2:48:51 PM arch.GeminiClient getResponse
INFO: [GeminiClient] Waiting for semaphore. In queue: 1 | Active calls: 11 | Available permits: 68
May 06, 2026 2:48:50 PM arch.GeminiClient getResponse
INFO: [GeminiClient] Got response. Active calls: 9
May 06, 2026 2:48:50 PM arch.GeminiClient getResponse
INFO: [GeminiClient] Acquired semaphore. Active calls: 10
May 06, 2026 2:48:51 PM arch.GeminiClient getResponse
INFO: [GeminiClient] Got response. Active calls: 11
May 06, 2026 2:48:51 PM arch.GeminiClient getResponse
INFO: [GeminiClient] Waiting for semaphore. In queue: 1 | Active calls: 11 | Available permits: 69
May 06, 2026 2:48:51 PM arch.GeminiClient getResponse
INFO: [GeminiClient] Acquired semaphore. Active calls: 12
May 06, 2026 2:48:51 PM arch.GeminiClient getResponse
INFO: [GeminiClient] Waiting for semaphore. In queue: 1 | Active calls: 12 | Available permits: 68
May 06, 2026 2:48:51 PM arch.GeminiClient getResponse
INFO: [GeminiClient] Acquired semaphore. Active calls: 12
May 06, 2026 2:48:51 PM arch.GeminiClient getResponse
INFO: [GeminiClient] Got response. Active calls: 12
May 06, 2026 2:48:52 PM arch.GeminiClient getResponse
INFO: [GeminiClient] Got response. Active calls: 11
May 06, 2026 2:48:52 PM arch.GeminiClient getResponse
INFO: [GeminiClient] Waiting for semaphore. In queue: 1 | Active calls: 11 | Available permits: 69
May 06, 2026 2:48:52 PM arch.GeminiClient getResponse
INFO: [GeminiClient] Acquired semaphore. Active calls: 12
May 06, 2026 2:48:51 PM arch.GeminiClient getResponse
INFO: [GeminiClient] Acquired semaphore. Active calls: 13
May 06, 2026 2:48:52 PM arch.GeminiClient getResponse
INFO: [GeminiClient] Waiting for semaphore. In queue: 1 | Active calls: 11 | Available permits: 68
May 06, 2026 2:48:52 PM arch.GeminiClient getResponse
INFO: [GeminiClient] Acquired semaphore. Active calls: 12
May 06, 2026 2:48:53 PM arch.GeminiClient getResponse
INFO: [GeminiClient] Waiting for semaphore. In queue: 1 | Active calls: 12 | Available permits: 67
May 06, 2026 2:48:53 PM arch.GeminiClient getResponse
INFO: [GeminiClient] Acquired semaphore. Active calls: 13
May 06, 2026 2:48:52 PM arch.GeminiClient getResponse
INFO: [GeminiClient] Got response. Active calls: 11
May 06, 2026 2:48:53 PM arch.GeminiClient getResponse
INFO: [GeminiClient] Got response. Active calls: 12
May 06, 2026 2:48:53 PM arch.GeminiClient getResponse
INFO: [GeminiClient] Waiting for semaphore. In queue: 1 | Active calls: 12 | Available permits: 68
May 06, 2026 2:48:53 PM arch.GeminiClient getResponse
INFO: [GeminiClient] Acquired semaphore. Active calls: 13
May 06, 2026 2:48:53 PM arch.GeminiClient getResponse
INFO: [GeminiClient] Waiting for semaphore. In queue: 1 | Active calls: 13 | Available permits: 67
May 06, 2026 2:48:53 PM arch.GeminiClient getResponse
INFO: [GeminiClient] Waiting for semaphore. In queue: 1 | Active calls: 14 | Available permits: 66
May 06, 2026 2:48:53 PM arch.GeminiClient getResponse
INFO: [GeminiClient] Acquired semaphore. Active calls: 15
May 06, 2026 2:48:53 PM arch.GeminiClient getResponse
INFO: [GeminiClient] Waiting for semaphore. In queue: 1 | Active calls: 15 | Available permits: 65
May 06, 2026 2:48:53 PM arch.GeminiClient getResponse
INFO: [GeminiClient] Acquired semaphore. Active calls: 16
May 06, 2026 2:48:53 PM arch.GeminiClient getResponse
INFO: [GeminiClient] Got response. Active calls: 15
May 06, 2026 2:48:54 PM arch.GeminiClient getResponse
INFO: [GeminiClient] Got response. Active calls: 13
May 06, 2026 2:48:53 PM arch.GeminiClient getResponse
INFO: [GeminiClient] Acquired semaphore. Active calls: 14
May 06, 2026 2:48:54 PM arch.GeminiClient getResponse
INFO: [GeminiClient] Waiting for semaphore. In queue: 1 | Active calls: 13 | Available permits: 66
May 06, 2026 2:48:54 PM arch.GeminiClient getResponse
INFO: [GeminiClient] Acquired semaphore. Active calls: 14
May 06, 2026 2:48:53 PM arch.GeminiClient getResponse
INFO: [GeminiClient] Got response. Active calls: 14
May 06, 2026 2:48:54 PM arch.GeminiClient getResponse
INFO: [GeminiClient] Waiting for semaphore. In queue: 1 | Active calls: 14 | Available permits: 66
May 06, 2026 2:48:54 PM arch.GeminiClient getResponse
INFO: [GeminiClient] Acquired semaphore. Active calls: 15
May 06, 2026 2:48:55 PM arch.GeminiClient getResponse
INFO: [GeminiClient] Got response. Active calls: 14
May 06, 2026 2:48:55 PM arch.GeminiClient getResponse
INFO: [GeminiClient] Waiting for semaphore. In queue: 1 | Active calls: 14 | Available permits: 66
May 06, 2026 2:48:55 PM arch.GeminiClient getResponse
INFO: [GeminiClient] Acquired semaphore. Active calls: 15
May 06, 2026 2:48:55 PM arch.GeminiClient getResponse
INFO: [GeminiClient] Waiting for semaphore. In queue: 1 | Active calls: 15 | Available permits: 65
May 06, 2026 2:48:55 PM arch.GeminiClient getResponse
INFO: [GeminiClient] Acquired semaphore. Active calls: 16
May 06, 2026 2:48:55 PM arch.GeminiClient getResponse
INFO: [GeminiClient] Waiting for semaphore. In queue: 1 | Active calls: 16 | Available permits: 64
May 06, 2026 2:48:55 PM arch.GeminiClient getResponse
INFO: [GeminiClient] Waiting for semaphore. In queue: 1 | Active calls: 17 | Available permits: 63
May 06, 2026 2:48:56 PM arch.GeminiClient getResponse
INFO: [GeminiClient] Got response. Active calls: 17
May 06, 2026 2:48:56 PM arch.GeminiClient getResponse
INFO: [GeminiClient] Got response. Active calls: 16
May 06, 2026 2:48:56 PM arch.GeminiClient getResponse
INFO: [GeminiClient] Waiting for semaphore. In queue: 1 | Active calls: 16 | Available permits: 64
May 06, 2026 2:48:56 PM arch.GeminiClient getResponse
INFO: [GeminiClient] Acquired semaphore. Active calls: 17
May 06, 2026 2:48:55 PM arch.GeminiClient getResponse
INFO: [GeminiClient] Acquired semaphore. Active calls: 17
May 06, 2026 2:48:55 PM arch.GeminiClient getResponse
INFO: [GeminiClient] Acquired semaphore. Active calls: 18
May 06, 2026 2:48:56 PM arch.GeminiClient getResponse
INFO: [GeminiClient] Got response. Active calls: 16
May 06, 2026 2:48:57 PM arch.GeminiClient getResponse
INFO: [GeminiClient] Got response. Active calls: 15
May 06, 2026 2:48:57 PM arch.GeminiClient getResponse
INFO: [GeminiClient] Waiting for semaphore. In queue: 1 | Active calls: 15 | Available permits: 65
May 06, 2026 2:48:57 PM arch.GeminiClient getResponse
INFO: [GeminiClient] Acquired semaphore. Active calls: 16
May 06, 2026 2:48:57 PM arch.GeminiClient getResponse
INFO: [GeminiClient] Got response. Active calls: 15
May 06, 2026 2:48:57 PM arch.GeminiClient getResponse
INFO: [GeminiClient] Waiting for semaphore. In queue: 1 | Active calls: 15 | Available permits: 65
May 06, 2026 2:48:57 PM arch.GeminiClient getResponse
INFO: [GeminiClient] Acquired semaphore. Active calls: 16
May 06, 2026 2:48:57 PM arch.GeminiClient getResponse
INFO: [GeminiClient] Got response. Active calls: 15
May 06, 2026 2:48:57 PM arch.GeminiClient getResponse
INFO: [GeminiClient] Waiting for semaphore. In queue: 1 | Active calls: 15 | Available permits: 65
May 06, 2026 2:48:57 PM arch.GeminiClient getResponse
INFO: [GeminiClient] Acquired semaphore. Active calls: 16
May 06, 2026 2:48:58 PM arch.GeminiClient getResponse
INFO: [GeminiClient] Got response. Active calls: 15
May 06, 2026 2:48:58 PM arch.GeminiClient getResponse
INFO: [GeminiClient] Got response. Active calls: 13
May 06, 2026 2:48:58 PM arch.GeminiClient getResponse
INFO: [GeminiClient] Got response. Active calls: 11
May 06, 2026 2:48:58 PM arch.GeminiClient getResponse
INFO: [GeminiClient] Got response. Active calls: 10
May 06, 2026 2:48:58 PM arch.GeminiClient getResponse
INFO: [GeminiClient] Waiting for semaphore. In queue: 1 | Active calls: 10 | Available permits: 68
May 06, 2026 2:48:58 PM arch.GeminiClient getResponse
INFO: [GeminiClient] Acquired semaphore. Active calls: 11
May 06, 2026 2:48:58 PM arch.GeminiClient getResponse
INFO: [GeminiClient] Got response. Active calls: 14
May 06, 2026 2:48:58 PM arch.GeminiClient getResponse
INFO: [GeminiClient] Got response. Active calls: 12
May 06, 2026 2:48:58 PM arch.GeminiClient getResponse
INFO: [GeminiClient] Waiting for semaphore. In queue: 1 | Active calls: 11 | Available permits: 69
May 06, 2026 2:48:58 PM arch.GeminiClient getResponse
INFO: [GeminiClient] Got response. Active calls: 11
May 06, 2026 2:48:59 PM arch.GeminiClient getResponse
INFO: [GeminiClient] Waiting for semaphore. In queue: 1 | Active calls: 11 | Available permits: 69
May 06, 2026 2:48:59 PM arch.GeminiClient getResponse
INFO: [GeminiClient] Acquired semaphore. Active calls: 11
May 06, 2026 2:48:58 PM arch.GeminiClient getResponse
INFO: [GeminiClient] Acquired semaphore. Active calls: 12
May 06, 2026 2:48:59 PM arch.GeminiClient getResponse
INFO: [GeminiClient] Got response. Active calls: 10
May 06, 2026 2:48:59 PM arch.GeminiClient getResponse
INFO: [GeminiClient] Waiting for semaphore. In queue: 1 | Active calls: 10 | Available permits: 69
May 06, 2026 2:48:59 PM arch.GeminiClient getResponse
INFO: [GeminiClient] Acquired semaphore. Active calls: 11
May 06, 2026 2:48:59 PM arch.GeminiClient getResponse
INFO: [GeminiClient] Waiting for semaphore. In queue: 1 | Active calls: 11 | Available permits: 68
May 06, 2026 2:48:59 PM arch.GeminiClient getResponse
INFO: [GeminiClient] Acquired semaphore. Active calls: 12
May 06, 2026 2:48:59 PM arch.GeminiClient getResponse
INFO: [GeminiClient] Waiting for semaphore. In queue: 1 | Active calls: 12 | Available permits: 67
May 06, 2026 2:48:59 PM arch.GeminiClient getResponse
INFO: [GeminiClient] Acquired semaphore. Active calls: 12
May 06, 2026 2:48:59 PM arch.GeminiClient getResponse
INFO: [GeminiClient] Got response. Active calls: 10
May 06, 2026 2:48:59 PM arch.GeminiClient lambda$static$1
INFO: [WATCHDOG] permits=67 activeGemini=12 waitingForSemaphore=0 executorQueueSize=0 executorActiveThreads=12
May 06, 2026 2:48:59 PM arch.GeminiClient getResponse
INFO: [GeminiClient] Got response. Active calls: 11
May 06, 2026 2:48:59 PM arch.GeminiClient getResponse
INFO: [GeminiClient] Waiting for semaphore. In queue: 1 | Active calls: 11 | Available permits: 68
May 06, 2026 2:48:59 PM arch.GeminiClient getResponse
INFO: [GeminiClient] Acquired semaphore. Active calls: 12
May 06, 2026 2:48:59 PM arch.GeminiClient getResponse
INFO: [GeminiClient] Got response. Active calls: 11
May 06, 2026 2:49:00 PM arch.GeminiClient getResponse
INFO: [GeminiClient] Got response. Active calls: 11
May 06, 2026 2:49:00 PM arch.GeminiClient getResponse
INFO: [GeminiClient] Got response. Active calls: 10
May 06, 2026 2:49:00 PM arch.GeminiClient getResponse
INFO: [GeminiClient] Waiting for semaphore. In queue: 1 | Active calls: 10 | Available permits: 70
May 06, 2026 2:49:00 PM arch.GeminiClient getResponse
INFO: [GeminiClient] Acquired semaphore. Active calls: 10
May 06, 2026 2:49:00 PM arch.GeminiClient getResponse
INFO: [GeminiClient] Waiting for semaphore. In queue: 1 | Active calls: 10 | Available permits: 69
May 06, 2026 2:49:00 PM arch.GeminiClient getResponse
INFO: [GeminiClient] Acquired semaphore. Active calls: 10
May 06, 2026 2:49:00 PM arch.GeminiClient getResponse
INFO: [GeminiClient] Got response. Active calls: 9
May 06, 2026 2:49:01 PM arch.GeminiClient getResponse
INFO: [GeminiClient] Got response. Active calls: 9
May 06, 2026 2:49:00 PM arch.GeminiClient getResponse
INFO: [GeminiClient] Got response. Active calls: 9
May 06, 2026 2:49:01 PM arch.GeminiClient getResponse
INFO: [GeminiClient] Waiting for semaphore. In queue: 1 | Active calls: 8 | Available permits: 71
May 06, 2026 2:49:01 PM arch.GeminiClient getResponse
INFO: [GeminiClient] Acquired semaphore. Active calls: 9
May 06, 2026 2:49:02 PM arch.GeminiClient getResponse
INFO: [GeminiClient] Got response. Active calls: 8
May 06, 2026 2:49:02 PM arch.GeminiClient getResponse
INFO: [GeminiClient] Got response. Active calls: 7
May 06, 2026 2:49:01 PM arch.GeminiClient getResponse
INFO: [GeminiClient] Got response. Active calls: 8
May 06, 2026 2:49:02 PM arch.GeminiClient getResponse
INFO: [GeminiClient] Got response. Active calls: 6
May 06, 2026 2:49:02 PM arch.GeminiClient getResponse
INFO: [GeminiClient] Got response. Active calls: 4
May 06, 2026 2:49:03 PM arch.GeminiClient getResponse
INFO: [GeminiClient] Waiting for semaphore. In queue: 1 | Active calls: 4 | Available permits: 75
May 06, 2026 2:49:03 PM arch.GeminiClient getResponse
INFO: [GeminiClient] Acquired semaphore. Active calls: 5
May 06, 2026 2:49:02 PM arch.GeminiClient getResponse
INFO: [GeminiClient] Got response. Active calls: 5
May 06, 2026 2:49:03 PM arch.GeminiClient getResponse
INFO: [GeminiClient] Waiting for semaphore. In queue: 1 | Active calls: 5 | Available permits: 75
May 06, 2026 2:49:03 PM arch.GeminiClient getResponse
INFO: [GeminiClient] Waiting for semaphore. In queue: 1 | Active calls: 6 | Available permits: 74
May 06, 2026 2:49:03 PM arch.GeminiClient getResponse
INFO: [GeminiClient] Acquired semaphore. Active calls: 7
May 06, 2026 2:49:04 PM arch.GeminiClient getResponse
INFO: [GeminiClient] Waiting for semaphore. In queue: 1 | Active calls: 7 | Available permits: 73
May 06, 2026 2:49:04 PM arch.GeminiClient getResponse
INFO: [GeminiClient] Acquired semaphore. Active calls: 8
May 06, 2026 2:49:04 PM arch.GeminiClient getResponse
INFO: [GeminiClient] Got response. Active calls: 7
May 06, 2026 2:49:04 PM arch.GeminiClient getResponse
INFO: [GeminiClient] Got response. Active calls: 6
May 06, 2026 2:49:04 PM arch.GeminiClient getResponse
INFO: [GeminiClient] Waiting for semaphore. In queue: 1 | Active calls: 6 | Available permits: 74
May 06, 2026 2:49:04 PM arch.GeminiClient getResponse
INFO: [GeminiClient] Acquired semaphore. Active calls: 7
May 06, 2026 2:49:03 PM arch.GeminiClient getResponse
INFO: [GeminiClient] Acquired semaphore. Active calls: 6
May 06, 2026 2:49:05 PM arch.GeminiClient getResponse
INFO: [GeminiClient] Waiting for semaphore. In queue: 1 | Active calls: 7 | Available permits: 73
May 06, 2026 2:49:05 PM arch.GeminiClient getResponse
INFO: [GeminiClient] Acquired semaphore. Active calls: 8
May 06, 2026 2:49:05 PM arch.GeminiClient getResponse
INFO: [GeminiClient] Got response. Active calls: 7
May 06, 2026 2:49:06 PM arch.GeminiClient getResponse
INFO: [GeminiClient] Got response. Active calls: 6
May 06, 2026 2:49:06 PM arch.GeminiClient getResponse
INFO: [GeminiClient] Waiting for semaphore. In queue: 1 | Active calls: 6 | Available permits: 74
May 06, 2026 2:49:06 PM arch.GeminiClient getResponse
INFO: [GeminiClient] Acquired semaphore. Active calls: 7
May 06, 2026 2:49:07 PM arch.GeminiClient getResponse
INFO: [GeminiClient] Waiting for semaphore. In queue: 1 | Active calls: 6 | Available permits: 73
May 06, 2026 2:49:07 PM arch.GeminiClient getResponse
INFO: [GeminiClient] Acquired semaphore. Active calls: 7
May 06, 2026 2:49:07 PM arch.GeminiClient getResponse
INFO: [GeminiClient] Waiting for semaphore. In queue: 1 | Active calls: 7 | Available permits: 72
May 06, 2026 2:49:07 PM arch.GeminiClient getResponse
INFO: [GeminiClient] Acquired semaphore. Active calls: 8
May 06, 2026 2:49:07 PM arch.GeminiClient getResponse
INFO: [GeminiClient] Got response. Active calls: 6
May 06, 2026 2:49:07 PM arch.GeminiClient getResponse
INFO: [GeminiClient] Waiting for semaphore. In queue: 1 | Active calls: 8 | Available permits: 72
May 06, 2026 2:49:07 PM arch.GeminiClient getResponse
INFO: [GeminiClient] Acquired semaphore. Active calls: 9
May 06, 2026 2:49:07 PM arch.GeminiClient getResponse
INFO: [GeminiClient] Waiting for semaphore. In queue: 1 | Active calls: 9 | Available permits: 71
May 06, 2026 2:49:07 PM arch.GeminiClient getResponse
INFO: [GeminiClient] Acquired semaphore. Active calls: 10
May 06, 2026 2:49:07 PM arch.GeminiClient getResponse
INFO: [GeminiClient] Waiting for semaphore. In queue: 1 | Active calls: 10 | Available permits: 70
May 06, 2026 2:49:07 PM arch.GeminiClient getResponse
INFO: [GeminiClient] Acquired semaphore. Active calls: 11
May 06, 2026 2:49:08 PM arch.GeminiClient getResponse
INFO: [GeminiClient] Waiting for semaphore. In queue: 1 | Active calls: 11 | Available permits: 69
May 06, 2026 2:49:08 PM arch.GeminiClient getResponse
INFO: [GeminiClient] Acquired semaphore. Active calls: 12
May 06, 2026 2:49:09 PM arch.GeminiClient getResponse
INFO: [GeminiClient] Waiting for semaphore. In queue: 1 | Active calls: 12 | Available permits: 68
May 06, 2026 2:49:09 PM arch.GeminiClient getResponse
INFO: [GeminiClient] Acquired semaphore. Active calls: 13
May 06, 2026 2:49:09 PM arch.GeminiClient getResponse
INFO: [GeminiClient] Waiting for semaphore. In queue: 1 | Active calls: 13 | Available permits: 67
May 06, 2026 2:49:09 PM arch.GeminiClient getResponse
INFO: [GeminiClient] Acquired semaphore. Active calls: 14
May 06, 2026 2:49:09 PM arch.GeminiClient getResponse
INFO: [GeminiClient] Got response. Active calls: 13
May 06, 2026 2:49:09 PM arch.GeminiClient getResponse
INFO: [GeminiClient] Waiting for semaphore. In queue: 1 | Active calls: 13 | Available permits: 67
May 06, 2026 2:49:09 PM arch.GeminiClient getResponse
INFO: [GeminiClient] Acquired semaphore. Active calls: 14
May 06, 2026 2:49:09 PM arch.GeminiClient getResponse
INFO: [GeminiClient] Waiting for semaphore. In queue: 1 | Active calls: 14 | Available permits: 66
May 06, 2026 2:49:09 PM arch.GeminiClient getResponse
INFO: [GeminiClient] Acquired semaphore. Active calls: 15
May 06, 2026 2:49:10 PM arch.GeminiClient getResponse
INFO: [GeminiClient] Got response. Active calls: 14
May 06, 2026 2:49:10 PM arch.GeminiClient getResponse
INFO: [GeminiClient] Got response. Active calls: 13
May 06, 2026 2:49:11 PM arch.GeminiClient getResponse
INFO: [GeminiClient] Waiting for semaphore. In queue: 1 | Active calls: 12 | Available permits: 67
May 06, 2026 2:49:11 PM arch.GeminiClient getResponse
INFO: [GeminiClient] Waiting for semaphore. In queue: 1 | Active calls: 13 | Available permits: 66
May 06, 2026 2:49:11 PM arch.GeminiClient getResponse
INFO: [GeminiClient] Acquired semaphore. Active calls: 14
May 06, 2026 2:49:11 PM arch.GeminiClient getResponse
INFO: [GeminiClient] Waiting for semaphore. In queue: 1 | Active calls: 14 | Available permits: 65
May 06, 2026 2:49:10 PM arch.GeminiClient getResponse
INFO: [GeminiClient] Got response. Active calls: 12
May 06, 2026 2:49:11 PM arch.GeminiClient getResponse
INFO: [GeminiClient] Waiting for semaphore. In queue: 1 | Active calls: 15 | Available permits: 65
May 06, 2026 2:49:11 PM arch.GeminiClient getResponse
INFO: [GeminiClient] Acquired semaphore. Active calls: 16
May 06, 2026 2:49:11 PM arch.GeminiClient getResponse
INFO: [GeminiClient] Acquired semaphore. Active calls: 13
May 06, 2026 2:49:12 PM arch.GeminiClient getResponse
INFO: [GeminiClient] Waiting for semaphore. In queue: 1 | Active calls: 16 | Available permits: 64
May 06, 2026 2:49:12 PM arch.GeminiClient getResponse
INFO: [GeminiClient] Acquired semaphore. Active calls: 17
May 06, 2026 2:49:12 PM arch.GeminiClient getResponse
INFO: [GeminiClient] Got response. Active calls: 16
May 06, 2026 2:49:11 PM arch.GeminiClient getResponse
INFO: [GeminiClient] Acquired semaphore. Active calls: 15
May 06, 2026 2:49:12 PM arch.GeminiClient getResponse
INFO: [GeminiClient] Waiting for semaphore. In queue: 1 | Active calls: 16 | Available permits: 64
May 06, 2026 2:49:12 PM arch.GeminiClient getResponse
INFO: [GeminiClient] Acquired semaphore. Active calls: 17
May 06, 2026 2:49:12 PM arch.GeminiClient getResponse
INFO: [GeminiClient] Waiting for semaphore. In queue: 1 | Active calls: 17 | Available permits: 63
May 06, 2026 2:49:12 PM arch.GeminiClient getResponse
INFO: [GeminiClient] Acquired semaphore. Active calls: 18
May 06, 2026 2:49:12 PM arch.GeminiClient getResponse
INFO: [GeminiClient] Got response. Active calls: 17
May 06, 2026 2:49:13 PM arch.GeminiClient getResponse
INFO: [GeminiClient] Waiting for semaphore. In queue: 1 | Active calls: 17 | Available permits: 63
May 06, 2026 2:49:13 PM arch.GeminiClient getResponse
INFO: [GeminiClient] Acquired semaphore. Active calls: 18
May 06, 2026 2:49:13 PM arch.GeminiClient getResponse
INFO: [GeminiClient] Waiting for semaphore. In queue: 1 | Active calls: 18 | Available permits: 62
May 06, 2026 2:49:13 PM arch.GeminiClient getResponse
INFO: [GeminiClient] Acquired semaphore. Active calls: 19
May 06, 2026 2:49:13 PM arch.GeminiClient getResponse
INFO: [GeminiClient] Waiting for semaphore. In queue: 1 | Active calls: 19 | Available permits: 61
May 06, 2026 2:49:13 PM arch.GeminiClient getResponse
INFO: [GeminiClient] Acquired semaphore. Active calls: 20
May 06, 2026 2:49:14 PM arch.GeminiClient getResponse
INFO: [GeminiClient] Waiting for semaphore. In queue: 1 | Active calls: 20 | Available permits: 60
May 06, 2026 2:49:14 PM arch.GeminiClient getResponse
INFO: [GeminiClient] Acquired semaphore. Active calls: 20
May 06, 2026 2:49:15 PM arch.GeminiClient getResponse
INFO: [GeminiClient] Got response. Active calls: 19
May 06, 2026 2:49:15 PM arch.GeminiClient getResponse
INFO: [GeminiClient] Got response. Active calls: 18
May 06, 2026 2:49:14 PM arch.GeminiClient getResponse
INFO: [GeminiClient] Got response. Active calls: 19
May 06, 2026 2:49:15 PM arch.GeminiClient getResponse
INFO: [GeminiClient] Waiting for semaphore. In queue: 1 | Active calls: 18 | Available permits: 62
May 06, 2026 2:49:15 PM arch.GeminiClient getResponse
INFO: [GeminiClient] Acquired semaphore. Active calls: 19
May 06, 2026 2:49:15 PM arch.GeminiClient getResponse
INFO: [GeminiClient] Got response. Active calls: 18
May 06, 2026 2:49:15 PM arch.GeminiClient getResponse
INFO: [GeminiClient] Waiting for semaphore. In queue: 1 | Active calls: 18 | Available permits: 62
May 06, 2026 2:49:15 PM arch.GeminiClient getResponse
INFO: [GeminiClient] Acquired semaphore. Active calls: 19
May 06, 2026 2:49:16 PM arch.GeminiClient getResponse
INFO: [GeminiClient] Waiting for semaphore. In queue: 1 | Active calls: 19 | Available permits: 61
May 06, 2026 2:49:16 PM arch.GeminiClient getResponse
INFO: [GeminiClient] Acquired semaphore. Active calls: 19
May 06, 2026 2:49:16 PM arch.GeminiClient getResponse
INFO: [GeminiClient] Got response. Active calls: 18
May 06, 2026 2:49:16 PM arch.GeminiClient getResponse
INFO: [GeminiClient] Waiting for semaphore. In queue: 1 | Active calls: 18 | Available permits: 61
May 06, 2026 2:49:16 PM arch.GeminiClient getResponse
INFO: [GeminiClient] Waiting for semaphore. In queue: 1 | Active calls: 19 | Available permits: 60
May 06, 2026 2:49:16 PM arch.GeminiClient getResponse
INFO: [GeminiClient] Acquired semaphore. Active calls: 20
May 06, 2026 2:49:16 PM arch.GeminiClient getResponse
INFO: [GeminiClient] Got response. Active calls: 18
May 06, 2026 2:49:17 PM arch.GeminiClient getResponse
INFO: [GeminiClient] Waiting for semaphore. In queue: 1 | Active calls: 19 | Available permits: 60
May 06, 2026 2:49:17 PM arch.GeminiClient getResponse
INFO: [GeminiClient] Acquired semaphore. Active calls: 20
May 06, 2026 2:49:16 PM arch.GeminiClient getResponse
INFO: [GeminiClient] Acquired semaphore. Active calls: 19
May 06, 2026 2:49:17 PM arch.GeminiClient getResponse
INFO: [GeminiClient] Got response. Active calls: 19
May 06, 2026 2:49:17 PM arch.GeminiClient getResponse
INFO: [GeminiClient] Waiting for semaphore. In queue: 1 | Active calls: 19 | Available permits: 60
May 06, 2026 2:49:17 PM arch.GeminiClient getResponse
INFO: [GeminiClient] Acquired semaphore. Active calls: 20
May 06, 2026 2:49:16 PM arch.GeminiClient getResponse
INFO: [GeminiClient] Got response. Active calls: 19
May 06, 2026 2:49:17 PM arch.GeminiClient getResponse
INFO: [GeminiClient] Waiting for semaphore. In queue: 1 | Active calls: 20 | Available permits: 60
May 06, 2026 2:49:17 PM arch.GeminiClient getResponse
INFO: [GeminiClient] Got response. Active calls: 20
May 06, 2026 2:49:17 PM arch.GeminiClient getResponse
INFO: [GeminiClient] Waiting for semaphore. In queue: 1 | Active calls: 20 | Available permits: 60
May 06, 2026 2:49:17 PM arch.GeminiClient getResponse
INFO: [GeminiClient] Acquired semaphore. Active calls: 21
May 06, 2026 2:49:17 PM arch.GeminiClient getResponse
INFO: [GeminiClient] Acquired semaphore. Active calls: 21
May 06, 2026 2:49:18 PM arch.GeminiClient getResponse
INFO: [GeminiClient] Got response. Active calls: 20
May 06, 2026 2:49:18 PM arch.GeminiClient getResponse
INFO: [GeminiClient] Waiting for semaphore. In queue: 1 | Active calls: 20 | Available permits: 60
May 06, 2026 2:49:18 PM arch.GeminiClient getResponse
INFO: [GeminiClient] Acquired semaphore. Active calls: 21
May 06, 2026 2:49:18 PM arch.GeminiClient getResponse
INFO: [GeminiClient] Waiting for semaphore. In queue: 1 | Active calls: 21 | Available permits: 59
May 06, 2026 2:49:18 PM arch.GeminiClient getResponse
INFO: [GeminiClient] Acquired semaphore. Active calls: 22
May 06, 2026 2:49:18 PM arch.GeminiClient getResponse
INFO: [GeminiClient] Got response. Active calls: 21
May 06, 2026 2:49:18 PM arch.GeminiClient getResponse
INFO: [GeminiClient] Got response. Active calls: 20
May 06, 2026 2:49:18 PM arch.GeminiClient getResponse
INFO: [GeminiClient] Waiting for semaphore. In queue: 1 | Active calls: 20 | Available permits: 60
May 06, 2026 2:49:18 PM arch.GeminiClient getResponse
INFO: [GeminiClient] Acquired semaphore. Active calls: 21
May 06, 2026 2:49:19 PM arch.GeminiClient getResponse
INFO: [GeminiClient] Waiting for semaphore. In queue: 1 | Active calls: 21 | Available permits: 59
May 06, 2026 2:49:19 PM arch.GeminiClient getResponse
INFO: [GeminiClient] Acquired semaphore. Active calls: 22
May 06, 2026 2:49:19 PM arch.GeminiClient getResponse
INFO: [GeminiClient] Got response. Active calls: 21
May 06, 2026 2:49:19 PM arch.GeminiClient getResponse
INFO: [GeminiClient] Got response. Active calls: 18
May 06, 2026 2:49:19 PM arch.GeminiClient getResponse
INFO: [GeminiClient] Got response. Active calls: 17
May 06, 2026 2:49:19 PM arch.GeminiClient getResponse
INFO: [GeminiClient] Waiting for semaphore. In queue: 1 | Active calls: 16 | Available permits: 61
May 06, 2026 2:49:19 PM arch.GeminiClient getResponse
INFO: [GeminiClient] Acquired semaphore. Active calls: 17
May 06, 2026 2:49:20 PM arch.GeminiClient getResponse
INFO: [GeminiClient] Got response. Active calls: 16
May 06, 2026 2:49:20 PM arch.GeminiClient getResponse
INFO: [GeminiClient] Waiting for semaphore. In queue: 1 | Active calls: 16 | Available permits: 61
May 06, 2026 2:49:20 PM arch.GeminiClient getResponse
INFO: [GeminiClient] Acquired semaphore. Active calls: 17
May 06, 2026 2:49:19 PM arch.GeminiClient getResponse
INFO: [GeminiClient] Got response. Active calls: 20
May 06, 2026 2:49:19 PM arch.GeminiClient getResponse
INFO: [GeminiClient] Got response. Active calls: 19
May 06, 2026 2:49:20 PM arch.GeminiClient getResponse
INFO: [GeminiClient] Waiting for semaphore. In queue: 1 | Active calls: 17 | Available permits: 62
May 06, 2026 2:49:20 PM arch.GeminiClient getResponse
INFO: [GeminiClient] Acquired semaphore. Active calls: 18
May 06, 2026 2:49:20 PM arch.GeminiClient getResponse
INFO: [GeminiClient] Waiting for semaphore. In queue: 1 | Active calls: 18 | Available permits: 61
May 06, 2026 2:49:20 PM arch.GeminiClient getResponse
INFO: [GeminiClient] Acquired semaphore. Active calls: 19
May 06, 2026 2:49:20 PM arch.GeminiClient getResponse
INFO: [GeminiClient] Waiting for semaphore. In queue: 1 | Active calls: 19 | Available permits: 60
May 06, 2026 2:49:20 PM arch.GeminiClient getResponse
INFO: [GeminiClient] Acquired semaphore. Active calls: 20
May 06, 2026 2:49:19 PM arch.GeminiClient getResponse
INFO: [GeminiClient] Got response. Active calls: 16
May 06, 2026 2:49:20 PM arch.GeminiClient getResponse
INFO: [GeminiClient] Waiting for semaphore. In queue: 1 | Active calls: 20 | Available permits: 60
May 06, 2026 2:49:20 PM arch.GeminiClient getResponse
INFO: [GeminiClient] Acquired semaphore. Active calls: 21
May 06, 2026 2:49:20 PM arch.GeminiClient getResponse
INFO: [GeminiClient] Waiting for semaphore. In queue: 1 | Active calls: 21 | Available permits: 59
May 06, 2026 2:49:20 PM arch.GeminiClient getResponse
INFO: [GeminiClient] Acquired semaphore. Active calls: 22
May 06, 2026 2:49:20 PM arch.GeminiClient getResponse
INFO: [GeminiClient] Waiting for semaphore. In queue: 1 | Active calls: 22 | Available permits: 58
May 06, 2026 2:49:20 PM arch.GeminiClient getResponse
INFO: [GeminiClient] Acquired semaphore. Active calls: 23
May 06, 2026 2:49:20 PM arch.GeminiClient getResponse
INFO: [GeminiClient] Got response. Active calls: 22
May 06, 2026 2:49:20 PM arch.GeminiClient getResponse
INFO: [GeminiClient] Waiting for semaphore. In queue: 1 | Active calls: 22 | Available permits: 58
May 06, 2026 2:49:20 PM arch.GeminiClient getResponse
INFO: [GeminiClient] Acquired semaphore. Active calls: 23
May 06, 2026 2:49:20 PM arch.GeminiClient getResponse
INFO: [GeminiClient] Waiting for semaphore. In queue: 1 | Active calls: 23 | Available permits: 57
May 06, 2026 2:49:20 PM arch.GeminiClient getResponse
INFO: [GeminiClient] Acquired semaphore. Active calls: 24
May 06, 2026 2:49:20 PM arch.GeminiClient getResponse
INFO: [GeminiClient] Waiting for semaphore. In queue: 1 | Active calls: 24 | Available permits: 56
May 06, 2026 2:49:20 PM arch.GeminiClient getResponse
INFO: [GeminiClient] Acquired semaphore. Active calls: 24
May 06, 2026 2:49:21 PM arch.GeminiClient getResponse
INFO: [GeminiClient] Waiting for semaphore. In queue: 1 | Active calls: 24 | Available permits: 55
May 06, 2026 2:49:21 PM arch.GeminiClient getResponse
INFO: [GeminiClient] Acquired semaphore. Active calls: 25
May 06, 2026 2:49:20 PM arch.GeminiClient getResponse
INFO: [GeminiClient] Got response. Active calls: 23
May 06, 2026 2:49:21 PM arch.GeminiClient getResponse
INFO: [GeminiClient] Waiting for semaphore. In queue: 1 | Active calls: 24 | Available permits: 55
May 06, 2026 2:49:21 PM arch.GeminiClient getResponse
INFO: [GeminiClient] Got response. Active calls: 24
May 06, 2026 2:49:21 PM arch.GeminiClient getResponse
INFO: [GeminiClient] Acquired semaphore. Active calls: 25
May 06, 2026 2:49:22 PM arch.GeminiClient getResponse
INFO: [GeminiClient] Got response. Active calls: 24
May 06, 2026 2:49:22 PM arch.GeminiClient getResponse
INFO: [GeminiClient] Waiting for semaphore. In queue: 1 | Active calls: 24 | Available permits: 56
May 06, 2026 2:49:22 PM arch.GeminiClient getResponse
INFO: [GeminiClient] Acquired semaphore. Active calls: 25
May 06, 2026 2:49:22 PM arch.GeminiClient getResponse
INFO: [GeminiClient] Waiting for semaphore. In queue: 1 | Active calls: 25 | Available permits: 55
May 06, 2026 2:49:22 PM arch.GeminiClient getResponse
INFO: [GeminiClient] Acquired semaphore. Active calls: 26
May 06, 2026 2:49:23 PM arch.GeminiClient getResponse
INFO: [GeminiClient] Waiting for semaphore. In queue: 1 | Active calls: 26 | Available permits: 54
May 06, 2026 2:49:23 PM arch.GeminiClient getResponse
INFO: [GeminiClient] Acquired semaphore. Active calls: 27
May 06, 2026 2:49:23 PM arch.GeminiClient getResponse
INFO: [GeminiClient] Got response. Active calls: 26
May 06, 2026 2:49:23 PM arch.GeminiClient getResponse
INFO: [GeminiClient] Waiting for semaphore. In queue: 1 | Active calls: 22 | Available permits: 54
May 06, 2026 2:49:23 PM arch.GeminiClient getResponse
INFO: [GeminiClient] Acquired semaphore. Active calls: 23
May 06, 2026 2:49:23 PM arch.GeminiClient getResponse
INFO: [GeminiClient] Waiting for semaphore. In queue: 1 | Active calls: 23 | Available permits: 53
May 06, 2026 2:49:23 PM arch.GeminiClient getResponse
INFO: [GeminiClient] Acquired semaphore. Active calls: 24
May 06, 2026 2:49:23 PM arch.GeminiClient getResponse
INFO: [GeminiClient] Got response. Active calls: 25
May 06, 2026 2:49:23 PM arch.GeminiClient getResponse
INFO: [GeminiClient] Got response. Active calls: 24
May 06, 2026 2:49:23 PM arch.GeminiClient getResponse
INFO: [GeminiClient] Got response. Active calls: 23
May 06, 2026 2:49:23 PM arch.GeminiClient getResponse
INFO: [GeminiClient] Got response. Active calls: 22
May 06, 2026 2:49:23 PM arch.GeminiClient getResponse
INFO: [GeminiClient] Waiting for semaphore. In queue: 1 | Active calls: 24 | Available permits: 56
May 06, 2026 2:49:23 PM arch.GeminiClient getResponse
INFO: [GeminiClient] Acquired semaphore. Active calls: 25
May 06, 2026 2:49:24 PM arch.GeminiClient getResponse
INFO: [GeminiClient] Waiting for semaphore. In queue: 1 | Active calls: 25 | Available permits: 55
May 06, 2026 2:49:24 PM arch.GeminiClient getResponse
INFO: [GeminiClient] Acquired semaphore. Active calls: 26
May 06, 2026 2:49:24 PM arch.GeminiClient getResponse
INFO: [GeminiClient] Got response. Active calls: 25
May 06, 2026 2:49:24 PM arch.GeminiClient getResponse
INFO: [GeminiClient] Waiting for semaphore. In queue: 1 | Active calls: 25 | Available permits: 55
May 06, 2026 2:49:24 PM arch.GeminiClient getResponse
INFO: [GeminiClient] Acquired semaphore. Active calls: 26
May 06, 2026 2:49:24 PM arch.GeminiClient getResponse
INFO: [GeminiClient] Got response. Active calls: 25
May 06, 2026 2:49:24 PM arch.GeminiClient getResponse
INFO: [GeminiClient] Waiting for semaphore. In queue: 1 | Active calls: 23 | Available permits: 55
May 06, 2026 2:49:24 PM arch.GeminiClient getResponse
INFO: [GeminiClient] Acquired semaphore. Active calls: 24
May 06, 2026 2:49:25 PM arch.GeminiClient getResponse
INFO: [GeminiClient] Got response. Active calls: 23
May 06, 2026 2:49:24 PM arch.GeminiClient getResponse
INFO: [GeminiClient] Got response. Active calls: 23
May 06, 2026 2:49:24 PM arch.GeminiClient getResponse
INFO: [GeminiClient] Got response. Active calls: 24
May 06, 2026 2:49:25 PM arch.GeminiClient getResponse
INFO: [GeminiClient] Got response. Active calls: 22
May 06, 2026 2:49:25 PM arch.GeminiClient getResponse
INFO: [GeminiClient] Waiting for semaphore. In queue: 1 | Active calls: 20 | Available permits: 58
May 06, 2026 2:49:25 PM arch.GeminiClient getResponse
INFO: [GeminiClient] Acquired semaphore. Active calls: 21
May 06, 2026 2:49:25 PM arch.GeminiClient getResponse
INFO: [GeminiClient] Got response. Active calls: 20
May 06, 2026 2:49:25 PM arch.GeminiClient getResponse
INFO: [GeminiClient] Waiting for semaphore. In queue: 1 | Active calls: 20 | Available permits: 58
May 06, 2026 2:49:25 PM arch.GeminiClient getResponse
INFO: [GeminiClient] Got response. Active calls: 20
May 06, 2026 2:49:25 PM arch.GeminiClient getResponse
INFO: [GeminiClient] Got response. Active calls: 21
May 06, 2026 2:49:25 PM arch.GeminiClient getResponse
INFO: [GeminiClient] Got response. Active calls: 20
May 06, 2026 2:49:26 PM arch.GeminiClient getResponse
INFO: [GeminiClient] Waiting for semaphore. In queue: 1 | Active calls: 20 | Available permits: 60
May 06, 2026 2:49:26 PM arch.GeminiClient getResponse
INFO: [GeminiClient] Acquired semaphore. Active calls: 21
May 06, 2026 2:49:26 PM arch.GeminiClient getResponse
INFO: [GeminiClient] Got response. Active calls: 20
May 06, 2026 2:49:26 PM arch.GeminiClient getResponse
INFO: [GeminiClient] Waiting for semaphore. In queue: 1 | Active calls: 20 | Available permits: 60
May 06, 2026 2:49:26 PM arch.GeminiClient getResponse
INFO: [GeminiClient] Acquired semaphore. Active calls: 21
May 06, 2026 2:49:26 PM arch.GeminiClient getResponse
INFO: [GeminiClient] Waiting for semaphore. In queue: 1 | Active calls: 21 | Available permits: 59
May 06, 2026 2:49:26 PM arch.GeminiClient getResponse
INFO: [GeminiClient] Acquired semaphore. Active calls: 22
May 06, 2026 2:49:25 PM arch.GeminiClient getResponse
INFO: [GeminiClient] Acquired semaphore. Active calls: 21
May 06, 2026 2:49:26 PM arch.GeminiClient getResponse
INFO: [GeminiClient] Waiting for semaphore. In queue: 1 | Active calls: 22 | Available permits: 58
May 06, 2026 2:49:26 PM arch.GeminiClient getResponse
INFO: [GeminiClient] Acquired semaphore. Active calls: 23
May 06, 2026 2:49:26 PM arch.GeminiClient getResponse
INFO: [GeminiClient] Got response. Active calls: 22
May 06, 2026 2:49:26 PM arch.GeminiClient getResponse
INFO: [GeminiClient] Waiting for semaphore. In queue: 1 | Active calls: 22 | Available permits: 58
May 06, 2026 2:49:26 PM arch.GeminiClient getResponse
INFO: [GeminiClient] Acquired semaphore. Active calls: 23
May 06, 2026 2:49:26 PM arch.GeminiClient getResponse
INFO: [GeminiClient] Waiting for semaphore. In queue: 1 | Active calls: 23 | Available permits: 57
May 06, 2026 2:49:27 PM arch.GeminiClient getResponse
INFO: [GeminiClient] Got response. Active calls: 23
May 06, 2026 2:49:27 PM arch.GeminiClient getResponse
INFO: [GeminiClient] Got response. Active calls: 22
May 06, 2026 2:49:27 PM arch.GeminiClient getResponse
INFO: [GeminiClient] Got response. Active calls: 20
May 06, 2026 2:49:27 PM arch.GeminiClient getResponse
INFO: [GeminiClient] Got response. Active calls: 19
May 06, 2026 2:49:27 PM arch.GeminiClient getResponse
INFO: [GeminiClient] Waiting for semaphore. In queue: 1 | Active calls: 19 | Available permits: 60
May 06, 2026 2:49:27 PM arch.GeminiClient getResponse
INFO: [GeminiClient] Acquired semaphore. Active calls: 20
May 06, 2026 2:49:27 PM arch.GeminiClient getResponse
INFO: [GeminiClient] Waiting for semaphore. In queue: 1 | Active calls: 20 | Available permits: 59
May 06, 2026 2:49:26 PM arch.GeminiClient getResponse
INFO: [GeminiClient] Acquired semaphore. Active calls: 24
May 06, 2026 2:49:27 PM arch.GeminiClient getResponse
INFO: [GeminiClient] Waiting for semaphore. In queue: 1 | Active calls: 21 | Available permits: 58
May 06, 2026 2:49:27 PM arch.GeminiClient getResponse
INFO: [GeminiClient] Acquired semaphore. Active calls: 22
May 06, 2026 2:49:27 PM arch.GeminiClient getResponse
INFO: [GeminiClient] Got response. Active calls: 21
May 06, 2026 2:49:28 PM arch.GeminiClient getResponse
INFO: [GeminiClient] Waiting for semaphore. In queue: 1 | Active calls: 22 | Available permits: 58
May 06, 2026 2:49:28 PM arch.GeminiClient getResponse
INFO: [GeminiClient] Acquired semaphore. Active calls: 23
May 06, 2026 2:49:28 PM arch.GeminiClient getResponse
INFO: [GeminiClient] Waiting for semaphore. In queue: 1 | Active calls: 23 | Available permits: 57
May 06, 2026 2:49:28 PM arch.GeminiClient getResponse
INFO: [GeminiClient] Acquired semaphore. Active calls: 23
May 06, 2026 2:49:28 PM arch.GeminiClient getResponse
INFO: [GeminiClient] Waiting for semaphore. In queue: 1 | Active calls: 23 | Available permits: 56
May 06, 2026 2:49:28 PM arch.GeminiClient getResponse
INFO: [GeminiClient] Acquired semaphore. Active calls: 24
May 06, 2026 2:49:27 PM arch.GeminiClient getResponse
INFO: [GeminiClient] Acquired semaphore. Active calls: 21
May 06, 2026 2:49:28 PM arch.GeminiClient getResponse
INFO: [GeminiClient] Waiting for semaphore. In queue: 1 | Active calls: 24 | Available permits: 55
May 06, 2026 2:49:28 PM arch.GeminiClient getResponse
INFO: [GeminiClient] Acquired semaphore. Active calls: 25
May 06, 2026 2:49:28 PM arch.GeminiClient getResponse
INFO: [GeminiClient] Waiting for semaphore. In queue: 1 | Active calls: 25 | Available permits: 54
May 06, 2026 2:49:28 PM arch.GeminiClient getResponse
INFO: [GeminiClient] Acquired semaphore. Active calls: 26
May 06, 2026 2:49:28 PM arch.GeminiClient getResponse
INFO: [GeminiClient] Got response. Active calls: 22
May 06, 2026 2:49:28 PM arch.GeminiClient getResponse
INFO: [GeminiClient] Got response. Active calls: 25
May 06, 2026 2:49:28 PM arch.GeminiClient getResponse
INFO: [GeminiClient] Waiting for semaphore. In queue: 1 | Active calls: 25 | Available permits: 55
May 06, 2026 2:49:28 PM arch.GeminiClient getResponse
INFO: [GeminiClient] Got response. Active calls: 25
May 06, 2026 2:49:28 PM arch.GeminiClient getResponse
INFO: [GeminiClient] Waiting for semaphore. In queue: 1 | Active calls: 25 | Available permits: 55
May 06, 2026 2:49:28 PM arch.GeminiClient getResponse
INFO: [GeminiClient] Waiting for semaphore. In queue: 1 | Active calls: 26 | Available permits: 54
May 06, 2026 2:49:28 PM arch.GeminiClient getResponse
INFO: [GeminiClient] Acquired semaphore. Active calls: 27
May 06, 2026 2:49:28 PM arch.GeminiClient getResponse
INFO: [GeminiClient] Acquired semaphore. Active calls: 26
May 06, 2026 2:49:29 PM arch.GeminiClient getResponse
INFO: [GeminiClient] Got response. Active calls: 26
May 06, 2026 2:49:29 PM arch.GeminiClient getResponse
INFO: [GeminiClient] Got response. Active calls: 25
May 06, 2026 2:49:28 PM arch.GeminiClient getResponse
INFO: [GeminiClient] Acquired semaphore. Active calls: 26
May 06, 2026 2:49:29 PM arch.GeminiClient getResponse
INFO: [GeminiClient] Waiting for semaphore. In queue: 1 | Active calls: 25 | Available permits: 55
May 06, 2026 2:49:29 PM arch.GeminiClient getResponse
INFO: [GeminiClient] Acquired semaphore. Active calls: 26
May 06, 2026 2:49:29 PM arch.GeminiClient lambda$static$1
INFO: [WATCHDOG] permits=54 activeGemini=26 waitingForSemaphore=0 executorQueueSize=0 executorActiveThreads=26
May 06, 2026 2:49:29 PM arch.GeminiClient getResponse
INFO: [GeminiClient] Got response. Active calls: 25
May 06, 2026 2:49:29 PM arch.GeminiClient getResponse
INFO: [GeminiClient] Waiting for semaphore. In queue: 1 | Active calls: 25 | Available permits: 55
May 06, 2026 2:49:29 PM arch.GeminiClient getResponse
INFO: [GeminiClient] Acquired semaphore. Active calls: 26
May 06, 2026 2:49:29 PM arch.GeminiClient getResponse
INFO: [GeminiClient] Got response. Active calls: 25
May 06, 2026 2:49:30 PM arch.GeminiClient getResponse
INFO: [GeminiClient] Waiting for semaphore. In queue: 1 | Active calls: 24 | Available permits: 55
May 06, 2026 2:49:30 PM arch.GeminiClient getResponse
INFO: [GeminiClient] Acquired semaphore. Active calls: 25
May 06, 2026 2:49:29 PM arch.GeminiClient getResponse
INFO: [GeminiClient] Got response. Active calls: 24
May 06, 2026 2:49:30 PM arch.GeminiClient getResponse
INFO: [GeminiClient] Got response. Active calls: 23
May 06, 2026 2:49:31 PM arch.GeminiClient getResponse
INFO: [GeminiClient] Got response. Active calls: 21
May 06, 2026 2:49:30 PM arch.GeminiClient getResponse
INFO: [GeminiClient] Got response. Active calls: 24
May 06, 2026 2:49:31 PM arch.GeminiClient getResponse
INFO: [GeminiClient] Waiting for semaphore. In queue: 1 | Active calls: 21 | Available permits: 58
May 06, 2026 2:49:31 PM arch.GeminiClient getResponse
INFO: [GeminiClient] Acquired semaphore. Active calls: 22
May 06, 2026 2:49:31 PM arch.GeminiClient getResponse
INFO: [GeminiClient] Got response. Active calls: 21
May 06, 2026 2:49:30 PM arch.GeminiClient getResponse
INFO: [GeminiClient] Got response. Active calls: 22
May 06, 2026 2:49:31 PM arch.GeminiClient getResponse
INFO: [GeminiClient] Waiting for semaphore. In queue: 1 | Active calls: 21 | Available permits: 59
May 06, 2026 2:49:31 PM arch.GeminiClient getResponse
INFO: [GeminiClient] Acquired semaphore. Active calls: 22
May 06, 2026 2:49:32 PM arch.GeminiClient getResponse
INFO: [GeminiClient] Waiting for semaphore. In queue: 1 | Active calls: 22 | Available permits: 58
May 06, 2026 2:49:32 PM arch.GeminiClient getResponse
INFO: [GeminiClient] Acquired semaphore. Active calls: 23
May 06, 2026 2:49:32 PM arch.GeminiClient getResponse
INFO: [GeminiClient] Got response. Active calls: 22
May 06, 2026 2:49:32 PM arch.GeminiClient getResponse
INFO: [GeminiClient] Got response. Active calls: 21
May 06, 2026 2:49:32 PM arch.GeminiClient getResponse
INFO: [GeminiClient] Waiting for semaphore. In queue: 1 | Active calls: 21 | Available permits: 59
May 06, 2026 2:49:32 PM arch.GeminiClient getResponse
INFO: [GeminiClient] Acquired semaphore. Active calls: 22
May 06, 2026 2:49:32 PM arch.GeminiClient getResponse
INFO: [GeminiClient] Waiting for semaphore. In queue: 1 | Active calls: 22 | Available permits: 58
May 06, 2026 2:49:32 PM arch.GeminiClient getResponse
INFO: [GeminiClient] Acquired semaphore. Active calls: 23
May 06, 2026 2:49:32 PM arch.GeminiClient getResponse
INFO: [GeminiClient] Got response. Active calls: 22
May 06, 2026 2:49:32 PM arch.GeminiClient getResponse
INFO: [GeminiClient] Got response. Active calls: 21
May 06, 2026 2:49:32 PM arch.GeminiClient getResponse
INFO: [GeminiClient] Got response. Active calls: 20
May 06, 2026 2:49:33 PM arch.GeminiClient getResponse
INFO: [GeminiClient] Got response. Active calls: 19
May 06, 2026 2:49:33 PM arch.GeminiClient getResponse
INFO: [GeminiClient] Got response. Active calls: 18
May 06, 2026 2:49:33 PM arch.GeminiClient getResponse
INFO: [GeminiClient] Got response. Active calls: 17
May 06, 2026 2:49:33 PM arch.GeminiClient getResponse
INFO: [GeminiClient] Waiting for semaphore. In queue: 1 | Active calls: 17 | Available permits: 63
May 06, 2026 2:49:33 PM arch.GeminiClient getResponse
INFO: [GeminiClient] Acquired semaphore. Active calls: 18
May 06, 2026 2:49:33 PM arch.GeminiClient getResponse
INFO: [GeminiClient] Waiting for semaphore. In queue: 1 | Active calls: 18 | Available permits: 62
May 06, 2026 2:49:33 PM arch.GeminiClient getResponse
INFO: [GeminiClient] Acquired semaphore. Active calls: 19
May 06, 2026 2:49:33 PM arch.GeminiClient getResponse
INFO: [GeminiClient] Waiting for semaphore. In queue: 1 | Active calls: 19 | Available permits: 61
May 06, 2026 2:49:33 PM arch.GeminiClient getResponse
INFO: [GeminiClient] Acquired semaphore. Active calls: 20
May 06, 2026 2:49:33 PM arch.GeminiClient getResponse
INFO: [GeminiClient] Waiting for semaphore. In queue: 1 | Active calls: 20 | Available permits: 60
May 06, 2026 2:49:33 PM arch.GeminiClient getResponse
INFO: [GeminiClient] Acquired semaphore. Active calls: 21
May 06, 2026 2:49:34 PM arch.GeminiClient getResponse
INFO: [GeminiClient] Got response. Active calls: 20
May 06, 2026 2:49:34 PM arch.GeminiClient getResponse
INFO: [GeminiClient] Got response. Active calls: 16
May 06, 2026 2:49:34 PM arch.GeminiClient getResponse
INFO: [GeminiClient] Got response. Active calls: 15
May 06, 2026 2:49:34 PM arch.GeminiClient getResponse
INFO: [GeminiClient] Waiting for semaphore. In queue: 1 | Active calls: 15 | Available permits: 62
May 06, 2026 2:49:34 PM arch.GeminiClient getResponse
INFO: [GeminiClient] Acquired semaphore. Active calls: 16
May 06, 2026 2:49:34 PM arch.GeminiClient getResponse
INFO: [GeminiClient] Waiting for semaphore. In queue: 1 | Active calls: 16 | Available permits: 61
May 06, 2026 2:49:34 PM arch.GeminiClient getResponse
INFO: [GeminiClient] Acquired semaphore. Active calls: 17
May 06, 2026 2:49:34 PM arch.GeminiClient getResponse
INFO: [GeminiClient] Got response. Active calls: 19
May 06, 2026 2:49:34 PM arch.GeminiClient getResponse
INFO: [GeminiClient] Got response. Active calls: 18
May 06, 2026 2:49:34 PM arch.GeminiClient getResponse
INFO: [GeminiClient] Got response. Active calls: 17
May 06, 2026 2:49:34 PM arch.GeminiClient getResponse
INFO: [GeminiClient] Got response. Active calls: 16
May 06, 2026 2:49:35 PM arch.GeminiClient getResponse
INFO: [GeminiClient] Got response. Active calls: 14
May 06, 2026 2:49:35 PM arch.GeminiClient getResponse
INFO: [GeminiClient] Waiting for semaphore. In queue: 1 | Active calls: 13 | Available permits: 65
May 06, 2026 2:49:35 PM arch.GeminiClient getResponse
INFO: [GeminiClient] Acquired semaphore. Active calls: 14
May 06, 2026 2:49:35 PM arch.GeminiClient getResponse
INFO: [GeminiClient] Got response. Active calls: 13
May 06, 2026 2:49:35 PM arch.GeminiClient getResponse
INFO: [GeminiClient] Waiting for semaphore. In queue: 1 | Active calls: 13 | Available permits: 65
May 06, 2026 2:49:35 PM arch.GeminiClient getResponse
INFO: [GeminiClient] Acquired semaphore. Active calls: 14
May 06, 2026 2:49:35 PM arch.GeminiClient getResponse
INFO: [GeminiClient] Waiting for semaphore. In queue: 1 | Active calls: 14 | Available permits: 64
May 06, 2026 2:49:35 PM arch.GeminiClient getResponse
INFO: [GeminiClient] Acquired semaphore. Active calls: 14
May 06, 2026 2:49:34 PM arch.GeminiClient getResponse
INFO: [GeminiClient] Got response. Active calls: 15
May 06, 2026 2:49:35 PM arch.GeminiClient getResponse
INFO: [GeminiClient] Waiting for semaphore. In queue: 1 | Active calls: 14 | Available permits: 64
May 06, 2026 2:49:35 PM arch.GeminiClient getResponse
INFO: [GeminiClient] Acquired semaphore. Active calls: 15
May 06, 2026 2:49:35 PM arch.GeminiClient getResponse
INFO: [GeminiClient] Got response. Active calls: 13
May 06, 2026 2:49:35 PM arch.GeminiClient getResponse
INFO: [GeminiClient] Waiting for semaphore. In queue: 1 | Active calls: 15 | Available permits: 64
May 06, 2026 2:49:35 PM arch.GeminiClient getResponse
INFO: [GeminiClient] Acquired semaphore. Active calls: 16
May 06, 2026 2:49:35 PM arch.GeminiClient getResponse
INFO: [GeminiClient] Waiting for semaphore. In queue: 1 | Active calls: 16 | Available permits: 63
May 06, 2026 2:49:35 PM arch.GeminiClient getResponse
INFO: [GeminiClient] Acquired semaphore. Active calls: 17
May 06, 2026 2:49:35 PM arch.GeminiClient getResponse
INFO: [GeminiClient] Got response. Active calls: 13
May 06, 2026 2:49:35 PM arch.GeminiClient getResponse
INFO: [GeminiClient] Waiting for semaphore. In queue: 1 | Active calls: 17 | Available permits: 63
May 06, 2026 2:49:35 PM arch.GeminiClient getResponse
INFO: [GeminiClient] Acquired semaphore. Active calls: 18
May 06, 2026 2:49:36 PM arch.GeminiClient getResponse
INFO: [GeminiClient] Waiting for semaphore. In queue: 1 | Active calls: 18 | Available permits: 62
May 06, 2026 2:49:36 PM arch.GeminiClient getResponse
INFO: [GeminiClient] Waiting for semaphore. In queue: 1 | Active calls: 19 | Available permits: 61
May 06, 2026 2:49:36 PM arch.GeminiClient getResponse
INFO: [GeminiClient] Acquired semaphore. Active calls: 20
May 06, 2026 2:49:37 PM arch.GeminiClient getResponse
INFO: [GeminiClient] Waiting for semaphore. In queue: 1 | Active calls: 20 | Available permits: 60
May 06, 2026 2:49:37 PM arch.GeminiClient getResponse
INFO: [GeminiClient] Acquired semaphore. Active calls: 21
May 06, 2026 2:49:37 PM arch.GeminiClient getResponse
INFO: [GeminiClient] Got response. Active calls: 20
May 06, 2026 2:49:36 PM arch.GeminiClient getResponse
INFO: [GeminiClient] Acquired semaphore. Active calls: 19
May 06, 2026 2:49:37 PM arch.GeminiClient getResponse
INFO: [GeminiClient] Waiting for semaphore. In queue: 1 | Active calls: 20 | Available permits: 60
May 06, 2026 2:49:37 PM arch.GeminiClient getResponse
INFO: [GeminiClient] Acquired semaphore. Active calls: 21
May 06, 2026 2:49:37 PM arch.GeminiClient getResponse
INFO: [GeminiClient] Got response. Active calls: 19
May 06, 2026 2:49:37 PM arch.GeminiClient getResponse
INFO: [GeminiClient] Got response. Active calls: 18
May 06, 2026 2:49:37 PM arch.GeminiClient getResponse
INFO: [GeminiClient] Got response. Active calls: 17
May 06, 2026 2:49:37 PM arch.GeminiClient getResponse
INFO: [GeminiClient] Got response. Active calls: 20
May 06, 2026 2:49:38 PM arch.GeminiClient getResponse
INFO: [GeminiClient] Waiting for semaphore. In queue: 1 | Active calls: 17 | Available permits: 63
May 06, 2026 2:49:38 PM arch.GeminiClient getResponse
INFO: [GeminiClient] Acquired semaphore. Active calls: 18
May 06, 2026 2:49:38 PM arch.GeminiClient getResponse
INFO: [GeminiClient] Got response. Active calls: 17
May 06, 2026 2:49:38 PM arch.GeminiClient getResponse
INFO: [GeminiClient] Waiting for semaphore. In queue: 1 | Active calls: 17 | Available permits: 63
May 06, 2026 2:49:38 PM arch.GeminiClient getResponse
INFO: [GeminiClient] Acquired semaphore. Active calls: 18
May 06, 2026 2:49:38 PM arch.GeminiClient getResponse
INFO: [GeminiClient] Waiting for semaphore. In queue: 1 | Active calls: 18 | Available permits: 62
May 06, 2026 2:49:38 PM arch.GeminiClient getResponse
INFO: [GeminiClient] Acquired semaphore. Active calls: 19
May 06, 2026 2:49:38 PM arch.GeminiClient getResponse
INFO: [GeminiClient] Waiting for semaphore. In queue: 1 | Active calls: 19 | Available permits: 61
May 06, 2026 2:49:38 PM arch.GeminiClient getResponse
INFO: [GeminiClient] Acquired semaphore. Active calls: 20
May 06, 2026 2:49:38 PM arch.GeminiClient getResponse
INFO: [GeminiClient] Waiting for semaphore. In queue: 1 | Active calls: 20 | Available permits: 60
May 06, 2026 2:49:38 PM arch.GeminiClient getResponse
INFO: [GeminiClient] Acquired semaphore. Active calls: 21
May 06, 2026 2:49:38 PM arch.GeminiClient getResponse
INFO: [GeminiClient] Waiting for semaphore. In queue: 1 | Active calls: 21 | Available permits: 59
May 06, 2026 2:49:38 PM arch.GeminiClient getResponse
INFO: [GeminiClient] Acquired semaphore. Active calls: 22
May 06, 2026 2:49:38 PM arch.GeminiClient getResponse
INFO: [GeminiClient] Got response. Active calls: 21
May 06, 2026 2:49:38 PM arch.GeminiClient getResponse
INFO: [GeminiClient] Waiting for semaphore. In queue: 1 | Active calls: 21 | Available permits: 59
May 06, 2026 2:49:38 PM arch.GeminiClient getResponse
INFO: [GeminiClient] Acquired semaphore. Active calls: 22
May 06, 2026 2:49:38 PM arch.GeminiClient getResponse
INFO: [GeminiClient] Got response. Active calls: 21
May 06, 2026 2:49:38 PM arch.GeminiClient getResponse
INFO: [GeminiClient] Waiting for semaphore. In queue: 1 | Active calls: 21 | Available permits: 59
May 06, 2026 2:49:38 PM arch.GeminiClient getResponse
INFO: [GeminiClient] Acquired semaphore. Active calls: 22
May 06, 2026 2:49:39 PM arch.GeminiClient getResponse
INFO: [GeminiClient] Got response. Active calls: 21
May 06, 2026 2:49:39 PM arch.GeminiClient getResponse
INFO: [GeminiClient] Got response. Active calls: 20
May 06, 2026 2:49:39 PM arch.GeminiClient getResponse
INFO: [GeminiClient] Waiting for semaphore. In queue: 1 | Active calls: 20 | Available permits: 60
May 06, 2026 2:49:39 PM arch.GeminiClient getResponse
INFO: [GeminiClient] Acquired semaphore. Active calls: 20
May 06, 2026 2:49:39 PM arch.GeminiClient getResponse
INFO: [GeminiClient] Waiting for semaphore. In queue: 1 | Active calls: 20 | Available permits: 59
May 06, 2026 2:49:39 PM arch.GeminiClient getResponse
INFO: [GeminiClient] Acquired semaphore. Active calls: 21
May 06, 2026 2:49:39 PM arch.GeminiClient getResponse
INFO: [GeminiClient] Got response. Active calls: 20
May 06, 2026 2:49:39 PM arch.GeminiClient getResponse
INFO: [GeminiClient] Got response. Active calls: 19
May 06, 2026 2:49:39 PM arch.GeminiClient getResponse
INFO: [GeminiClient] Got response. Active calls: 18
May 06, 2026 2:49:39 PM arch.GeminiClient getResponse
INFO: [GeminiClient] Got response. Active calls: 19
May 06, 2026 2:49:39 PM arch.GeminiClient getResponse
INFO: [GeminiClient] Waiting for semaphore. In queue: 1 | Active calls: 18 | Available permits: 62
May 06, 2026 2:49:39 PM arch.GeminiClient getResponse
INFO: [GeminiClient] Acquired semaphore. Active calls: 19
May 06, 2026 2:49:40 PM arch.GeminiClient getResponse
INFO: [GeminiClient] Waiting for semaphore. In queue: 1 | Active calls: 19 | Available permits: 61
May 06, 2026 2:49:40 PM arch.GeminiClient getResponse
INFO: [GeminiClient] Acquired semaphore. Active calls: 19
May 06, 2026 2:49:40 PM arch.GeminiClient getResponse
INFO: [GeminiClient] Got response. Active calls: 18
May 06, 2026 2:49:40 PM arch.GeminiClient getResponse
INFO: [GeminiClient] Waiting for semaphore. In queue: 1 | Active calls: 18 | Available permits: 61
May 06, 2026 2:49:40 PM arch.GeminiClient getResponse
INFO: [GeminiClient] Acquired semaphore. Active calls: 19
May 06, 2026 2:49:40 PM arch.GeminiClient getResponse
INFO: [GeminiClient] Got response. Active calls: 18
May 06, 2026 2:49:41 PM arch.GeminiClient getResponse
INFO: [GeminiClient] Waiting for semaphore. In queue: 1 | Active calls: 18 | Available permits: 61
May 06, 2026 2:49:41 PM arch.GeminiClient getResponse
INFO: [GeminiClient] Acquired semaphore. Active calls: 19
May 06, 2026 2:49:41 PM arch.GeminiClient getResponse
INFO: [GeminiClient] Got response. Active calls: 18
May 06, 2026 2:49:41 PM arch.GeminiClient getResponse
INFO: [GeminiClient] Got response. Active calls: 18
May 06, 2026 2:49:42 PM arch.GeminiClient getResponse
INFO: [GeminiClient] Got response. Active calls: 17
May 06, 2026 2:49:42 PM arch.GeminiClient getResponse
INFO: [GeminiClient] Waiting for semaphore. In queue: 1 | Active calls: 17 | Available permits: 63
May 06, 2026 2:49:42 PM arch.GeminiClient getResponse
INFO: [GeminiClient] Acquired semaphore. Active calls: 18
May 06, 2026 2:49:42 PM arch.GeminiClient getResponse
INFO: [GeminiClient] Got response. Active calls: 17
May 06, 2026 2:49:42 PM arch.GeminiClient getResponse
INFO: [GeminiClient] Waiting for semaphore. In queue: 1 | Active calls: 17 | Available permits: 63
May 06, 2026 2:49:42 PM arch.GeminiClient getResponse
INFO: [GeminiClient] Acquired semaphore. Active calls: 18
May 06, 2026 2:49:42 PM arch.GeminiClient getResponse
INFO: [GeminiClient] Got response. Active calls: 17
May 06, 2026 2:49:43 PM arch.GeminiClient getResponse
INFO: [GeminiClient] Got response. Active calls: 16
May 06, 2026 2:49:43 PM arch.GeminiClient getResponse
INFO: [GeminiClient] Got response. Active calls: 13
May 06, 2026 2:49:43 PM arch.GeminiClient getResponse
INFO: [GeminiClient] Waiting for semaphore. In queue: 1 | Active calls: 13 | Available permits: 65
May 06, 2026 2:49:43 PM arch.GeminiClient getResponse
INFO: [GeminiClient] Acquired semaphore. Active calls: 14
May 06, 2026 2:49:43 PM arch.GeminiClient getResponse
INFO: [GeminiClient] Got response. Active calls: 15
May 06, 2026 2:49:43 PM arch.GeminiClient getResponse
INFO: [GeminiClient] Waiting for semaphore. In queue: 1 | Active calls: 14 | Available permits: 65
May 06, 2026 2:49:43 PM arch.GeminiClient getResponse
INFO: [GeminiClient] Acquired semaphore. Active calls: 15
May 06, 2026 2:49:43 PM arch.GeminiClient getResponse
INFO: [GeminiClient] Got response. Active calls: 14
May 06, 2026 2:49:44 PM arch.GeminiClient getResponse
INFO: [GeminiClient] Waiting for semaphore. In queue: 1 | Active calls: 15 | Available permits: 65
May 06, 2026 2:49:44 PM arch.GeminiClient getResponse
INFO: [GeminiClient] Waiting for semaphore. In queue: 1 | Active calls: 16 | Available permits: 64
May 06, 2026 2:49:44 PM arch.GeminiClient getResponse
INFO: [GeminiClient] Acquired semaphore. Active calls: 17
May 06, 2026 2:49:44 PM arch.GeminiClient getResponse
INFO: [GeminiClient] Got response. Active calls: 16
May 06, 2026 2:49:44 PM arch.GeminiClient getResponse
INFO: [GeminiClient] Acquired semaphore. Active calls: 16
May 06, 2026 2:49:45 PM arch.GeminiClient getResponse
INFO: [GeminiClient] Waiting for semaphore. In queue: 1 | Active calls: 15 | Available permits: 64
May 06, 2026 2:49:45 PM arch.GeminiClient getResponse
INFO: [GeminiClient] Acquired semaphore. Active calls: 15
May 06, 2026 2:49:45 PM arch.GeminiClient getResponse
INFO: [GeminiClient] Waiting for semaphore. In queue: 1 | Active calls: 15 | Available permits: 63
May 06, 2026 2:49:45 PM arch.GeminiClient getResponse
INFO: [GeminiClient] Acquired semaphore. Active calls: 16
May 06, 2026 2:49:44 PM arch.GeminiClient getResponse
INFO: [GeminiClient] Got response. Active calls: 15
May 06, 2026 2:49:45 PM arch.GeminiClient getResponse
INFO: [GeminiClient] Got response. Active calls: 15
May 06, 2026 2:49:45 PM arch.GeminiClient getResponse
INFO: [GeminiClient] Waiting for semaphore. In queue: 1 | Active calls: 15 | Available permits: 64
May 06, 2026 2:49:45 PM arch.GeminiClient getResponse
INFO: [GeminiClient] Acquired semaphore. Active calls: 15
May 06, 2026 2:49:45 PM arch.GeminiClient getResponse
INFO: [GeminiClient] Waiting for semaphore. In queue: 1 | Active calls: 15 | Available permits: 63
May 06, 2026 2:49:45 PM arch.GeminiClient getResponse
INFO: [GeminiClient] Acquired semaphore. Active calls: 16
May 06, 2026 2:49:45 PM arch.GeminiClient getResponse
INFO: [GeminiClient] Got response. Active calls: 14
May 06, 2026 2:49:45 PM arch.GeminiClient getResponse
INFO: [GeminiClient] Waiting for semaphore. In queue: 1 | Active calls: 16 | Available permits: 63
May 06, 2026 2:49:45 PM arch.GeminiClient getResponse
INFO: [GeminiClient] Acquired semaphore. Active calls: 16
May 06, 2026 2:49:45 PM arch.GeminiClient getResponse
INFO: [GeminiClient] Got response. Active calls: 14
May 06, 2026 2:49:46 PM arch.GeminiClient getResponse
INFO: [GeminiClient] Got response. Active calls: 15
May 06, 2026 2:49:46 PM arch.GeminiClient getResponse
INFO: [GeminiClient] Got response. Active calls: 14
May 06, 2026 2:49:45 PM arch.GeminiClient getResponse
INFO: [GeminiClient] Got response. Active calls: 15
May 06, 2026 2:49:47 PM arch.GeminiClient getResponse
INFO: [GeminiClient] Got response. Active calls: 13
May 06, 2026 2:49:47 PM arch.GeminiClient getResponse
INFO: [GeminiClient] Waiting for semaphore. In queue: 1 | Active calls: 13 | Available permits: 67
May 06, 2026 2:49:47 PM arch.GeminiClient getResponse
INFO: [GeminiClient] Acquired semaphore. Active calls: 13
May 06, 2026 2:49:47 PM arch.GeminiClient getResponse
INFO: [GeminiClient] Waiting for semaphore. In queue: 1 | Active calls: 13 | Available permits: 66
May 06, 2026 2:49:47 PM arch.GeminiClient getResponse
INFO: [GeminiClient] Acquired semaphore. Active calls: 14
May 06, 2026 2:49:47 PM arch.GeminiClient getResponse
INFO: [GeminiClient] Waiting for semaphore. In queue: 1 | Active calls: 14 | Available permits: 65
May 06, 2026 2:49:47 PM arch.GeminiClient getResponse
INFO: [GeminiClient] Acquired semaphore. Active calls: 15
May 06, 2026 2:49:48 PM arch.GeminiClient getResponse
INFO: [GeminiClient] Got response. Active calls: 14
May 06, 2026 2:49:47 PM arch.GeminiClient getResponse
INFO: [GeminiClient] Got response. Active calls: 12
May 06, 2026 2:49:48 PM arch.GeminiClient getResponse
INFO: [GeminiClient] Waiting for semaphore. In queue: 1 | Active calls: 14 | Available permits: 66
May 06, 2026 2:49:48 PM arch.GeminiClient getResponse
INFO: [GeminiClient] Acquired semaphore. Active calls: 15
May 06, 2026 2:49:48 PM arch.GeminiClient getResponse
INFO: [GeminiClient] Waiting for semaphore. In queue: 1 | Active calls: 15 | Available permits: 65
May 06, 2026 2:49:48 PM arch.GeminiClient getResponse
INFO: [GeminiClient] Acquired semaphore. Active calls: 16
May 06, 2026 2:49:48 PM arch.GeminiClient getResponse
INFO: [GeminiClient] Waiting for semaphore. In queue: 1 | Active calls: 16 | Available permits: 64
May 06, 2026 2:49:48 PM arch.GeminiClient getResponse
INFO: [GeminiClient] Acquired semaphore. Active calls: 17
May 06, 2026 2:49:49 PM arch.GeminiClient getResponse
INFO: [GeminiClient] Waiting for semaphore. In queue: 1 | Active calls: 17 | Available permits: 63
May 06, 2026 2:49:49 PM arch.GeminiClient getResponse
INFO: [GeminiClient] Acquired semaphore. Active calls: 18
May 06, 2026 2:49:49 PM arch.GeminiClient getResponse
INFO: [GeminiClient] Waiting for semaphore. In queue: 1 | Active calls: 18 | Available permits: 62
May 06, 2026 2:49:49 PM arch.GeminiClient getResponse
INFO: [GeminiClient] Acquired semaphore. Active calls: 19
May 06, 2026 2:49:49 PM arch.GeminiClient getResponse
INFO: [GeminiClient] Waiting for semaphore. In queue: 1 | Active calls: 19 | Available permits: 61
May 06, 2026 2:49:49 PM arch.GeminiClient getResponse
INFO: [GeminiClient] Acquired semaphore. Active calls: 20
May 06, 2026 2:49:49 PM arch.GeminiClient getResponse
INFO: [GeminiClient] Got response. Active calls: 19
May 06, 2026 2:49:49 PM arch.GeminiClient getResponse
INFO: [GeminiClient] Waiting for semaphore. In queue: 1 | Active calls: 19 | Available permits: 61
May 06, 2026 2:49:49 PM arch.GeminiClient getResponse
INFO: [GeminiClient] Acquired semaphore. Active calls: 20
May 06, 2026 2:49:50 PM arch.GeminiClient getResponse
INFO: [GeminiClient] Got response. Active calls: 19
May 06, 2026 2:49:50 PM arch.GeminiClient getResponse
INFO: [GeminiClient] Waiting for semaphore. In queue: 1 | Active calls: 18 | Available permits: 61
May 06, 2026 2:49:50 PM arch.GeminiClient getResponse
INFO: [GeminiClient] Acquired semaphore. Active calls: 19
May 06, 2026 2:49:50 PM arch.GeminiClient getResponse
INFO: [GeminiClient] Got response. Active calls: 18
May 06, 2026 2:49:50 PM arch.GeminiClient getResponse
INFO: [GeminiClient] Waiting for semaphore. In queue: 1 | Active calls: 17 | Available permits: 61
May 06, 2026 2:49:50 PM arch.GeminiClient getResponse
INFO: [GeminiClient] Waiting for semaphore. In queue: 1 | Active calls: 18 | Available permits: 60
May 06, 2026 2:49:50 PM arch.GeminiClient getResponse
INFO: [GeminiClient] Acquired semaphore. Active calls: 19
May 06, 2026 2:49:50 PM arch.GeminiClient getResponse
INFO: [GeminiClient] Got response. Active calls: 18
May 06, 2026 2:49:50 PM arch.GeminiClient getResponse
INFO: [GeminiClient] Got response. Active calls: 18
May 06, 2026 2:49:50 PM arch.GeminiClient getResponse
INFO: [GeminiClient] Waiting for semaphore. In queue: 1 | Active calls: 18 | Available permits: 61
May 06, 2026 2:49:50 PM arch.GeminiClient getResponse
INFO: [GeminiClient] Acquired semaphore. Active calls: 19
May 06, 2026 2:49:50 PM arch.GeminiClient getResponse
INFO: [GeminiClient] Got response. Active calls: 17
May 06, 2026 2:49:50 PM arch.GeminiClient getResponse
INFO: [GeminiClient] Got response. Active calls: 18
May 06, 2026 2:49:50 PM arch.GeminiClient getResponse
INFO: [GeminiClient] Acquired semaphore. Active calls: 18
May 06, 2026 2:49:50 PM arch.GeminiClient getResponse
INFO: [GeminiClient] Waiting for semaphore. In queue: 1 | Active calls: 18 | Available permits: 62
May 06, 2026 2:49:50 PM arch.GeminiClient getResponse
INFO: [GeminiClient] Acquired semaphore. Active calls: 19
May 06, 2026 2:49:50 PM arch.GeminiClient getResponse
INFO: [GeminiClient] Got response. Active calls: 18
May 06, 2026 2:49:51 PM arch.GeminiClient getResponse
INFO: [GeminiClient] Got response. Active calls: 17
May 06, 2026 2:49:51 PM arch.GeminiClient getResponse
INFO: [GeminiClient] Waiting for semaphore. In queue: 1 | Active calls: 17 | Available permits: 63
May 06, 2026 2:49:51 PM arch.GeminiClient getResponse
INFO: [GeminiClient] Acquired semaphore. Active calls: 18
May 06, 2026 2:49:51 PM arch.GeminiClient getResponse
INFO: [GeminiClient] Got response. Active calls: 17
May 06, 2026 2:49:51 PM arch.GeminiClient getResponse
INFO: [GeminiClient] Waiting for semaphore. In queue: 1 | Active calls: 17 | Available permits: 63
May 06, 2026 2:49:51 PM arch.GeminiClient getResponse
INFO: [GeminiClient] Acquired semaphore. Active calls: 18
May 06, 2026 2:49:51 PM arch.GeminiClient getResponse
INFO: [GeminiClient] Got response. Active calls: 17
May 06, 2026 2:49:51 PM arch.GeminiClient getResponse
INFO: [GeminiClient] Waiting for semaphore. In queue: 1 | Active calls: 17 | Available permits: 63
May 06, 2026 2:49:51 PM arch.GeminiClient getResponse
INFO: [GeminiClient] Acquired semaphore. Active calls: 18
May 06, 2026 2:49:51 PM arch.GeminiClient getResponse
INFO: [GeminiClient] Got response. Active calls: 17
May 06, 2026 2:49:51 PM arch.GeminiClient getResponse
INFO: [GeminiClient] Waiting for semaphore. In queue: 1 | Active calls: 17 | Available permits: 63
May 06, 2026 2:49:51 PM arch.GeminiClient getResponse
INFO: [GeminiClient] Acquired semaphore. Active calls: 18
May 06, 2026 2:49:51 PM arch.GeminiClient getResponse
INFO: [GeminiClient] Got response. Active calls: 17
May 06, 2026 2:49:51 PM arch.GeminiClient getResponse
INFO: [GeminiClient] Waiting for semaphore. In queue: 1 | Active calls: 17 | Available permits: 63
May 06, 2026 2:49:51 PM arch.GeminiClient getResponse
INFO: [GeminiClient] Acquired semaphore. Active calls: 18
May 06, 2026 2:49:51 PM arch.GeminiClient getResponse
INFO: [GeminiClient] Waiting for semaphore. In queue: 1 | Active calls: 18 | Available permits: 62
May 06, 2026 2:49:51 PM arch.GeminiClient getResponse
INFO: [GeminiClient] Acquired semaphore. Active calls: 19
May 06, 2026 2:49:52 PM arch.GeminiClient getResponse
INFO: [GeminiClient] Waiting for semaphore. In queue: 1 | Active calls: 19 | Available permits: 61
May 06, 2026 2:49:52 PM arch.GeminiClient getResponse
INFO: [GeminiClient] Acquired semaphore. Active calls: 20
May 06, 2026 2:49:52 PM arch.GeminiClient getResponse
INFO: [GeminiClient] Got response. Active calls: 19
May 06, 2026 2:49:52 PM arch.GeminiClient getResponse
INFO: [GeminiClient] Got response. Active calls: 18
May 06, 2026 2:49:52 PM arch.GeminiClient getResponse
INFO: [GeminiClient] Waiting for semaphore. In queue: 1 | Active calls: 17 | Available permits: 62
May 06, 2026 2:49:52 PM arch.GeminiClient getResponse
INFO: [GeminiClient] Acquired semaphore. Active calls: 18
May 06, 2026 2:49:52 PM arch.GeminiClient getResponse
INFO: [GeminiClient] Got response. Active calls: 17
May 06, 2026 2:49:52 PM arch.GeminiClient getResponse
INFO: [GeminiClient] Waiting for semaphore. In queue: 1 | Active calls: 16 | Available permits: 62
May 06, 2026 2:49:52 PM arch.GeminiClient getResponse
INFO: [GeminiClient] Acquired semaphore. Active calls: 17
May 06, 2026 2:49:52 PM arch.GeminiClient getResponse
INFO: [GeminiClient] Got response. Active calls: 16
May 06, 2026 2:49:53 PM arch.GeminiClient getResponse
INFO: [GeminiClient] Waiting for semaphore. In queue: 1 | Active calls: 16 | Available permits: 62
May 06, 2026 2:49:53 PM arch.GeminiClient getResponse
INFO: [GeminiClient] Acquired semaphore. Active calls: 17
May 06, 2026 2:49:52 PM arch.GeminiClient getResponse
INFO: [GeminiClient] Got response. Active calls: 17
May 06, 2026 2:49:52 PM arch.GeminiClient getResponse
INFO: [GeminiClient] Got response. Active calls: 16
May 06, 2026 2:49:53 PM arch.GeminiClient getResponse
INFO: [GeminiClient] Waiting for semaphore. In queue: 1 | Active calls: 17 | Available permits: 63
May 06, 2026 2:49:53 PM arch.GeminiClient getResponse
INFO: [GeminiClient] Acquired semaphore. Active calls: 18
May 06, 2026 2:49:53 PM arch.GeminiClient getResponse
INFO: [GeminiClient] Got response. Active calls: 17
May 06, 2026 2:49:53 PM arch.GeminiClient getResponse
INFO: [GeminiClient] Waiting for semaphore. In queue: 1 | Active calls: 14 | Available permits: 63
May 06, 2026 2:49:53 PM arch.GeminiClient getResponse
INFO: [GeminiClient] Acquired semaphore. Active calls: 15
May 06, 2026 2:49:53 PM arch.GeminiClient getResponse
INFO: [GeminiClient] Waiting for semaphore. In queue: 1 | Active calls: 15 | Available permits: 62
May 06, 2026 2:49:53 PM arch.GeminiClient getResponse
INFO: [GeminiClient] Acquired semaphore. Active calls: 16
May 06, 2026 2:49:53 PM arch.GeminiClient getResponse
INFO: [GeminiClient] Got response. Active calls: 15
May 06, 2026 2:49:53 PM arch.GeminiClient getResponse
INFO: [GeminiClient] Got response. Active calls: 16
May 06, 2026 2:49:53 PM arch.GeminiClient getResponse
INFO: [GeminiClient] Got response. Active calls: 15
May 06, 2026 2:49:53 PM arch.GeminiClient getResponse
INFO: [GeminiClient] Got response. Active calls: 14
May 06, 2026 2:49:53 PM arch.GeminiClient getResponse
INFO: [GeminiClient] Waiting for semaphore. In queue: 1 | Active calls: 15 | Available permits: 65
May 06, 2026 2:49:53 PM arch.GeminiClient getResponse
INFO: [GeminiClient] Acquired semaphore. Active calls: 16
May 06, 2026 2:49:53 PM arch.GeminiClient getResponse
INFO: [GeminiClient] Waiting for semaphore. In queue: 1 | Active calls: 16 | Available permits: 64
May 06, 2026 2:49:53 PM arch.GeminiClient getResponse
INFO: [GeminiClient] Acquired semaphore. Active calls: 17
May 06, 2026 2:49:53 PM arch.GeminiClient getResponse
INFO: [GeminiClient] Got response. Active calls: 16
May 06, 2026 2:49:54 PM arch.GeminiClient getResponse
INFO: [GeminiClient] Waiting for semaphore. In queue: 1 | Active calls: 16 | Available permits: 64
May 06, 2026 2:49:54 PM arch.GeminiClient getResponse
INFO: [GeminiClient] Acquired semaphore. Active calls: 17
May 06, 2026 2:49:54 PM arch.GeminiClient getResponse
INFO: [GeminiClient] Got response. Active calls: 16
May 06, 2026 2:49:54 PM arch.GeminiClient getResponse
INFO: [GeminiClient] Got response. Active calls: 15
May 06, 2026 2:49:54 PM arch.GeminiClient getResponse
INFO: [GeminiClient] Waiting for semaphore. In queue: 1 | Active calls: 13 | Available permits: 65
May 06, 2026 2:49:54 PM arch.GeminiClient getResponse
INFO: [GeminiClient] Acquired semaphore. Active calls: 14
May 06, 2026 2:49:54 PM arch.GeminiClient getResponse
INFO: [GeminiClient] Got response. Active calls: 13
May 06, 2026 2:49:54 PM arch.GeminiClient getResponse
INFO: [GeminiClient] Got response. Active calls: 11
May 06, 2026 2:49:54 PM arch.GeminiClient getResponse
INFO: [GeminiClient] Got response. Active calls: 14
May 06, 2026 2:49:54 PM arch.GeminiClient getResponse
INFO: [GeminiClient] Got response. Active calls: 13
May 06, 2026 2:49:54 PM arch.GeminiClient getResponse
INFO: [GeminiClient] Waiting for semaphore. In queue: 1 | Active calls: 10 | Available permits: 68
May 06, 2026 2:49:54 PM arch.GeminiClient getResponse
INFO: [GeminiClient] Acquired semaphore. Active calls: 11
May 06, 2026 2:49:55 PM arch.GeminiClient getResponse
INFO: [GeminiClient] Waiting for semaphore. In queue: 1 | Active calls: 11 | Available permits: 67
May 06, 2026 2:49:55 PM arch.GeminiClient getResponse
INFO: [GeminiClient] Acquired semaphore. Active calls: 12
May 06, 2026 2:49:54 PM arch.GeminiClient getResponse
INFO: [GeminiClient] Got response. Active calls: 12
May 06, 2026 2:49:54 PM arch.GeminiClient getResponse
INFO: [GeminiClient] Got response. Active calls: 10
May 06, 2026 2:49:55 PM arch.GeminiClient getResponse
INFO: [GeminiClient] Waiting for semaphore. In queue: 1 | Active calls: 12 | Available permits: 68
May 06, 2026 2:49:55 PM arch.GeminiClient getResponse
INFO: [GeminiClient] Acquired semaphore. Active calls: 13
May 06, 2026 2:49:55 PM arch.GeminiClient getResponse
INFO: [GeminiClient] Waiting for semaphore. In queue: 1 | Active calls: 13 | Available permits: 67
May 06, 2026 2:49:55 PM arch.GeminiClient getResponse
INFO: [GeminiClient] Acquired semaphore. Active calls: 14
May 06, 2026 2:49:55 PM arch.GeminiClient getResponse
INFO: [GeminiClient] Waiting for semaphore. In queue: 1 | Active calls: 14 | Available permits: 66
May 06, 2026 2:49:55 PM arch.GeminiClient getResponse
INFO: [GeminiClient] Acquired semaphore. Active calls: 15
May 06, 2026 2:49:55 PM arch.GeminiClient getResponse
INFO: [GeminiClient] Waiting for semaphore. In queue: 1 | Active calls: 15 | Available permits: 65
May 06, 2026 2:49:55 PM arch.GeminiClient getResponse
INFO: [GeminiClient] Acquired semaphore. Active calls: 16
May 06, 2026 2:49:55 PM arch.GeminiClient getResponse
INFO: [GeminiClient] Got response. Active calls: 15
May 06, 2026 2:49:55 PM arch.GeminiClient getResponse
INFO: [GeminiClient] Waiting for semaphore. In queue: 1 | Active calls: 15 | Available permits: 65
May 06, 2026 2:49:55 PM arch.GeminiClient getResponse
INFO: [GeminiClient] Acquired semaphore. Active calls: 16
May 06, 2026 2:49:56 PM arch.GeminiClient getResponse
INFO: [GeminiClient] Waiting for semaphore. In queue: 1 | Active calls: 16 | Available permits: 64
May 06, 2026 2:49:56 PM arch.GeminiClient getResponse
INFO: [GeminiClient] Acquired semaphore. Active calls: 17
May 06, 2026 2:49:56 PM arch.GeminiClient getResponse
INFO: [GeminiClient] Waiting for semaphore. In queue: 1 | Active calls: 17 | Available permits: 63
May 06, 2026 2:49:56 PM arch.GeminiClient getResponse
INFO: [GeminiClient] Acquired semaphore. Active calls: 17
May 06, 2026 2:49:56 PM arch.GeminiClient getResponse
INFO: [GeminiClient] Got response. Active calls: 16
May 06, 2026 2:49:56 PM arch.GeminiClient getResponse
INFO: [GeminiClient] Got response. Active calls: 14
May 06, 2026 2:49:57 PM arch.GeminiClient getResponse
INFO: [GeminiClient] Got response. Active calls: 13
May 06, 2026 2:49:56 PM arch.GeminiClient getResponse
INFO: [GeminiClient] Got response. Active calls: 16
May 06, 2026 2:49:57 PM arch.GeminiClient getResponse
INFO: [GeminiClient] Waiting for semaphore. In queue: 1 | Active calls: 12 | Available permits: 66
May 06, 2026 2:49:57 PM arch.GeminiClient getResponse
INFO: [GeminiClient] Acquired semaphore. Active calls: 13
May 06, 2026 2:49:56 PM arch.GeminiClient getResponse
INFO: [GeminiClient] Got response. Active calls: 15
May 06, 2026 2:49:57 PM arch.GeminiClient getResponse
INFO: [GeminiClient] Waiting for semaphore. In queue: 1 | Active calls: 13 | Available permits: 66
May 06, 2026 2:49:57 PM arch.GeminiClient getResponse
INFO: [GeminiClient] Acquired semaphore. Active calls: 14
May 06, 2026 2:49:57 PM arch.GeminiClient getResponse
INFO: [GeminiClient] Got response. Active calls: 12
May 06, 2026 2:49:57 PM arch.GeminiClient getResponse
INFO: [GeminiClient] Got response. Active calls: 13
May 06, 2026 2:49:57 PM arch.GeminiClient getResponse
INFO: [GeminiClient] Waiting for semaphore. In queue: 1 | Active calls: 13 | Available permits: 67
May 06, 2026 2:49:57 PM arch.GeminiClient getResponse
INFO: [GeminiClient] Acquired semaphore. Active calls: 14
May 06, 2026 2:49:57 PM arch.GeminiClient getResponse
INFO: [GeminiClient] Got response. Active calls: 13
May 06, 2026 2:49:58 PM arch.GeminiClient getResponse
WARNING: [GeminiClient] TIMEOUT. Active: 12
May 06, 2026 2:49:58 PM arch.GeminiClient getResponse
INFO: [GeminiClient] Waiting for semaphore. In queue: 1 | Active calls: 11 | Available permits: 68
May 06, 2026 2:49:58 PM arch.GeminiClient getResponse
INFO: [GeminiClient] Acquired semaphore. Active calls: 12
May 06, 2026 2:49:58 PM arch.GeminiClient getResponse
INFO: [GeminiClient] Waiting for semaphore. In queue: 1 | Active calls: 12 | Available permits: 67
May 06, 2026 2:49:58 PM arch.GeminiClient getResponse
INFO: [GeminiClient] Acquired semaphore. Active calls: 13
May 06, 2026 2:49:58 PM arch.GeminiClient getResponse
INFO: [GeminiClient] Got response. Active calls: 12
May 06, 2026 2:49:58 PM arch.GeminiClient getResponse
INFO: [GeminiClient] Waiting for semaphore. In queue: 1 | Active calls: 12 | Available permits: 67
May 06, 2026 2:49:58 PM arch.GeminiClient getResponse
INFO: [GeminiClient] Acquired semaphore. Active calls: 13
May 06, 2026 2:49:58 PM arch.GeminiClient getResponse
INFO: [GeminiClient] Got response. Active calls: 12
May 06, 2026 2:49:58 PM arch.GeminiClient getResponse
INFO: [GeminiClient] Got response. Active calls: 11
May 06, 2026 2:49:58 PM arch.GeminiClient getResponse
INFO: [GeminiClient] Waiting for semaphore. In queue: 1 | Active calls: 12 | Available permits: 68
May 06, 2026 2:49:58 PM arch.GeminiClient getResponse
INFO: [GeminiClient] Acquired semaphore. Active calls: 13
May 06, 2026 2:49:58 PM arch.GeminiClient getResponse
INFO: [GeminiClient] Waiting for semaphore. In queue: 1 | Active calls: 13 | Available permits: 67
May 06, 2026 2:49:58 PM arch.GeminiClient getResponse
INFO: [GeminiClient] Acquired semaphore. Active calls: 14
May 06, 2026 2:49:58 PM arch.GeminiClient getResponse
INFO: [GeminiClient] Got response. Active calls: 13
May 06, 2026 2:49:59 PM arch.GeminiClient getResponse
INFO: [GeminiClient] Waiting for semaphore. In queue: 1 | Active calls: 13 | Available permits: 67
May 06, 2026 2:49:59 PM arch.GeminiClient getResponse
INFO: [GeminiClient] Acquired semaphore. Active calls: 13
May 06, 2026 2:49:59 PM arch.GeminiClient getResponse
INFO: [GeminiClient] Got response. Active calls: 12
May 06, 2026 2:49:59 PM arch.GeminiClient getResponse
INFO: [GeminiClient] Got response. Active calls: 11
May 06, 2026 2:49:59 PM arch.GeminiClient getResponse
INFO: [GeminiClient] Waiting for semaphore. In queue: 2 | Active calls: 11 | Available permits: 68
May 06, 2026 2:49:59 PM arch.GeminiClient getResponse
INFO: [GeminiClient] Acquired semaphore. Active calls: 12
May 06, 2026 2:49:59 PM arch.GeminiClient getResponse
INFO: [GeminiClient] Got response. Active calls: 11
May 06, 2026 2:49:59 PM arch.GeminiClient getResponse
INFO: [GeminiClient] Got response. Active calls: 12
May 06, 2026 2:49:59 PM arch.GeminiClient getResponse
INFO: [GeminiClient] Waiting for semaphore. In queue: 2 | Active calls: 11 | Available permits: 69
May 06, 2026 2:49:59 PM arch.GeminiClient getResponse
INFO: [GeminiClient] Acquired semaphore. Active calls: 12
May 06, 2026 2:49:59 PM arch.GeminiClient lambda$static$1
INFO: [WATCHDOG] permits=68 activeGemini=12 waitingForSemaphore=1 executorQueueSize=0 executorActiveThreads=13
May 06, 2026 2:50:00 PM arch.GeminiClient getResponse
INFO: [GeminiClient] Got response. Active calls: 11
May 06, 2026 2:50:00 PM arch.GeminiClient getResponse
INFO: [GeminiClient] Got response. Active calls: 10
May 06, 2026 2:49:59 PM arch.GeminiClient getResponse
INFO: [GeminiClient] Waiting for semaphore. In queue: 1 | Active calls: 11 | Available permits: 68
May 06, 2026 2:50:00 PM arch.GeminiClient getResponse
INFO: [GeminiClient] Acquired semaphore. Active calls: 10
May 06, 2026 2:50:00 PM arch.GeminiClient getResponse
INFO: [GeminiClient] Waiting for semaphore. In queue: 1 | Active calls: 10 | Available permits: 69
May 06, 2026 2:50:00 PM arch.GeminiClient getResponse
INFO: [GeminiClient] Acquired semaphore. Active calls: 11
May 06, 2026 2:50:00 PM arch.GeminiClient getResponse
INFO: [GeminiClient] Got response. Active calls: 10
May 06, 2026 2:50:00 PM arch.GeminiClient getResponse
INFO: [GeminiClient] Got response. Active calls: 9
May 06, 2026 2:50:01 PM arch.GeminiClient getResponse
INFO: [GeminiClient] Waiting for semaphore. In queue: 1 | Active calls: 8 | Available permits: 70
May 06, 2026 2:50:01 PM arch.GeminiClient getResponse
INFO: [GeminiClient] Acquired semaphore. Active calls: 9
May 06, 2026 2:50:00 PM arch.GeminiClient getResponse
INFO: [GeminiClient] Got response. Active calls: 9
May 06, 2026 2:50:00 PM arch.GeminiClient getResponse
INFO: [GeminiClient] Got response. Active calls: 8
May 06, 2026 2:50:01 PM arch.GeminiClient getResponse
INFO: [GeminiClient] Waiting for semaphore. In queue: 1 | Active calls: 8 | Available permits: 71
May 06, 2026 2:50:01 PM arch.GeminiClient getResponse
INFO: [GeminiClient] Acquired semaphore. Active calls: 9
May 06, 2026 2:50:01 PM arch.GeminiClient getResponse
INFO: [GeminiClient] Got response. Active calls: 8
May 06, 2026 2:50:01 PM arch.GeminiClient getResponse
INFO: [GeminiClient] Waiting for semaphore. In queue: 1 | Active calls: 8 | Available permits: 71
May 06, 2026 2:50:01 PM arch.GeminiClient getResponse
INFO: [GeminiClient] Acquired semaphore. Active calls: 9
May 06, 2026 2:50:01 PM arch.GeminiClient getResponse
INFO: [GeminiClient] Waiting for semaphore. In queue: 1 | Active calls: 9 | Available permits: 70
May 06, 2026 2:50:01 PM arch.GeminiClient getResponse
INFO: [GeminiClient] Acquired semaphore. Active calls: 10
May 06, 2026 2:50:01 PM arch.GeminiClient getResponse
INFO: [GeminiClient] Got response. Active calls: 8
May 06, 2026 2:50:01 PM arch.GeminiClient getResponse
INFO: [GeminiClient] Got response. Active calls: 9
May 06, 2026 2:50:02 PM arch.GeminiClient getResponse
INFO: [GeminiClient] Waiting for semaphore. In queue: 1 | Active calls: 9 | Available permits: 71
May 06, 2026 2:50:02 PM arch.GeminiClient getResponse
INFO: [GeminiClient] Acquired semaphore. Active calls: 10
May 06, 2026 2:50:02 PM arch.GeminiClient getResponse
INFO: [GeminiClient] Got response. Active calls: 9
May 06, 2026 2:50:02 PM arch.GeminiClient getResponse
INFO: [GeminiClient] Waiting for semaphore. In queue: 1 | Active calls: 8 | Available permits: 71
May 06, 2026 2:50:02 PM arch.GeminiClient getResponse
INFO: [GeminiClient] Acquired semaphore. Active calls: 9
May 06, 2026 2:50:02 PM arch.GeminiClient getResponse
INFO: [GeminiClient] Got response. Active calls: 8
May 06, 2026 2:50:03 PM arch.GeminiClient getResponse
INFO: [GeminiClient] Got response. Active calls: 6
May 06, 2026 2:50:02 PM arch.GeminiClient getResponse
INFO: [GeminiClient] Got response. Active calls: 8
May 06, 2026 2:50:03 PM arch.GeminiClient getResponse
INFO: [GeminiClient] Waiting for semaphore. In queue: 1 | Active calls: 6 | Available permits: 73
May 06, 2026 2:50:03 PM arch.GeminiClient getResponse
INFO: [GeminiClient] Acquired semaphore. Active calls: 7
May 06, 2026 2:50:03 PM arch.GeminiClient getResponse
INFO: [GeminiClient] Waiting for semaphore. In queue: 1 | Active calls: 7 | Available permits: 72
May 06, 2026 2:50:03 PM arch.GeminiClient getResponse
INFO: [GeminiClient] Acquired semaphore. Active calls: 8
May 06, 2026 2:50:02 PM arch.GeminiClient getResponse
INFO: [GeminiClient] Got response. Active calls: 7
May 06, 2026 2:50:03 PM arch.GeminiClient getResponse
INFO: [GeminiClient] Waiting for semaphore. In queue: 1 | Active calls: 8 | Available permits: 72
May 06, 2026 2:50:03 PM arch.GeminiClient getResponse
INFO: [GeminiClient] Acquired semaphore. Active calls: 9
May 06, 2026 2:50:04 PM arch.GeminiClient getResponse
INFO: [GeminiClient] Waiting for semaphore. In queue: 1 | Active calls: 9 | Available permits: 71
May 06, 2026 2:50:04 PM arch.GeminiClient getResponse
INFO: [GeminiClient] Acquired semaphore. Active calls: 10
May 06, 2026 2:50:04 PM arch.GeminiClient getResponse
INFO: [GeminiClient] Got response. Active calls: 9
May 06, 2026 2:50:04 PM arch.GeminiClient getResponse
INFO: [GeminiClient] Waiting for semaphore. In queue: 1 | Active calls: 9 | Available permits: 71
May 06, 2026 2:50:04 PM arch.GeminiClient getResponse
INFO: [GeminiClient] Acquired semaphore. Active calls: 10
May 06, 2026 2:50:04 PM arch.GeminiClient getResponse
INFO: [GeminiClient] Got response. Active calls: 9
May 06, 2026 2:50:04 PM arch.GeminiClient getResponse
INFO: [GeminiClient] Waiting for semaphore. In queue: 1 | Active calls: 9 | Available permits: 71
May 06, 2026 2:50:04 PM arch.GeminiClient getResponse
INFO: [GeminiClient] Acquired semaphore. Active calls: 10
May 06, 2026 2:50:04 PM arch.GeminiClient getResponse
INFO: [GeminiClient] Got response. Active calls: 9
May 06, 2026 2:50:05 PM arch.GeminiClient getResponse
INFO: [GeminiClient] Waiting for semaphore. In queue: 1 | Active calls: 9 | Available permits: 71
May 06, 2026 2:50:05 PM arch.GeminiClient getResponse
INFO: [GeminiClient] Got response. Active calls: 9
May 06, 2026 2:50:05 PM arch.GeminiClient getResponse
INFO: [GeminiClient] Waiting for semaphore. In queue: 1 | Active calls: 9 | Available permits: 71
May 06, 2026 2:50:05 PM arch.GeminiClient getResponse
INFO: [GeminiClient] Acquired semaphore. Active calls: 10
May 06, 2026 2:50:06 PM arch.GeminiClient getResponse
INFO: [GeminiClient] Waiting for semaphore. In queue: 1 | Active calls: 10 | Available permits: 70
May 06, 2026 2:50:06 PM arch.GeminiClient getResponse
INFO: [GeminiClient] Acquired semaphore. Active calls: 11
May 06, 2026 2:50:06 PM arch.GeminiClient getResponse
INFO: [GeminiClient] Waiting for semaphore. In queue: 1 | Active calls: 11 | Available permits: 69
May 06, 2026 2:50:05 PM arch.GeminiClient getResponse
INFO: [GeminiClient] Acquired semaphore. Active calls: 10
May 06, 2026 2:50:06 PM arch.GeminiClient getResponse
INFO: [GeminiClient] Waiting for semaphore. In queue: 1 | Active calls: 12 | Available permits: 68
May 06, 2026 2:50:06 PM arch.GeminiClient getResponse
INFO: [GeminiClient] Acquired semaphore. Active calls: 13
May 06, 2026 2:50:06 PM arch.GeminiClient getResponse
INFO: [GeminiClient] Got response. Active calls: 12
May 06, 2026 2:50:06 PM arch.GeminiClient getResponse
INFO: [GeminiClient] Waiting for semaphore. In queue: 1 | Active calls: 10 | Available permits: 68
May 06, 2026 2:50:06 PM arch.GeminiClient getResponse
INFO: [GeminiClient] Acquired semaphore. Active calls: 11
May 06, 2026 2:50:06 PM arch.GeminiClient getResponse
INFO: [GeminiClient] Got response. Active calls: 10
May 06, 2026 2:50:06 PM arch.GeminiClient getResponse
INFO: [GeminiClient] Acquired semaphore. Active calls: 12
May 06, 2026 2:50:07 PM arch.GeminiClient getResponse
INFO: [GeminiClient] Got response. Active calls: 9
May 06, 2026 2:50:07 PM arch.GeminiClient getResponse
INFO: [GeminiClient] Waiting for semaphore. In queue: 1 | Active calls: 8 | Available permits: 69
May 06, 2026 2:50:07 PM arch.GeminiClient getResponse
INFO: [GeminiClient] Acquired semaphore. Active calls: 9
May 06, 2026 2:50:06 PM arch.GeminiClient getResponse
INFO: [GeminiClient] Got response. Active calls: 10
May 06, 2026 2:50:06 PM arch.GeminiClient getResponse
INFO: [GeminiClient] Got response. Active calls: 11
May 06, 2026 2:50:07 PM arch.GeminiClient getResponse
INFO: [GeminiClient] Got response. Active calls: 8
May 06, 2026 2:50:07 PM arch.GeminiClient getResponse
INFO: [GeminiClient] Waiting for semaphore. In queue: 1 | Active calls: 8 | Available permits: 71
May 06, 2026 2:50:07 PM arch.GeminiClient getResponse
INFO: [GeminiClient] Acquired semaphore. Active calls: 9
May 06, 2026 2:50:07 PM arch.GeminiClient getResponse
INFO: [GeminiClient] Got response. Active calls: 8
May 06, 2026 2:50:07 PM arch.GeminiClient getResponse
INFO: [GeminiClient] Got response. Active calls: 8
May 06, 2026 2:50:07 PM arch.GeminiClient getResponse
INFO: [GeminiClient] Waiting for semaphore. In queue: 1 | Active calls: 8 | Available permits: 72
May 06, 2026 2:50:07 PM arch.GeminiClient getResponse
INFO: [GeminiClient] Acquired semaphore. Active calls: 9
May 06, 2026 2:50:08 PM arch.GeminiClient getResponse
INFO: [GeminiClient] Waiting for semaphore. In queue: 1 | Active calls: 9 | Available permits: 71
May 06, 2026 2:50:08 PM arch.GeminiClient getResponse
INFO: [GeminiClient] Acquired semaphore. Active calls: 10
May 06, 2026 2:50:08 PM arch.GeminiClient getResponse
INFO: [GeminiClient] Got response. Active calls: 9
May 06, 2026 2:50:08 PM arch.GeminiClient getResponse
INFO: [GeminiClient] Waiting for semaphore. In queue: 1 | Active calls: 9 | Available permits: 71
May 06, 2026 2:50:08 PM arch.GeminiClient getResponse
INFO: [GeminiClient] Acquired semaphore. Active calls: 10
May 06, 2026 2:50:08 PM arch.GeminiClient getResponse
INFO: [GeminiClient] Got response. Active calls: 9
May 06, 2026 2:50:08 PM arch.GeminiClient getResponse
INFO: [GeminiClient] Waiting for semaphore. In queue: 1 | Active calls: 8 | Available permits: 71
May 06, 2026 2:50:08 PM arch.GeminiClient getResponse
INFO: [GeminiClient] Acquired semaphore. Active calls: 9
May 06, 2026 2:50:08 PM arch.GeminiClient getResponse
INFO: [GeminiClient] Waiting for semaphore. In queue: 1 | Active calls: 9 | Available permits: 70
May 06, 2026 2:50:08 PM arch.GeminiClient getResponse
INFO: [GeminiClient] Acquired semaphore. Active calls: 10
May 06, 2026 2:50:08 PM arch.GeminiClient getResponse
INFO: [GeminiClient] Got response. Active calls: 9
May 06, 2026 2:50:08 PM arch.GeminiClient getResponse
INFO: [GeminiClient] Got response. Active calls: 8
May 06, 2026 2:50:08 PM arch.GeminiClient getResponse
INFO: [GeminiClient] Got response. Active calls: 8
May 06, 2026 2:50:09 PM arch.GeminiClient getResponse
INFO: [GeminiClient] Waiting for semaphore. In queue: 1 | Active calls: 8 | Available permits: 72
May 06, 2026 2:50:09 PM arch.GeminiClient getResponse
INFO: [GeminiClient] Acquired semaphore. Active calls: 8
May 06, 2026 2:50:09 PM arch.GeminiClient getResponse
INFO: [GeminiClient] Got response. Active calls: 7
May 06, 2026 2:50:09 PM arch.GeminiClient getResponse
INFO: [GeminiClient] Waiting for semaphore. In queue: 1 | Active calls: 7 | Available permits: 72
May 06, 2026 2:50:09 PM arch.GeminiClient getResponse
INFO: [GeminiClient] Acquired semaphore. Active calls: 8
May 06, 2026 2:50:09 PM arch.GeminiClient getResponse
INFO: [GeminiClient] Waiting for semaphore. In queue: 1 | Active calls: 8 | Available permits: 71
May 06, 2026 2:50:09 PM arch.GeminiClient getResponse
INFO: [GeminiClient] Acquired semaphore. Active calls: 9
May 06, 2026 2:50:09 PM arch.GeminiClient getResponse
INFO: [GeminiClient] Waiting for semaphore. In queue: 1 | Active calls: 9 | Available permits: 70
May 06, 2026 2:50:09 PM arch.GeminiClient getResponse
INFO: [GeminiClient] Acquired semaphore. Active calls: 10
May 06, 2026 2:50:09 PM arch.GeminiClient getResponse
INFO: [GeminiClient] Got response. Active calls: 7
May 06, 2026 2:50:09 PM arch.GeminiClient getResponse
INFO: [GeminiClient] Waiting for semaphore. In queue: 1 | Active calls: 10 | Available permits: 70
May 06, 2026 2:50:09 PM arch.GeminiClient getResponse
INFO: [GeminiClient] Acquired semaphore. Active calls: 11
May 06, 2026 2:50:10 PM arch.GeminiClient getResponse
INFO: [GeminiClient] Waiting for semaphore. In queue: 1 | Active calls: 11 | Available permits: 69
May 06, 2026 2:50:10 PM arch.GeminiClient getResponse
INFO: [GeminiClient] Acquired semaphore. Active calls: 12
May 06, 2026 2:50:10 PM arch.GeminiClient getResponse
INFO: [GeminiClient] Waiting for semaphore. In queue: 1 | Active calls: 12 | Available permits: 68
May 06, 2026 2:50:10 PM arch.GeminiClient getResponse
INFO: [GeminiClient] Acquired semaphore. Active calls: 13
May 06, 2026 2:50:10 PM arch.GeminiClient getResponse
INFO: [GeminiClient] Waiting for semaphore. In queue: 1 | Active calls: 13 | Available permits: 67
May 06, 2026 2:50:10 PM arch.GeminiClient getResponse
INFO: [GeminiClient] Acquired semaphore. Active calls: 14
May 06, 2026 2:50:11 PM arch.GeminiClient getResponse
INFO: [GeminiClient] Got response. Active calls: 13
May 06, 2026 2:50:11 PM arch.GeminiClient getResponse
INFO: [GeminiClient] Got response. Active calls: 12
May 06, 2026 2:50:11 PM arch.GeminiClient getResponse
INFO: [GeminiClient] Waiting for semaphore. In queue: 1 | Active calls: 12 | Available permits: 68
May 06, 2026 2:50:11 PM arch.GeminiClient getResponse
INFO: [GeminiClient] Acquired semaphore. Active calls: 13
May 06, 2026 2:50:11 PM arch.GeminiClient getResponse
INFO: [GeminiClient] Got response. Active calls: 12
May 06, 2026 2:50:11 PM arch.GeminiClient getResponse
INFO: [GeminiClient] Waiting for semaphore. In queue: 1 | Active calls: 12 | Available permits: 68
May 06, 2026 2:50:11 PM arch.GeminiClient getResponse
INFO: [GeminiClient] Got response. Active calls: 12
May 06, 2026 2:50:11 PM arch.GeminiClient getResponse
INFO: [GeminiClient] Waiting for semaphore. In queue: 1 | Active calls: 11 | Available permits: 68
May 06, 2026 2:50:11 PM arch.GeminiClient getResponse
INFO: [GeminiClient] Acquired semaphore. Active calls: 12
May 06, 2026 2:50:12 PM arch.GeminiClient getResponse
INFO: [GeminiClient] Got response. Active calls: 11
May 06, 2026 2:50:12 PM arch.GeminiClient getResponse
INFO: [GeminiClient] Waiting for semaphore. In queue: 1 | Active calls: 10 | Available permits: 68
May 06, 2026 2:50:12 PM arch.GeminiClient getResponse
INFO: [GeminiClient] Acquired semaphore. Active calls: 11
May 06, 2026 2:50:11 PM arch.GeminiClient getResponse
INFO: [GeminiClient] Acquired semaphore. Active calls: 13
May 06, 2026 2:50:11 PM arch.GeminiClient getResponse
INFO: [GeminiClient] Got response. Active calls: 11
May 06, 2026 2:50:12 PM arch.GeminiClient getResponse
INFO: [GeminiClient] Waiting for semaphore. In queue: 1 | Active calls: 11 | Available permits: 68
May 06, 2026 2:50:12 PM arch.GeminiClient getResponse
INFO: [GeminiClient] Acquired semaphore. Active calls: 12
May 06, 2026 2:50:12 PM arch.GeminiClient getResponse
INFO: [GeminiClient] Waiting for semaphore. In queue: 1 | Active calls: 12 | Available permits: 67
May 06, 2026 2:50:12 PM arch.GeminiClient getResponse
INFO: [GeminiClient] Acquired semaphore. Active calls: 13
May 06, 2026 2:50:12 PM arch.GeminiClient getResponse
INFO: [GeminiClient] Got response. Active calls: 10
May 06, 2026 2:50:12 PM arch.GeminiClient getResponse
INFO: [GeminiClient] Waiting for semaphore. In queue: 1 | Active calls: 13 | Available permits: 67
May 06, 2026 2:50:12 PM arch.GeminiClient getResponse
INFO: [GeminiClient] Acquired semaphore. Active calls: 14
May 06, 2026 2:50:12 PM arch.GeminiClient getResponse
INFO: [GeminiClient] Waiting for semaphore. In queue: 1 | Active calls: 14 | Available permits: 66
May 06, 2026 2:50:12 PM arch.GeminiClient getResponse
INFO: [GeminiClient] Acquired semaphore. Active calls: 15
May 06, 2026 2:50:13 PM arch.GeminiClient getResponse
INFO: [GeminiClient] Got response. Active calls: 14
May 06, 2026 2:50:13 PM arch.GeminiClient getResponse
INFO: [GeminiClient] Waiting for semaphore. In queue: 1 | Active calls: 14 | Available permits: 66
May 06, 2026 2:50:13 PM arch.GeminiClient getResponse
INFO: [GeminiClient] Acquired semaphore. Active calls: 15
May 06, 2026 2:50:13 PM arch.GeminiClient getResponse
INFO: [GeminiClient] Got response. Active calls: 14
May 06, 2026 2:50:13 PM arch.GeminiClient getResponse
INFO: [GeminiClient] Got response. Active calls: 13
May 06, 2026 2:50:14 PM arch.GeminiClient getResponse
INFO: [GeminiClient] Got response. Active calls: 12
May 06, 2026 2:50:14 PM arch.GeminiClient getResponse
INFO: [GeminiClient] Got response. Active calls: 11
May 06, 2026 2:50:14 PM arch.GeminiClient getResponse
INFO: [GeminiClient] Waiting for semaphore. In queue: 1 | Active calls: 10 | Available permits: 69
May 06, 2026 2:50:14 PM arch.GeminiClient getResponse
INFO: [GeminiClient] Acquired semaphore. Active calls: 11
May 06, 2026 2:50:14 PM arch.GeminiClient getResponse
INFO: [GeminiClient] Got response. Active calls: 10
May 06, 2026 2:50:14 PM arch.GeminiClient getResponse
INFO: [GeminiClient] Waiting for semaphore. In queue: 1 | Active calls: 10 | Available permits: 69
May 06, 2026 2:50:14 PM arch.GeminiClient getResponse
INFO: [GeminiClient] Acquired semaphore. Active calls: 11
May 06, 2026 2:50:14 PM arch.GeminiClient getResponse
INFO: [GeminiClient] Got response. Active calls: 10
May 06, 2026 2:50:15 PM arch.GeminiClient getResponse
INFO: [GeminiClient] Waiting for semaphore. In queue: 1 | Active calls: 11 | Available permits: 69
May 06, 2026 2:50:15 PM arch.GeminiClient getResponse
INFO: [GeminiClient] Acquired semaphore. Active calls: 12
May 06, 2026 2:50:16 PM arch.GeminiClient getResponse
INFO: [GeminiClient] Got response. Active calls: 11
May 06, 2026 2:50:16 PM arch.GeminiClient getResponse
INFO: [GeminiClient] Waiting for semaphore. In queue: 1 | Active calls: 11 | Available permits: 69
May 06, 2026 2:50:16 PM arch.GeminiClient getResponse
INFO: [GeminiClient] Acquired semaphore. Active calls: 11
May 06, 2026 2:50:16 PM arch.GeminiClient getResponse
INFO: [GeminiClient] Waiting for semaphore. In queue: 1 | Active calls: 11 | Available permits: 68
May 06, 2026 2:50:16 PM arch.GeminiClient getResponse
INFO: [GeminiClient] Acquired semaphore. Active calls: 12
May 06, 2026 2:50:17 PM arch.GeminiClient getResponse
INFO: [GeminiClient] Got response. Active calls: 11
May 06, 2026 2:50:17 PM arch.GeminiClient getResponse
INFO: [GeminiClient] Got response. Active calls: 10
May 06, 2026 2:50:17 PM arch.GeminiClient getResponse
INFO: [GeminiClient] Got response. Active calls: 8
May 06, 2026 2:50:16 PM arch.GeminiClient getResponse
INFO: [GeminiClient] Got response. Active calls: 10
May 06, 2026 2:50:18 PM arch.GeminiClient getResponse
INFO: [GeminiClient] Got response. Active calls: 6
May 06, 2026 2:50:18 PM arch.GeminiClient getResponse
INFO: [GeminiClient] Waiting for semaphore. In queue: 1 | Active calls: 6 | Available permits: 72
May 06, 2026 2:50:18 PM arch.GeminiClient getResponse
INFO: [GeminiClient] Acquired semaphore. Active calls: 7
May 06, 2026 2:50:18 PM arch.GeminiClient getResponse
INFO: [GeminiClient] Waiting for semaphore. In queue: 1 | Active calls: 7 | Available permits: 71
May 06, 2026 2:50:18 PM arch.GeminiClient getResponse
INFO: [GeminiClient] Acquired semaphore. Active calls: 8
May 06, 2026 2:50:17 PM arch.GeminiClient getResponse
INFO: [GeminiClient] Got response. Active calls: 9
May 06, 2026 2:50:18 PM arch.GeminiClient getResponse
INFO: [GeminiClient] Waiting for semaphore. In queue: 1 | Active calls: 8 | Available permits: 71
May 06, 2026 2:50:18 PM arch.GeminiClient getResponse
INFO: [GeminiClient] Acquired semaphore. Active calls: 9
May 06, 2026 2:50:17 PM arch.GeminiClient getResponse
INFO: [GeminiClient] Got response. Active calls: 7
May 06, 2026 2:50:18 PM arch.GeminiClient getResponse
INFO: [GeminiClient] Waiting for semaphore. In queue: 1 | Active calls: 9 | Available permits: 71
May 06, 2026 2:50:18 PM arch.GeminiClient getResponse
INFO: [GeminiClient] Acquired semaphore. Active calls: 10
May 06, 2026 2:50:18 PM arch.GeminiClient getResponse
INFO: [GeminiClient] Waiting for semaphore. In queue: 1 | Active calls: 10 | Available permits: 70
May 06, 2026 2:50:18 PM arch.GeminiClient getResponse
INFO: [GeminiClient] Acquired semaphore. Active calls: 11
May 06, 2026 2:50:18 PM arch.GeminiClient getResponse
INFO: [GeminiClient] Got response. Active calls: 10
May 06, 2026 2:50:19 PM arch.GeminiClient getResponse
INFO: [GeminiClient] Got response. Active calls: 9
May 06, 2026 2:50:19 PM arch.GeminiClient getResponse
INFO: [GeminiClient] Waiting for semaphore. In queue: 1 | Active calls: 9 | Available permits: 71
May 06, 2026 2:50:19 PM arch.GeminiClient getResponse
INFO: [GeminiClient] Acquired semaphore. Active calls: 10
May 06, 2026 2:50:19 PM arch.GeminiClient getResponse
INFO: [GeminiClient] Waiting for semaphore. In queue: 1 | Active calls: 10 | Available permits: 70
May 06, 2026 2:50:19 PM arch.GeminiClient getResponse
INFO: [GeminiClient] Acquired semaphore. Active calls: 11
May 06, 2026 2:50:19 PM arch.GeminiClient getResponse
INFO: [GeminiClient] Waiting for semaphore. In queue: 1 | Active calls: 11 | Available permits: 69
May 06, 2026 2:50:19 PM arch.GeminiClient getResponse
INFO: [GeminiClient] Acquired semaphore. Active calls: 12
May 06, 2026 2:50:19 PM arch.GeminiClient getResponse
INFO: [GeminiClient] Waiting for semaphore. In queue: 1 | Active calls: 12 | Available permits: 68
May 06, 2026 2:50:19 PM arch.GeminiClient getResponse
INFO: [GeminiClient] Acquired semaphore. Active calls: 13
May 06, 2026 2:50:20 PM arch.GeminiClient getResponse
INFO: [GeminiClient] Got response. Active calls: 12
May 06, 2026 2:50:20 PM arch.GeminiClient getResponse
INFO: [GeminiClient] Got response. Active calls: 11
May 06, 2026 2:50:21 PM arch.GeminiClient getResponse
INFO: [GeminiClient] Waiting for semaphore. In queue: 1 | Active calls: 11 | Available permits: 69
May 06, 2026 2:50:21 PM arch.GeminiClient getResponse
INFO: [GeminiClient] Acquired semaphore. Active calls: 12
May 06, 2026 2:50:21 PM arch.GeminiClient getResponse
INFO: [GeminiClient] Waiting for semaphore. In queue: 1 | Active calls: 12 | Available permits: 68
May 06, 2026 2:50:21 PM arch.GeminiClient getResponse
INFO: [GeminiClient] Acquired semaphore. Active calls: 13
May 06, 2026 2:50:21 PM arch.GeminiClient getResponse
INFO: [GeminiClient] Waiting for semaphore. In queue: 1 | Active calls: 13 | Available permits: 67
May 06, 2026 2:50:21 PM arch.GeminiClient getResponse
INFO: [GeminiClient] Got response. Active calls: 12
May 06, 2026 2:50:21 PM arch.GeminiClient getResponse
INFO: [GeminiClient] Got response. Active calls: 11
May 06, 2026 2:50:21 PM arch.GeminiClient getResponse
INFO: [GeminiClient] Got response. Active calls: 10
May 06, 2026 2:50:21 PM arch.GeminiClient getResponse
INFO: [GeminiClient] Waiting for semaphore. In queue: 1 | Active calls: 10 | Available permits: 69
May 06, 2026 2:50:21 PM arch.GeminiClient getResponse
INFO: [GeminiClient] Acquired semaphore. Active calls: 11
May 06, 2026 2:50:21 PM arch.GeminiClient getResponse
INFO: [GeminiClient] Waiting for semaphore. In queue: 1 | Active calls: 11 | Available permits: 68
May 06, 2026 2:50:21 PM arch.GeminiClient getResponse
INFO: [GeminiClient] Waiting for semaphore. In queue: 1 | Active calls: 12 | Available permits: 67
May 06, 2026 2:50:21 PM arch.GeminiClient getResponse
INFO: [GeminiClient] Acquired semaphore. Active calls: 12
May 06, 2026 2:50:21 PM arch.GeminiClient getResponse
INFO: [GeminiClient] Got response. Active calls: 12
May 06, 2026 2:50:21 PM arch.GeminiClient getResponse
INFO: [GeminiClient] Acquired semaphore. Active calls: 13
May 06, 2026 2:50:22 PM arch.GeminiClient getResponse
INFO: [GeminiClient] Waiting for semaphore. In queue: 1 | Active calls: 12 | Available permits: 67
May 06, 2026 2:50:22 PM arch.GeminiClient getResponse
INFO: [GeminiClient] Acquired semaphore. Active calls: 13
May 06, 2026 2:50:22 PM arch.GeminiClient getResponse
INFO: [GeminiClient] Waiting for semaphore. In queue: 1 | Active calls: 13 | Available permits: 66
May 06, 2026 2:50:22 PM arch.GeminiClient getResponse
INFO: [GeminiClient] Acquired semaphore. Active calls: 14
May 06, 2026 2:50:22 PM arch.GeminiClient getResponse
INFO: [GeminiClient] Got response. Active calls: 13
May 06, 2026 2:50:21 PM arch.GeminiClient getResponse
INFO: [GeminiClient] Acquired semaphore. Active calls: 12
May 06, 2026 2:50:21 PM arch.GeminiClient getResponse
INFO: [GeminiClient] Got response. Active calls: 11
May 06, 2026 2:50:22 PM arch.GeminiClient getResponse
INFO: [GeminiClient] Waiting for semaphore. In queue: 1 | Active calls: 13 | Available permits: 67
May 06, 2026 2:50:23 PM arch.GeminiClient getResponse
INFO: [GeminiClient] Got response. Active calls: 13
May 06, 2026 2:50:23 PM arch.GeminiClient getResponse
INFO: [GeminiClient] Got response. Active calls: 12
May 06, 2026 2:50:23 PM arch.GeminiClient getResponse
INFO: [GeminiClient] Waiting for semaphore. In queue: 1 | Active calls: 12 | Available permits: 68
May 06, 2026 2:50:23 PM arch.GeminiClient getResponse
INFO: [GeminiClient] Acquired semaphore. Active calls: 13
May 06, 2026 2:50:23 PM arch.GeminiClient getResponse
INFO: [GeminiClient] Waiting for semaphore. In queue: 1 | Active calls: 13 | Available permits: 67
May 06, 2026 2:50:23 PM arch.GeminiClient getResponse
INFO: [GeminiClient] Acquired semaphore. Active calls: 14
May 06, 2026 2:50:23 PM arch.GeminiClient getResponse
INFO: [GeminiClient] Got response. Active calls: 13
May 06, 2026 2:50:22 PM arch.GeminiClient getResponse
INFO: [GeminiClient] Acquired semaphore. Active calls: 14
May 06, 2026 2:50:23 PM arch.GeminiClient getResponse
INFO: [GeminiClient] Waiting for semaphore. In queue: 1 | Active calls: 13 | Available permits: 67
May 06, 2026 2:50:23 PM arch.GeminiClient getResponse
INFO: [GeminiClient] Acquired semaphore. Active calls: 14
May 06, 2026 2:50:23 PM arch.GeminiClient getResponse
INFO: [GeminiClient] Waiting for semaphore. In queue: 1 | Active calls: 14 | Available permits: 66
May 06, 2026 2:50:23 PM arch.GeminiClient getResponse
INFO: [GeminiClient] Acquired semaphore. Active calls: 15
May 06, 2026 2:50:24 PM arch.GeminiClient getResponse
INFO: [GeminiClient] Got response. Active calls: 14
May 06, 2026 2:50:24 PM arch.GeminiClient getResponse
INFO: [GeminiClient] Waiting for semaphore. In queue: 1 | Active calls: 14 | Available permits: 66
May 06, 2026 2:50:24 PM arch.GeminiClient getResponse
INFO: [GeminiClient] Acquired semaphore. Active calls: 15
May 06, 2026 2:50:24 PM arch.GeminiClient getResponse
INFO: [GeminiClient] Got response. Active calls: 14
May 06, 2026 2:50:24 PM arch.GeminiClient getResponse
INFO: [GeminiClient] Waiting for semaphore. In queue: 1 | Active calls: 14 | Available permits: 66
May 06, 2026 2:50:24 PM arch.GeminiClient getResponse
INFO: [GeminiClient] Acquired semaphore. Active calls: 15
May 06, 2026 2:50:25 PM arch.GeminiClient getResponse
INFO: [GeminiClient] Waiting for semaphore. In queue: 1 | Active calls: 15 | Available permits: 65
May 06, 2026 2:50:25 PM arch.GeminiClient getResponse
INFO: [GeminiClient] Acquired semaphore. Active calls: 16
May 06, 2026 2:50:25 PM arch.GeminiClient getResponse
INFO: [GeminiClient] Got response. Active calls: 15
May 06, 2026 2:50:25 PM arch.GeminiClient getResponse
INFO: [GeminiClient] Waiting for semaphore. In queue: 1 | Active calls: 15 | Available permits: 65
May 06, 2026 2:50:25 PM arch.GeminiClient getResponse
INFO: [GeminiClient] Acquired semaphore. Active calls: 15
May 06, 2026 2:50:25 PM arch.GeminiClient getResponse
INFO: [GeminiClient] Got response. Active calls: 14
May 06, 2026 2:50:25 PM arch.GeminiClient getResponse
INFO: [GeminiClient] Got response. Active calls: 13
May 06, 2026 2:50:26 PM arch.GeminiClient getResponse
INFO: [GeminiClient] Waiting for semaphore. In queue: 1 | Active calls: 13 | Available permits: 66
May 06, 2026 2:50:26 PM arch.GeminiClient getResponse
INFO: [GeminiClient] Acquired semaphore. Active calls: 14
May 06, 2026 2:50:25 PM arch.GeminiClient getResponse
INFO: [GeminiClient] Got response. Active calls: 14
May 06, 2026 2:50:26 PM arch.GeminiClient getResponse
INFO: [GeminiClient] Waiting for semaphore. In queue: 1 | Active calls: 14 | Available permits: 66
May 06, 2026 2:50:26 PM arch.GeminiClient getResponse
INFO: [GeminiClient] Acquired semaphore. Active calls: 15
May 06, 2026 2:50:26 PM arch.GeminiClient getResponse
INFO: [GeminiClient] Waiting for semaphore. In queue: 1 | Active calls: 15 | Available permits: 65
May 06, 2026 2:50:26 PM arch.GeminiClient getResponse
INFO: [GeminiClient] Acquired semaphore. Active calls: 16
May 06, 2026 2:50:26 PM arch.GeminiClient getResponse
INFO: [GeminiClient] Waiting for semaphore. In queue: 1 | Active calls: 16 | Available permits: 64
May 06, 2026 2:50:27 PM arch.GeminiClient getResponse
INFO: [GeminiClient] Got response. Active calls: 16
May 06, 2026 2:50:27 PM arch.GeminiClient getResponse
INFO: [GeminiClient] Got response. Active calls: 15
May 06, 2026 2:50:26 PM arch.GeminiClient getResponse
INFO: [GeminiClient] Acquired semaphore. Active calls: 17
May 06, 2026 2:50:28 PM arch.GeminiClient getResponse
INFO: [GeminiClient] Waiting for semaphore. In queue: 1 | Active calls: 14 | Available permits: 65
May 06, 2026 2:50:28 PM arch.GeminiClient getResponse
INFO: [GeminiClient] Acquired semaphore. Active calls: 15
May 06, 2026 2:50:27 PM arch.GeminiClient getResponse
INFO: [GeminiClient] Got response. Active calls: 14
May 06, 2026 2:50:28 PM arch.GeminiClient getResponse
INFO: [GeminiClient] Got response. Active calls: 14
May 06, 2026 2:50:29 PM arch.GeminiClient getResponse
INFO: [GeminiClient] Waiting for semaphore. In queue: 1 | Active calls: 12 | Available permits: 66
May 06, 2026 2:50:29 PM arch.GeminiClient getResponse
INFO: [GeminiClient] Got response. Active calls: 12
May 06, 2026 2:50:28 PM arch.GeminiClient getResponse
INFO: [GeminiClient] Got response. Active calls: 13
May 06, 2026 2:50:29 PM arch.GeminiClient getResponse
INFO: [GeminiClient] Waiting for semaphore. In queue: 1 | Active calls: 12 | Available permits: 67
May 06, 2026 2:50:29 PM arch.GeminiClient getResponse
INFO: [GeminiClient] Acquired semaphore. Active calls: 13
May 06, 2026 2:50:29 PM arch.GeminiClient getResponse
INFO: [GeminiClient] Waiting for semaphore. In queue: 1 | Active calls: 13 | Available permits: 66
May 06, 2026 2:50:29 PM arch.GeminiClient getResponse
INFO: [GeminiClient] Acquired semaphore. Active calls: 14
May 06, 2026 2:50:29 PM arch.GeminiClient getResponse
INFO: [GeminiClient] Waiting for semaphore. In queue: 1 | Active calls: 14 | Available permits: 65
May 06, 2026 2:50:29 PM arch.GeminiClient getResponse
INFO: [GeminiClient] Acquired semaphore. Active calls: 15
May 06, 2026 2:50:28 PM arch.GeminiClient getResponse
INFO: [GeminiClient] Got response. Active calls: 12
May 06, 2026 2:50:29 PM arch.GeminiClient getResponse
INFO: [GeminiClient] Waiting for semaphore. In queue: 1 | Active calls: 15 | Available permits: 65
May 06, 2026 2:50:29 PM arch.GeminiClient getResponse
INFO: [GeminiClient] Acquired semaphore. Active calls: 16
May 06, 2026 2:50:29 PM arch.GeminiClient getResponse
INFO: [GeminiClient] Acquired semaphore. Active calls: 13
May 06, 2026 2:50:29 PM arch.GeminiClient lambda$static$1
INFO: [WATCHDOG] permits=64 activeGemini=16 waitingForSemaphore=0 executorQueueSize=0 executorActiveThreads=16
May 06, 2026 2:50:29 PM arch.GeminiClient getResponse
INFO: [GeminiClient] Waiting for semaphore. In queue: 1 | Active calls: 16 | Available permits: 64
May 06, 2026 2:50:29 PM arch.GeminiClient getResponse
INFO: [GeminiClient] Acquired semaphore. Active calls: 17
May 06, 2026 2:50:29 PM arch.GeminiClient getResponse
INFO: [GeminiClient] Got response. Active calls: 16
May 06, 2026 2:50:30 PM arch.GeminiClient getResponse
INFO: [GeminiClient] Waiting for semaphore. In queue: 1 | Active calls: 16 | Available permits: 64
May 06, 2026 2:50:30 PM arch.GeminiClient getResponse
INFO: [GeminiClient] Acquired semaphore. Active calls: 17
May 06, 2026 2:50:30 PM arch.GeminiClient getResponse
INFO: [GeminiClient] Waiting for semaphore. In queue: 1 | Active calls: 17 | Available permits: 63
May 06, 2026 2:50:30 PM arch.GeminiClient getResponse
INFO: [GeminiClient] Acquired semaphore. Active calls: 18
May 06, 2026 2:50:30 PM arch.GeminiClient getResponse
INFO: [GeminiClient] Got response. Active calls: 17
May 06, 2026 2:50:30 PM arch.GeminiClient getResponse
INFO: [GeminiClient] Waiting for semaphore. In queue: 1 | Active calls: 17 | Available permits: 63
May 06, 2026 2:50:30 PM arch.GeminiClient getResponse
INFO: [GeminiClient] Acquired semaphore. Active calls: 18
May 06, 2026 2:50:30 PM arch.GeminiClient getResponse
INFO: [GeminiClient] Waiting for semaphore. In queue: 1 | Active calls: 18 | Available permits: 62
May 06, 2026 2:50:31 PM arch.GeminiClient getResponse
INFO: [GeminiClient] Waiting for semaphore. In queue: 1 | Active calls: 19 | Available permits: 61
May 06, 2026 2:50:31 PM arch.GeminiClient getResponse
INFO: [GeminiClient] Acquired semaphore. Active calls: 20
May 06, 2026 2:50:32 PM arch.GeminiClient getResponse
INFO: [GeminiClient] Got response. Active calls: 19
May 06, 2026 2:50:30 PM arch.GeminiClient getResponse
INFO: [GeminiClient] Acquired semaphore. Active calls: 19
May 06, 2026 2:50:32 PM arch.GeminiClient getResponse
INFO: [GeminiClient] Got response. Active calls: 17
May 06, 2026 2:50:32 PM arch.GeminiClient getResponse
INFO: [GeminiClient] Got response. Active calls: 16
May 06, 2026 2:50:32 PM arch.GeminiClient getResponse
INFO: [GeminiClient] Waiting for semaphore. In queue: 1 | Active calls: 16 | Available permits: 63
May 06, 2026 2:50:32 PM arch.GeminiClient getResponse
INFO: [GeminiClient] Acquired semaphore. Active calls: 17
May 06, 2026 2:50:32 PM arch.GeminiClient getResponse
INFO: [GeminiClient] Got response. Active calls: 16
May 06, 2026 2:50:32 PM arch.GeminiClient getResponse
INFO: [GeminiClient] Got response. Active calls: 15
May 06, 2026 2:50:32 PM arch.GeminiClient getResponse
INFO: [GeminiClient] Got response. Active calls: 18
May 06, 2026 2:50:32 PM arch.GeminiClient getResponse
INFO: [GeminiClient] Waiting for semaphore. In queue: 1 | Active calls: 15 | Available permits: 65
May 06, 2026 2:50:32 PM arch.GeminiClient getResponse
INFO: [GeminiClient] Acquired semaphore. Active calls: 16
May 06, 2026 2:50:33 PM arch.GeminiClient getResponse
INFO: [GeminiClient] Waiting for semaphore. In queue: 1 | Active calls: 16 | Available permits: 64
May 06, 2026 2:50:33 PM arch.GeminiClient getResponse
INFO: [GeminiClient] Acquired semaphore. Active calls: 17
May 06, 2026 2:50:33 PM arch.GeminiClient getResponse
INFO: [GeminiClient] Got response. Active calls: 16
May 06, 2026 2:50:33 PM arch.GeminiClient getResponse
INFO: [GeminiClient] Waiting for semaphore. In queue: 1 | Active calls: 16 | Available permits: 64
May 06, 2026 2:50:33 PM arch.GeminiClient getResponse
INFO: [GeminiClient] Waiting for semaphore. In queue: 1 | Active calls: 17 | Available permits: 63
May 06, 2026 2:50:33 PM arch.GeminiClient getResponse
INFO: [GeminiClient] Acquired semaphore. Active calls: 18
May 06, 2026 2:50:34 PM arch.GeminiClient getResponse
INFO: [GeminiClient] Got response. Active calls: 17
May 06, 2026 2:50:35 PM arch.GeminiClient getResponse
INFO: [GeminiClient] Got response. Active calls: 16
May 06, 2026 2:50:33 PM arch.GeminiClient getResponse
INFO: [GeminiClient] Acquired semaphore. Active calls: 17
May 06, 2026 2:50:35 PM arch.GeminiClient getResponse
INFO: [GeminiClient] Waiting for semaphore. In queue: 1 | Active calls: 16 | Available permits: 64
May 06, 2026 2:50:35 PM arch.GeminiClient getResponse
INFO: [GeminiClient] Acquired semaphore. Active calls: 17
May 06, 2026 2:50:35 PM arch.GeminiClient getResponse
INFO: [GeminiClient] Waiting for semaphore. In queue: 1 | Active calls: 17 | Available permits: 63
May 06, 2026 2:50:35 PM arch.GeminiClient getResponse
INFO: [GeminiClient] Acquired semaphore. Active calls: 18
May 06, 2026 2:50:35 PM arch.GeminiClient getResponse
INFO: [GeminiClient] Waiting for semaphore. In queue: 1 | Active calls: 18 | Available permits: 62
May 06, 2026 2:50:35 PM arch.GeminiClient getResponse
INFO: [GeminiClient] Acquired semaphore. Active calls: 19
May 06, 2026 2:50:35 PM arch.GeminiClient getResponse
INFO: [GeminiClient] Waiting for semaphore. In queue: 1 | Active calls: 19 | Available permits: 61
May 06, 2026 2:50:35 PM arch.GeminiClient getResponse
INFO: [GeminiClient] Acquired semaphore. Active calls: 20
May 06, 2026 2:50:35 PM arch.GeminiClient getResponse
INFO: [GeminiClient] Got response. Active calls: 19
May 06, 2026 2:50:35 PM arch.GeminiClient getResponse
INFO: [GeminiClient] Waiting for semaphore. In queue: 1 | Active calls: 18 | Available permits: 61
May 06, 2026 2:50:35 PM arch.GeminiClient getResponse
INFO: [GeminiClient] Acquired semaphore. Active calls: 19
May 06, 2026 2:50:35 PM arch.GeminiClient getResponse
INFO: [GeminiClient] Got response. Active calls: 18
May 06, 2026 2:50:36 PM arch.GeminiClient getResponse
INFO: [GeminiClient] Got response. Active calls: 18
May 06, 2026 2:50:37 PM arch.GeminiClient getResponse
INFO: [GeminiClient] Got response. Active calls: 17
May 06, 2026 2:50:37 PM arch.GeminiClient getResponse
INFO: [GeminiClient] Waiting for semaphore. In queue: 1 | Active calls: 17 | Available permits: 63
May 06, 2026 2:50:37 PM arch.GeminiClient getResponse
INFO: [GeminiClient] Acquired semaphore. Active calls: 18
May 06, 2026 2:50:37 PM arch.GeminiClient getResponse
INFO: [GeminiClient] Got response. Active calls: 17
May 06, 2026 2:50:37 PM arch.GeminiClient getResponse
INFO: [GeminiClient] Waiting for semaphore. In queue: 1 | Active calls: 17 | Available permits: 63
May 06, 2026 2:50:37 PM arch.GeminiClient getResponse
INFO: [GeminiClient] Acquired semaphore. Active calls: 18
May 06, 2026 2:50:37 PM arch.GeminiClient getResponse
INFO: [GeminiClient] Waiting for semaphore. In queue: 1 | Active calls: 18 | Available permits: 62
May 06, 2026 2:50:37 PM arch.GeminiClient getResponse
INFO: [GeminiClient] Acquired semaphore. Active calls: 19
May 06, 2026 2:50:38 PM arch.GeminiClient getResponse
INFO: [GeminiClient] Got response. Active calls: 18
May 06, 2026 2:50:38 PM arch.GeminiClient getResponse
INFO: [GeminiClient] Waiting for semaphore. In queue: 1 | Active calls: 18 | Available permits: 62
May 06, 2026 2:50:38 PM arch.GeminiClient getResponse
INFO: [GeminiClient] Acquired semaphore. Active calls: 19
May 06, 2026 2:50:38 PM arch.GeminiClient getResponse
INFO: [GeminiClient] Waiting for semaphore. In queue: 1 | Active calls: 19 | Available permits: 61
May 06, 2026 2:50:38 PM arch.GeminiClient getResponse
INFO: [GeminiClient] Acquired semaphore. Active calls: 20
May 06, 2026 2:50:38 PM arch.GeminiClient getResponse
INFO: [GeminiClient] Got response. Active calls: 19
May 06, 2026 2:50:38 PM arch.GeminiClient getResponse
INFO: [GeminiClient] Waiting for semaphore. In queue: 1 | Active calls: 19 | Available permits: 61
May 06, 2026 2:50:38 PM arch.GeminiClient getResponse
INFO: [GeminiClient] Acquired semaphore. Active calls: 20
May 06, 2026 2:50:39 PM arch.GeminiClient getResponse
INFO: [GeminiClient] Got response. Active calls: 19
May 06, 2026 2:50:39 PM arch.GeminiClient getResponse
INFO: [GeminiClient] Got response. Active calls: 18
May 06, 2026 2:50:39 PM arch.GeminiClient getResponse
INFO: [GeminiClient] Got response. Active calls: 16
May 06, 2026 2:50:39 PM arch.GeminiClient getResponse
INFO: [GeminiClient] Waiting for semaphore. In queue: 1 | Active calls: 15 | Available permits: 63
May 06, 2026 2:50:40 PM arch.GeminiClient getResponse
INFO: [GeminiClient] Waiting for semaphore. In queue: 1 | Active calls: 16 | Available permits: 62
May 06, 2026 2:50:40 PM arch.GeminiClient getResponse
INFO: [GeminiClient] Acquired semaphore. Active calls: 17
May 06, 2026 2:50:39 PM arch.GeminiClient getResponse
INFO: [GeminiClient] Got response. Active calls: 17
May 06, 2026 2:50:40 PM arch.GeminiClient getResponse
INFO: [GeminiClient] Got response. Active calls: 16
May 06, 2026 2:50:39 PM arch.GeminiClient getResponse
INFO: [GeminiClient] Got response. Active calls: 15
May 06, 2026 2:50:40 PM arch.GeminiClient getResponse
INFO: [GeminiClient] Waiting for semaphore. In queue: 1 | Active calls: 16 | Available permits: 64
May 06, 2026 2:50:39 PM arch.GeminiClient getResponse
INFO: [GeminiClient] Acquired semaphore. Active calls: 16
May 06, 2026 2:50:40 PM arch.GeminiClient getResponse
INFO: [GeminiClient] Waiting for semaphore. In queue: 1 | Active calls: 17 | Available permits: 63
May 06, 2026 2:50:40 PM arch.GeminiClient getResponse
INFO: [GeminiClient] Acquired semaphore. Active calls: 18
May 06, 2026 2:50:40 PM arch.GeminiClient getResponse
INFO: [GeminiClient] Acquired semaphore. Active calls: 17
May 06, 2026 2:50:41 PM arch.GeminiClient getResponse
INFO: [GeminiClient] Got response. Active calls: 17
May 06, 2026 2:50:41 PM arch.GeminiClient getResponse
INFO: [GeminiClient] Waiting for semaphore. In queue: 1 | Active calls: 16 | Available permits: 63
May 06, 2026 2:50:41 PM arch.GeminiClient getResponse
INFO: [GeminiClient] Acquired semaphore. Active calls: 17
May 06, 2026 2:50:42 PM arch.GeminiClient getResponse
INFO: [GeminiClient] Got response. Active calls: 16
May 06, 2026 2:50:42 PM arch.GeminiClient getResponse
INFO: [GeminiClient] Waiting for semaphore. In queue: 1 | Active calls: 16 | Available permits: 63
May 06, 2026 2:50:42 PM arch.GeminiClient getResponse
INFO: [GeminiClient] Acquired semaphore. Active calls: 17
May 06, 2026 2:50:42 PM arch.GeminiClient getResponse
INFO: [GeminiClient] Got response. Active calls: 16
May 06, 2026 2:50:41 PM arch.GeminiClient getResponse
INFO: [GeminiClient] Got response. Active calls: 16
May 06, 2026 2:50:42 PM arch.GeminiClient getResponse
INFO: [GeminiClient] Waiting for semaphore. In queue: 1 | Active calls: 16 | Available permits: 64
May 06, 2026 2:50:42 PM arch.GeminiClient getResponse
INFO: [GeminiClient] Acquired semaphore. Active calls: 17
May 06, 2026 2:50:43 PM arch.GeminiClient getResponse
INFO: [GeminiClient] Got response. Active calls: 16
May 06, 2026 2:50:43 PM arch.GeminiClient getResponse
INFO: [GeminiClient] Waiting for semaphore. In queue: 1 | Active calls: 15 | Available permits: 64
May 06, 2026 2:50:43 PM arch.GeminiClient getResponse
INFO: [GeminiClient] Acquired semaphore. Active calls: 16
May 06, 2026 2:50:43 PM arch.GeminiClient getResponse
INFO: [GeminiClient] Got response. Active calls: 15
May 06, 2026 2:50:43 PM arch.GeminiClient getResponse
INFO: [GeminiClient] Got response. Active calls: 15
May 06, 2026 2:50:43 PM arch.GeminiClient getResponse
INFO: [GeminiClient] Waiting for semaphore. In queue: 1 | Active calls: 15 | Available permits: 65
May 06, 2026 2:50:43 PM arch.GeminiClient getResponse
INFO: [GeminiClient] Acquired semaphore. Active calls: 16
May 06, 2026 2:50:44 PM arch.GeminiClient getResponse
INFO: [GeminiClient] Got response. Active calls: 15
May 06, 2026 2:50:44 PM arch.GeminiClient getResponse
INFO: [GeminiClient] Waiting for semaphore. In queue: 1 | Active calls: 15 | Available permits: 65
May 06, 2026 2:50:44 PM arch.GeminiClient getResponse
INFO: [GeminiClient] Acquired semaphore. Active calls: 16
May 06, 2026 2:50:45 PM arch.GeminiClient getResponse
INFO: [GeminiClient] Got response. Active calls: 15
May 06, 2026 2:50:45 PM arch.GeminiClient getResponse
INFO: [GeminiClient] Waiting for semaphore. In queue: 1 | Active calls: 15 | Available permits: 65
May 06, 2026 2:50:46 PM arch.GeminiClient getResponse
INFO: [GeminiClient] Waiting for semaphore. In queue: 1 | Active calls: 16 | Available permits: 64
May 06, 2026 2:50:46 PM arch.GeminiClient getResponse
INFO: [GeminiClient] Acquired semaphore. Active calls: 17
May 06, 2026 2:50:45 PM arch.GeminiClient getResponse
INFO: [GeminiClient] Acquired semaphore. Active calls: 16
May 06, 2026 2:50:46 PM arch.GeminiClient getResponse
INFO: [GeminiClient] Got response. Active calls: 16
May 06, 2026 2:50:46 PM arch.GeminiClient getResponse
INFO: [GeminiClient] Waiting for semaphore. In queue: 1 | Active calls: 16 | Available permits: 64
May 06, 2026 2:50:46 PM arch.GeminiClient getResponse
INFO: [GeminiClient] Acquired semaphore. Active calls: 17
May 06, 2026 2:50:46 PM arch.GeminiClient getResponse
INFO: [GeminiClient] Waiting for semaphore. In queue: 1 | Active calls: 17 | Available permits: 63
May 06, 2026 2:50:46 PM arch.GeminiClient getResponse
INFO: [GeminiClient] Acquired semaphore. Active calls: 18
May 06, 2026 2:50:47 PM arch.GeminiClient getResponse
INFO: [GeminiClient] Got response. Active calls: 17
May 06, 2026 2:50:47 PM arch.GeminiClient getResponse
INFO: [GeminiClient] Waiting for semaphore. In queue: 1 | Active calls: 17 | Available permits: 63
May 06, 2026 2:50:47 PM arch.GeminiClient getResponse
INFO: [GeminiClient] Acquired semaphore. Active calls: 18
May 06, 2026 2:50:47 PM arch.GeminiClient getResponse
INFO: [GeminiClient] Waiting for semaphore. In queue: 1 | Active calls: 18 | Available permits: 62
May 06, 2026 2:50:47 PM arch.GeminiClient getResponse
INFO: [GeminiClient] Acquired semaphore. Active calls: 19
May 06, 2026 2:50:48 PM arch.GeminiClient getResponse
INFO: [GeminiClient] Waiting for semaphore. In queue: 1 | Active calls: 19 | Available permits: 61
May 06, 2026 2:50:48 PM arch.GeminiClient getResponse
INFO: [GeminiClient] Got response. Active calls: 19
May 06, 2026 2:50:48 PM arch.GeminiClient getResponse
INFO: [GeminiClient] Acquired semaphore. Active calls: 20
May 06, 2026 2:50:49 PM arch.GeminiClient getResponse
INFO: [GeminiClient] Got response. Active calls: 18
May 06, 2026 2:50:49 PM arch.GeminiClient getResponse
INFO: [GeminiClient] Got response. Active calls: 17
May 06, 2026 2:50:49 PM arch.GeminiClient getResponse
INFO: [GeminiClient] Waiting for semaphore. In queue: 1 | Active calls: 17 | Available permits: 63
May 06, 2026 2:50:49 PM arch.GeminiClient getResponse
INFO: [GeminiClient] Acquired semaphore. Active calls: 18
May 06, 2026 2:50:49 PM arch.GeminiClient getResponse
INFO: [GeminiClient] Got response. Active calls: 17
May 06, 2026 2:50:50 PM arch.GeminiClient getResponse
INFO: [GeminiClient] Waiting for semaphore. In queue: 1 | Active calls: 17 | Available permits: 63
May 06, 2026 2:50:50 PM arch.GeminiClient getResponse
INFO: [GeminiClient] Waiting for semaphore. In queue: 1 | Active calls: 18 | Available permits: 62
May 06, 2026 2:50:50 PM arch.GeminiClient getResponse
INFO: [GeminiClient] Acquired semaphore. Active calls: 19
May 06, 2026 2:50:50 PM arch.GeminiClient getResponse
INFO: [GeminiClient] Got response. Active calls: 18
May 06, 2026 2:50:50 PM arch.GeminiClient getResponse
INFO: [GeminiClient] Waiting for semaphore. In queue: 1 | Active calls: 18 | Available permits: 62
May 06, 2026 2:50:50 PM arch.GeminiClient getResponse
INFO: [GeminiClient] Acquired semaphore. Active calls: 19
May 06, 2026 2:50:50 PM arch.GeminiClient getResponse
INFO: [GeminiClient] Got response. Active calls: 18
May 06, 2026 2:50:50 PM arch.GeminiClient getResponse
INFO: [GeminiClient] Got response. Active calls: 17
May 06, 2026 2:50:50 PM arch.GeminiClient getResponse
INFO: [GeminiClient] Waiting for semaphore. In queue: 1 | Active calls: 17 | Available permits: 63
May 06, 2026 2:50:50 PM arch.GeminiClient getResponse
INFO: [GeminiClient] Acquired semaphore. Active calls: 18
May 06, 2026 2:50:50 PM arch.GeminiClient getResponse
INFO: [GeminiClient] Acquired semaphore. Active calls: 18
May 06, 2026 2:50:50 PM arch.GeminiClient getResponse
INFO: [GeminiClient] Got response. Active calls: 17
May 06, 2026 2:50:50 PM arch.GeminiClient getResponse
INFO: [GeminiClient] Waiting for semaphore. In queue: 1 | Active calls: 17 | Available permits: 63
May 06, 2026 2:50:50 PM arch.GeminiClient getResponse
INFO: [GeminiClient] Acquired semaphore. Active calls: 18
May 06, 2026 2:50:51 PM arch.GeminiClient getResponse
INFO: [GeminiClient] Waiting for semaphore. In queue: 1 | Active calls: 18 | Available permits: 62
May 06, 2026 2:50:51 PM arch.GeminiClient getResponse
INFO: [GeminiClient] Acquired semaphore. Active calls: 19
May 06, 2026 2:50:52 PM arch.GeminiClient getResponse
INFO: [GeminiClient] Got response. Active calls: 18
May 06, 2026 2:50:52 PM arch.GeminiClient getResponse
INFO: [GeminiClient] Waiting for semaphore. In queue: 1 | Active calls: 16 | Available permits: 62
May 06, 2026 2:50:52 PM arch.GeminiClient getResponse
INFO: [GeminiClient] Acquired semaphore. Active calls: 17
May 06, 2026 2:50:52 PM arch.GeminiClient getResponse
INFO: [GeminiClient] Waiting for semaphore. In queue: 1 | Active calls: 17 | Available permits: 61
May 06, 2026 2:50:52 PM arch.GeminiClient getResponse
INFO: [GeminiClient] Acquired semaphore. Active calls: 18
May 06, 2026 2:50:52 PM arch.GeminiClient getResponse
INFO: [GeminiClient] Got response. Active calls: 17
May 06, 2026 2:50:52 PM arch.GeminiClient getResponse
INFO: [GeminiClient] Got response. Active calls: 16
May 06, 2026 2:50:52 PM arch.GeminiClient getResponse
INFO: [GeminiClient] Got response. Active calls: 17
May 06, 2026 2:50:52 PM arch.GeminiClient getResponse
INFO: [GeminiClient] Got response. Active calls: 16
May 06, 2026 2:50:53 PM arch.GeminiClient getResponse
INFO: [GeminiClient] Got response. Active calls: 15
May 06, 2026 2:50:53 PM arch.GeminiClient getResponse
INFO: [GeminiClient] Waiting for semaphore. In queue: 1 | Active calls: 15 | Available permits: 65
May 06, 2026 2:50:53 PM arch.GeminiClient getResponse
INFO: [GeminiClient] Acquired semaphore. Active calls: 16
May 06, 2026 2:50:53 PM arch.GeminiClient getResponse
INFO: [GeminiClient] Waiting for semaphore. In queue: 1 | Active calls: 16 | Available permits: 64
May 06, 2026 2:50:53 PM arch.GeminiClient getResponse
INFO: [GeminiClient] Acquired semaphore. Active calls: 17
May 06, 2026 2:50:53 PM arch.GeminiClient getResponse
INFO: [GeminiClient] Got response. Active calls: 16
May 06, 2026 2:50:53 PM arch.GeminiClient getResponse
INFO: [GeminiClient] Waiting for semaphore. In queue: 1 | Active calls: 16 | Available permits: 64
May 06, 2026 2:50:53 PM arch.GeminiClient getResponse
INFO: [GeminiClient] Acquired semaphore. Active calls: 17
May 06, 2026 2:50:53 PM arch.GeminiClient getResponse
INFO: [GeminiClient] Got response. Active calls: 16
May 06, 2026 2:50:53 PM arch.GeminiClient getResponse
INFO: [GeminiClient] Waiting for semaphore. In queue: 1 | Active calls: 16 | Available permits: 64
May 06, 2026 2:50:53 PM arch.GeminiClient getResponse
INFO: [GeminiClient] Acquired semaphore. Active calls: 17
May 06, 2026 2:50:53 PM arch.GeminiClient getResponse
INFO: [GeminiClient] Got response. Active calls: 16
May 06, 2026 2:50:53 PM arch.GeminiClient getResponse
INFO: [GeminiClient] Waiting for semaphore. In queue: 1 | Active calls: 16 | Available permits: 64
May 06, 2026 2:50:53 PM arch.GeminiClient getResponse
INFO: [GeminiClient] Acquired semaphore. Active calls: 17
May 06, 2026 2:50:53 PM arch.GeminiClient getResponse
INFO: [GeminiClient] Waiting for semaphore. In queue: 1 | Active calls: 17 | Available permits: 63
May 06, 2026 2:50:53 PM arch.GeminiClient getResponse
INFO: [GeminiClient] Acquired semaphore. Active calls: 18
May 06, 2026 2:50:53 PM arch.GeminiClient getResponse
INFO: [GeminiClient] Waiting for semaphore. In queue: 1 | Active calls: 18 | Available permits: 62
May 06, 2026 2:50:53 PM arch.GeminiClient getResponse
INFO: [GeminiClient] Acquired semaphore. Active calls: 19
May 06, 2026 2:50:53 PM arch.GeminiClient getResponse
INFO: [GeminiClient] Waiting for semaphore. In queue: 1 | Active calls: 19 | Available permits: 61
May 06, 2026 2:50:53 PM arch.GeminiClient getResponse
INFO: [GeminiClient] Acquired semaphore. Active calls: 18
May 06, 2026 2:50:54 PM arch.GeminiClient getResponse
INFO: [GeminiClient] Waiting for semaphore. In queue: 1 | Active calls: 18 | Available permits: 60
May 06, 2026 2:50:54 PM arch.GeminiClient getResponse
INFO: [GeminiClient] Acquired semaphore. Active calls: 19
May 06, 2026 2:50:54 PM arch.GeminiClient getResponse
INFO: [GeminiClient] Waiting for semaphore. In queue: 1 | Active calls: 19 | Available permits: 59
May 06, 2026 2:50:54 PM arch.GeminiClient getResponse
INFO: [GeminiClient] Acquired semaphore. Active calls: 19
May 06, 2026 2:50:54 PM arch.GeminiClient getResponse
INFO: [GeminiClient] Got response. Active calls: 18
May 06, 2026 2:50:54 PM arch.GeminiClient getResponse
INFO: [GeminiClient] Got response. Active calls: 17
May 06, 2026 2:50:54 PM arch.GeminiClient getResponse
INFO: [GeminiClient] Waiting for semaphore. In queue: 1 | Active calls: 17 | Available permits: 60
May 06, 2026 2:50:54 PM arch.GeminiClient getResponse
INFO: [GeminiClient] Acquired semaphore. Active calls: 18
May 06, 2026 2:50:53 PM arch.GeminiClient getResponse
INFO: [GeminiClient] Got response. Active calls: 18
May 06, 2026 2:50:53 PM arch.GeminiClient getResponse
INFO: [GeminiClient] Got response. Active calls: 17
May 06, 2026 2:50:54 PM arch.GeminiClient getResponse
INFO: [GeminiClient] Got response. Active calls: 18
May 06, 2026 2:50:54 PM arch.GeminiClient getResponse
INFO: [GeminiClient] Waiting for semaphore. In queue: 1 | Active calls: 17 | Available permits: 62
May 06, 2026 2:50:54 PM arch.GeminiClient getResponse
INFO: [GeminiClient] Acquired semaphore. Active calls: 17
May 06, 2026 2:50:54 PM arch.GeminiClient getResponse
INFO: [GeminiClient] Waiting for semaphore. In queue: 1 | Active calls: 17 | Available permits: 61
May 06, 2026 2:50:54 PM arch.GeminiClient getResponse
INFO: [GeminiClient] Acquired semaphore. Active calls: 18
May 06, 2026 2:50:54 PM arch.GeminiClient getResponse
INFO: [GeminiClient] Got response. Active calls: 17
May 06, 2026 2:50:55 PM arch.GeminiClient getResponse
INFO: [GeminiClient] Waiting for semaphore. In queue: 1 | Active calls: 17 | Available permits: 61
May 06, 2026 2:50:54 PM arch.GeminiClient getResponse
INFO: [GeminiClient] Got response. Active calls: 17
May 06, 2026 2:50:55 PM arch.GeminiClient getResponse
INFO: [GeminiClient] Waiting for semaphore. In queue: 1 | Active calls: 18 | Available permits: 61
May 06, 2026 2:50:55 PM arch.GeminiClient getResponse
INFO: [GeminiClient] Acquired semaphore. Active calls: 19
May 06, 2026 2:50:54 PM arch.GeminiClient getResponse
INFO: [GeminiClient] Got response. Active calls: 16
May 06, 2026 2:50:56 PM arch.GeminiClient getResponse
INFO: [GeminiClient] Waiting for semaphore. In queue: 1 | Active calls: 19 | Available permits: 61
May 06, 2026 2:50:56 PM arch.GeminiClient getResponse
INFO: [GeminiClient] Acquired semaphore. Active calls: 19
May 06, 2026 2:50:56 PM arch.GeminiClient getResponse
INFO: [GeminiClient] Waiting for semaphore. In queue: 1 | Active calls: 19 | Available permits: 60
May 06, 2026 2:50:56 PM arch.GeminiClient getResponse
INFO: [GeminiClient] Acquired semaphore. Active calls: 20
May 06, 2026 2:50:55 PM arch.GeminiClient getResponse
INFO: [GeminiClient] Acquired semaphore. Active calls: 18
May 06, 2026 2:50:56 PM arch.GeminiClient getResponse
INFO: [GeminiClient] Waiting for semaphore. In queue: 1 | Active calls: 20 | Available permits: 59
May 06, 2026 2:50:56 PM arch.GeminiClient getResponse
INFO: [GeminiClient] Acquired semaphore. Active calls: 21
May 06, 2026 2:50:56 PM arch.GeminiClient getResponse
INFO: [GeminiClient] Waiting for semaphore. In queue: 1 | Active calls: 21 | Available permits: 58
May 06, 2026 2:50:56 PM arch.GeminiClient getResponse
INFO: [GeminiClient] Acquired semaphore. Active calls: 22
May 06, 2026 2:50:56 PM arch.GeminiClient getResponse
INFO: [GeminiClient] Got response. Active calls: 18
May 06, 2026 2:50:57 PM arch.GeminiClient getResponse
INFO: [GeminiClient] Got response. Active calls: 21
May 06, 2026 2:50:57 PM arch.GeminiClient getResponse
INFO: [GeminiClient] Got response. Active calls: 18
May 06, 2026 2:50:57 PM arch.GeminiClient getResponse
INFO: [GeminiClient] Got response. Active calls: 17
May 06, 2026 2:50:57 PM arch.GeminiClient getResponse
INFO: [GeminiClient] Got response. Active calls: 20
May 06, 2026 2:50:57 PM arch.GeminiClient getResponse
INFO: [GeminiClient] Got response. Active calls: 19
May 06, 2026 2:50:57 PM arch.GeminiClient getResponse
INFO: [GeminiClient] Waiting for semaphore. In queue: 1 | Active calls: 17 | Available permits: 63
May 06, 2026 2:50:57 PM arch.GeminiClient getResponse
INFO: [GeminiClient] Acquired semaphore. Active calls: 18
May 06, 2026 2:50:58 PM arch.GeminiClient getResponse
INFO: [GeminiClient] Got response. Active calls: 16
May 06, 2026 2:50:58 PM arch.GeminiClient getResponse
INFO: [GeminiClient] Got response. Active calls: 15
May 06, 2026 2:50:58 PM arch.GeminiClient getResponse
INFO: [GeminiClient] Got response. Active calls: 14
May 06, 2026 2:50:58 PM arch.GeminiClient getResponse
INFO: [GeminiClient] Got response. Active calls: 13
May 06, 2026 2:50:58 PM arch.GeminiClient getResponse
INFO: [GeminiClient] Got response. Active calls: 17
May 06, 2026 2:50:58 PM arch.GeminiClient getResponse
INFO: [GeminiClient] Got response. Active calls: 12
May 06, 2026 2:50:59 PM arch.GeminiClient getResponse
INFO: [GeminiClient] Waiting for semaphore. In queue: 1 | Active calls: 12 | Available permits: 68
May 06, 2026 2:50:59 PM arch.GeminiClient getResponse
INFO: [GeminiClient] Waiting for semaphore. In queue: 1 | Active calls: 13 | Available permits: 67
May 06, 2026 2:50:59 PM arch.GeminiClient lambda$static$1
INFO: [WATCHDOG] permits=66 activeGemini=14 waitingForSemaphore=0 executorQueueSize=0 executorActiveThreads=12
May 06, 2026 2:50:59 PM arch.GeminiClient getResponse
INFO: [GeminiClient] Got response. Active calls: 13
May 06, 2026 2:51:00 PM arch.GeminiClient getResponse
INFO: [GeminiClient] Got response. Active calls: 12
May 06, 2026 2:50:59 PM arch.GeminiClient getResponse
INFO: [GeminiClient] Acquired semaphore. Active calls: 13
May 06, 2026 2:51:00 PM arch.GeminiClient getResponse
INFO: [GeminiClient] Waiting for semaphore. In queue: 1 | Active calls: 12 | Available permits: 68
May 06, 2026 2:51:00 PM arch.GeminiClient getResponse
INFO: [GeminiClient] Acquired semaphore. Active calls: 13
May 06, 2026 2:51:00 PM arch.GeminiClient getResponse
INFO: [GeminiClient] Waiting for semaphore. In queue: 1 | Active calls: 13 | Available permits: 67
May 06, 2026 2:51:00 PM arch.GeminiClient getResponse
INFO: [GeminiClient] Acquired semaphore. Active calls: 14
May 06, 2026 2:50:59 PM arch.GeminiClient getResponse
INFO: [GeminiClient] Acquired semaphore. Active calls: 14
May 06, 2026 2:51:00 PM arch.GeminiClient getResponse
INFO: [GeminiClient] Got response. Active calls: 13
May 06, 2026 2:51:01 PM arch.GeminiClient getResponse
INFO: [GeminiClient] Waiting for semaphore. In queue: 1 | Active calls: 12 | Available permits: 67
May 06, 2026 2:51:01 PM arch.GeminiClient getResponse
INFO: [GeminiClient] Acquired semaphore. Active calls: 12
May 06, 2026 2:51:01 PM arch.GeminiClient getResponse
INFO: [GeminiClient] Got response. Active calls: 11
May 06, 2026 2:51:01 PM arch.GeminiClient getResponse
INFO: [GeminiClient] Waiting for semaphore. In queue: 1 | Active calls: 11 | Available permits: 67
May 06, 2026 2:51:01 PM arch.GeminiClient getResponse
INFO: [GeminiClient] Acquired semaphore. Active calls: 12
May 06, 2026 2:51:01 PM arch.GeminiClient getResponse
INFO: [GeminiClient] Waiting for semaphore. In queue: 1 | Active calls: 12 | Available permits: 66
May 06, 2026 2:51:01 PM arch.GeminiClient getResponse
INFO: [GeminiClient] Waiting for semaphore. In queue: 1 | Active calls: 13 | Available permits: 65
May 06, 2026 2:51:01 PM arch.GeminiClient getResponse
INFO: [GeminiClient] Acquired semaphore. Active calls: 14
May 06, 2026 2:51:00 PM arch.GeminiClient getResponse
INFO: [GeminiClient] Got response. Active calls: 12
May 06, 2026 2:51:01 PM arch.GeminiClient getResponse
INFO: [GeminiClient] Got response. Active calls: 11
May 06, 2026 2:51:01 PM arch.GeminiClient getResponse
INFO: [GeminiClient] Waiting for semaphore. In queue: 1 | Active calls: 14 | Available permits: 66
May 06, 2026 2:51:01 PM arch.GeminiClient getResponse
INFO: [GeminiClient] Acquired semaphore. Active calls: 15
May 06, 2026 2:51:01 PM arch.GeminiClient getResponse
INFO: [GeminiClient] Got response. Active calls: 14
May 06, 2026 2:51:01 PM arch.GeminiClient getResponse
INFO: [GeminiClient] Got response. Active calls: 12
May 06, 2026 2:51:01 PM arch.GeminiClient getResponse
INFO: [GeminiClient] Acquired semaphore. Active calls: 13
May 06, 2026 2:51:02 PM arch.GeminiClient getResponse
INFO: [GeminiClient] Got response. Active calls: 11
May 06, 2026 2:51:02 PM arch.GeminiClient getResponse
INFO: [GeminiClient] Waiting for semaphore. In queue: 1 | Active calls: 11 | Available permits: 68
May 06, 2026 2:51:02 PM arch.GeminiClient getResponse
INFO: [GeminiClient] Acquired semaphore. Active calls: 12
May 06, 2026 2:51:02 PM arch.GeminiClient getResponse
INFO: [GeminiClient] Got response. Active calls: 11
May 06, 2026 2:51:02 PM arch.GeminiClient getResponse
INFO: [GeminiClient] Waiting for semaphore. In queue: 1 | Active calls: 10 | Available permits: 68
May 06, 2026 2:51:02 PM arch.GeminiClient getResponse
INFO: [GeminiClient] Acquired semaphore. Active calls: 10
May 06, 2026 2:51:02 PM arch.GeminiClient getResponse
INFO: [GeminiClient] Waiting for semaphore. In queue: 1 | Active calls: 10 | Available permits: 67
May 06, 2026 2:51:02 PM arch.GeminiClient getResponse
INFO: [GeminiClient] Acquired semaphore. Active calls: 11
May 06, 2026 2:51:01 PM arch.GeminiClient getResponse
INFO: [GeminiClient] Got response. Active calls: 13
May 06, 2026 2:51:02 PM arch.GeminiClient getResponse
INFO: [GeminiClient] Waiting for semaphore. In queue: 1 | Active calls: 11 | Available permits: 67
May 06, 2026 2:51:02 PM arch.GeminiClient getResponse
INFO: [GeminiClient] Acquired semaphore. Active calls: 12
May 06, 2026 2:51:02 PM arch.GeminiClient getResponse
INFO: [GeminiClient] Waiting for semaphore. In queue: 1 | Active calls: 12 | Available permits: 66
May 06, 2026 2:51:02 PM arch.GeminiClient getResponse
INFO: [GeminiClient] Acquired semaphore. Active calls: 13
May 06, 2026 2:51:02 PM arch.GeminiClient getResponse
INFO: [GeminiClient] Got response. Active calls: 10
May 06, 2026 2:51:02 PM arch.GeminiClient getResponse
INFO: [GeminiClient] Got response. Active calls: 9
May 06, 2026 2:51:03 PM arch.GeminiClient getResponse
INFO: [GeminiClient] Waiting for semaphore. In queue: 1 | Active calls: 13 | Available permits: 67
May 06, 2026 2:51:03 PM arch.GeminiClient getResponse
INFO: [GeminiClient] Acquired semaphore. Active calls: 14
May 06, 2026 2:51:03 PM arch.GeminiClient getResponse
INFO: [GeminiClient] Got response. Active calls: 13
May 06, 2026 2:51:03 PM arch.GeminiClient getResponse
INFO: [GeminiClient] Waiting for semaphore. In queue: 1 | Active calls: 13 | Available permits: 67
May 06, 2026 2:51:03 PM arch.GeminiClient getResponse
INFO: [GeminiClient] Acquired semaphore. Active calls: 14
May 06, 2026 2:51:03 PM arch.GeminiClient getResponse
INFO: [GeminiClient] Got response. Active calls: 13
May 06, 2026 2:51:03 PM arch.GeminiClient getResponse
INFO: [GeminiClient] Got response. Active calls: 12
May 06, 2026 2:51:03 PM arch.GeminiClient getResponse
INFO: [GeminiClient] Waiting for semaphore. In queue: 1 | Active calls: 12 | Available permits: 68
May 06, 2026 2:51:03 PM arch.GeminiClient getResponse
INFO: [GeminiClient] Acquired semaphore. Active calls: 13
May 06, 2026 2:51:04 PM arch.GeminiClient getResponse
INFO: [GeminiClient] Waiting for semaphore. In queue: 1 | Active calls: 13 | Available permits: 67
May 06, 2026 2:51:04 PM arch.GeminiClient getResponse
INFO: [GeminiClient] Acquired semaphore. Active calls: 13
May 06, 2026 2:51:05 PM arch.GeminiClient getResponse
INFO: [GeminiClient] Waiting for semaphore. In queue: 1 | Active calls: 13 | Available permits: 66
May 06, 2026 2:51:05 PM arch.GeminiClient getResponse
INFO: [GeminiClient] Acquired semaphore. Active calls: 14
May 06, 2026 2:51:04 PM arch.GeminiClient getResponse
INFO: [GeminiClient] Got response. Active calls: 12
May 06, 2026 2:51:05 PM arch.GeminiClient getResponse
INFO: [GeminiClient] Waiting for semaphore. In queue: 1 | Active calls: 14 | Available permits: 66
May 06, 2026 2:51:05 PM arch.GeminiClient getResponse
INFO: [GeminiClient] Acquired semaphore. Active calls: 15
May 06, 2026 2:51:05 PM arch.GeminiClient getResponse
INFO: [GeminiClient] Got response. Active calls: 14
May 06, 2026 2:51:06 PM arch.GeminiClient getResponse
INFO: [GeminiClient] Got response. Active calls: 13
May 06, 2026 2:51:06 PM arch.GeminiClient getResponse
INFO: [GeminiClient] Got response. Active calls: 10
May 06, 2026 2:51:06 PM arch.GeminiClient getResponse
INFO: [GeminiClient] Got response. Active calls: 9
May 06, 2026 2:51:06 PM arch.GeminiClient getResponse
INFO: [GeminiClient] Waiting for semaphore. In queue: 1 | Active calls: 9 | Available permits: 69
May 06, 2026 2:51:06 PM arch.GeminiClient getResponse
INFO: [GeminiClient] Acquired semaphore. Active calls: 10
May 06, 2026 2:51:06 PM arch.GeminiClient getResponse
INFO: [GeminiClient] Waiting for semaphore. In queue: 1 | Active calls: 10 | Available permits: 68
May 06, 2026 2:51:06 PM arch.GeminiClient getResponse
INFO: [GeminiClient] Got response. Active calls: 12
May 06, 2026 2:51:06 PM arch.GeminiClient getResponse
INFO: [GeminiClient] Got response. Active calls: 11
May 06, 2026 2:51:06 PM arch.GeminiClient getResponse
INFO: [GeminiClient] Got response. Active calls: 10
May 06, 2026 2:51:06 PM arch.GeminiClient getResponse
INFO: [GeminiClient] Waiting for semaphore. In queue: 1 | Active calls: 10 | Available permits: 70
May 06, 2026 2:51:06 PM arch.GeminiClient getResponse
INFO: [GeminiClient] Acquired semaphore. Active calls: 11
May 06, 2026 2:51:06 PM arch.GeminiClient getResponse
INFO: [GeminiClient] Waiting for semaphore. In queue: 1 | Active calls: 11 | Available permits: 69
May 06, 2026 2:51:06 PM arch.GeminiClient getResponse
INFO: [GeminiClient] Acquired semaphore. Active calls: 12
May 06, 2026 2:51:06 PM arch.GeminiClient getResponse
INFO: [GeminiClient] Waiting for semaphore. In queue: 1 | Active calls: 12 | Available permits: 68
May 06, 2026 2:51:06 PM arch.GeminiClient getResponse
INFO: [GeminiClient] Acquired semaphore. Active calls: 13
May 06, 2026 2:51:06 PM arch.GeminiClient getResponse
INFO: [GeminiClient] Acquired semaphore. Active calls: 11
May 06, 2026 2:51:07 PM arch.GeminiClient getResponse
INFO: [GeminiClient] Got response. Active calls: 12
May 06, 2026 2:51:07 PM arch.GeminiClient getResponse
INFO: [GeminiClient] Waiting for semaphore. In queue: 1 | Active calls: 12 | Available permits: 68
May 06, 2026 2:51:07 PM arch.GeminiClient getResponse
INFO: [GeminiClient] Acquired semaphore. Active calls: 13
May 06, 2026 2:51:07 PM arch.GeminiClient getResponse
INFO: [GeminiClient] Got response. Active calls: 12
May 06, 2026 2:51:07 PM arch.GeminiClient getResponse
INFO: [GeminiClient] Got response. Active calls: 11
May 06, 2026 2:51:07 PM arch.GeminiClient getResponse
INFO: [GeminiClient] Waiting for semaphore. In queue: 1 | Active calls: 10 | Available permits: 69
May 06, 2026 2:51:07 PM arch.GeminiClient getResponse
INFO: [GeminiClient] Acquired semaphore. Active calls: 11
May 06, 2026 2:51:08 PM arch.GeminiClient getResponse
INFO: [GeminiClient] Got response. Active calls: 10
May 06, 2026 2:51:07 PM arch.GeminiClient getResponse
INFO: [GeminiClient] Got response. Active calls: 10
May 06, 2026 2:51:08 PM arch.GeminiClient getResponse
INFO: [GeminiClient] Waiting for semaphore. In queue: 1 | Active calls: 10 | Available permits: 70
May 06, 2026 2:51:08 PM arch.GeminiClient getResponse
INFO: [GeminiClient] Acquired semaphore. Active calls: 11
May 06, 2026 2:51:09 PM arch.GeminiClient getResponse
INFO: [GeminiClient] Waiting for semaphore. In queue: 1 | Active calls: 11 | Available permits: 69
May 06, 2026 2:51:09 PM arch.GeminiClient getResponse
INFO: [GeminiClient] Acquired semaphore. Active calls: 12
May 06, 2026 2:51:09 PM arch.GeminiClient getResponse
INFO: [GeminiClient] Got response. Active calls: 11
May 06, 2026 2:51:09 PM arch.GeminiClient getResponse
INFO: [GeminiClient] Got response. Active calls: 10
May 06, 2026 2:51:09 PM arch.GeminiClient getResponse
INFO: [GeminiClient] Got response. Active calls: 9
May 06, 2026 2:51:09 PM arch.GeminiClient getResponse
INFO: [GeminiClient] Waiting for semaphore. In queue: 1 | Active calls: 9 | Available permits: 71
May 06, 2026 2:51:09 PM arch.GeminiClient getResponse
INFO: [GeminiClient] Acquired semaphore. Active calls: 10
May 06, 2026 2:51:09 PM arch.GeminiClient getResponse
INFO: [GeminiClient] Waiting for semaphore. In queue: 1 | Active calls: 10 | Available permits: 70
May 06, 2026 2:51:09 PM arch.GeminiClient getResponse
INFO: [GeminiClient] Acquired semaphore. Active calls: 11
May 06, 2026 2:51:09 PM arch.GeminiClient getResponse
INFO: [GeminiClient] Waiting for semaphore. In queue: 1 | Active calls: 11 | Available permits: 69
May 06, 2026 2:51:09 PM arch.GeminiClient getResponse
INFO: [GeminiClient] Waiting for semaphore. In queue: 1 | Active calls: 12 | Available permits: 68
May 06, 2026 2:51:09 PM arch.GeminiClient getResponse
INFO: [GeminiClient] Acquired semaphore. Active calls: 13
May 06, 2026 2:51:10 PM arch.GeminiClient getResponse
INFO: [GeminiClient] Waiting for semaphore. In queue: 1 | Active calls: 13 | Available permits: 67
May 06, 2026 2:51:10 PM arch.GeminiClient getResponse
INFO: [GeminiClient] Acquired semaphore. Active calls: 14
May 06, 2026 2:51:10 PM arch.GeminiClient getResponse
INFO: [GeminiClient] Got response. Active calls: 13
May 06, 2026 2:51:10 PM arch.GeminiClient getResponse
INFO: [GeminiClient] Waiting for semaphore. In queue: 1 | Active calls: 12 | Available permits: 67
May 06, 2026 2:51:10 PM arch.GeminiClient getResponse
INFO: [GeminiClient] Acquired semaphore. Active calls: 13
May 06, 2026 2:51:09 PM arch.GeminiClient getResponse
INFO: [GeminiClient] Acquired semaphore. Active calls: 12
May 06, 2026 2:51:10 PM arch.GeminiClient getResponse
INFO: [GeminiClient] Got response. Active calls: 12
May 06, 2026 2:51:10 PM arch.GeminiClient getResponse
INFO: [GeminiClient] Waiting for semaphore. In queue: 1 | Active calls: 12 | Available permits: 67
May 06, 2026 2:51:10 PM arch.GeminiClient getResponse
INFO: [GeminiClient] Acquired semaphore. Active calls: 13
May 06, 2026 2:51:10 PM arch.GeminiClient getResponse
INFO: [GeminiClient] Got response. Active calls: 12
May 06, 2026 2:51:10 PM arch.GeminiClient getResponse
INFO: [GeminiClient] Waiting for semaphore. In queue: 1 | Active calls: 12 | Available permits: 67
May 06, 2026 2:51:10 PM arch.GeminiClient getResponse
INFO: [GeminiClient] Acquired semaphore. Active calls: 13
May 06, 2026 2:51:10 PM arch.GeminiClient getResponse
INFO: [GeminiClient] Got response. Active calls: 12
May 06, 2026 2:51:10 PM arch.GeminiClient getResponse
INFO: [GeminiClient] Got response. Active calls: 12
May 06, 2026 2:51:10 PM arch.GeminiClient getResponse
INFO: [GeminiClient] Waiting for semaphore. In queue: 1 | Active calls: 12 | Available permits: 68
May 06, 2026 2:51:11 PM arch.GeminiClient getResponse
INFO: [GeminiClient] Got response. Active calls: 12
May 06, 2026 2:51:11 PM arch.GeminiClient getResponse
INFO: [GeminiClient] Waiting for semaphore. In queue: 1 | Active calls: 12 | Available permits: 68
May 06, 2026 2:51:11 PM arch.GeminiClient getResponse
INFO: [GeminiClient] Acquired semaphore. Active calls: 13
May 06, 2026 2:51:11 PM arch.GeminiClient getResponse
INFO: [GeminiClient] Got response. Active calls: 12
May 06, 2026 2:51:11 PM arch.GeminiClient getResponse
INFO: [GeminiClient] Waiting for semaphore. In queue: 1 | Active calls: 12 | Available permits: 68
May 06, 2026 2:51:11 PM arch.GeminiClient getResponse
INFO: [GeminiClient] Acquired semaphore. Active calls: 13
May 06, 2026 2:51:10 PM arch.GeminiClient getResponse
INFO: [GeminiClient] Acquired semaphore. Active calls: 13
May 06, 2026 2:51:11 PM arch.GeminiClient getResponse
INFO: [GeminiClient] Got response. Active calls: 12
May 06, 2026 2:51:11 PM arch.GeminiClient getResponse
INFO: [GeminiClient] Waiting for semaphore. In queue: 1 | Active calls: 12 | Available permits: 68
May 06, 2026 2:51:11 PM arch.GeminiClient getResponse
INFO: [GeminiClient] Acquired semaphore. Active calls: 13
May 06, 2026 2:51:12 PM arch.GeminiClient getResponse
INFO: [GeminiClient] Got response. Active calls: 12
May 06, 2026 2:51:12 PM arch.GeminiClient getResponse
INFO: [GeminiClient] Got response. Active calls: 11
May 06, 2026 2:51:12 PM arch.GeminiClient getResponse
INFO: [GeminiClient] Got response. Active calls: 10
May 06, 2026 2:51:12 PM arch.GeminiClient getResponse
INFO: [GeminiClient] Waiting for semaphore. In queue: 1 | Active calls: 10 | Available permits: 70
May 06, 2026 2:51:12 PM arch.GeminiClient getResponse
INFO: [GeminiClient] Waiting for semaphore. In queue: 1 | Active calls: 11 | Available permits: 69
May 06, 2026 2:51:12 PM arch.GeminiClient getResponse
INFO: [GeminiClient] Acquired semaphore. Active calls: 12
May 06, 2026 2:51:12 PM arch.GeminiClient getResponse
INFO: [GeminiClient] Got response. Active calls: 11
May 06, 2026 2:51:12 PM arch.GeminiClient getResponse
INFO: [GeminiClient] Waiting for semaphore. In queue: 1 | Active calls: 10 | Available permits: 69
May 06, 2026 2:51:12 PM arch.GeminiClient getResponse
INFO: [GeminiClient] Acquired semaphore. Active calls: 11
May 06, 2026 2:51:13 PM arch.GeminiClient getResponse
INFO: [GeminiClient] Waiting for semaphore. In queue: 1 | Active calls: 11 | Available permits: 68
May 06, 2026 2:51:13 PM arch.GeminiClient getResponse
INFO: [GeminiClient] Acquired semaphore. Active calls: 12
May 06, 2026 2:51:12 PM arch.GeminiClient getResponse
INFO: [GeminiClient] Acquired semaphore. Active calls: 11
May 06, 2026 2:51:13 PM arch.GeminiClient getResponse
INFO: [GeminiClient] Waiting for semaphore. In queue: 1 | Active calls: 12 | Available permits: 67
May 06, 2026 2:51:13 PM arch.GeminiClient getResponse
INFO: [GeminiClient] Acquired semaphore. Active calls: 13
May 06, 2026 2:51:13 PM arch.GeminiClient getResponse
INFO: [GeminiClient] Got response. Active calls: 12
May 06, 2026 2:51:13 PM arch.GeminiClient getResponse
INFO: [GeminiClient] Got response. Active calls: 11
May 06, 2026 2:51:12 PM arch.GeminiClient getResponse
INFO: [GeminiClient] Got response. Active calls: 10
May 06, 2026 2:51:13 PM arch.GeminiClient getResponse
INFO: [GeminiClient] Got response. Active calls: 10
May 06, 2026 2:51:13 PM arch.GeminiClient getResponse
INFO: [GeminiClient] Got response. Active calls: 9
May 06, 2026 2:51:14 PM arch.GeminiClient getResponse
INFO: [GeminiClient] Waiting for semaphore. In queue: 1 | Active calls: 9 | Available permits: 71
May 06, 2026 2:51:14 PM arch.GeminiClient getResponse
INFO: [GeminiClient] Acquired semaphore. Active calls: 9
May 06, 2026 2:51:14 PM arch.GeminiClient getResponse
INFO: [GeminiClient] Waiting for semaphore. In queue: 1 | Active calls: 9 | Available permits: 70
May 06, 2026 2:51:14 PM arch.GeminiClient getResponse
INFO: [GeminiClient] Acquired semaphore. Active calls: 10
May 06, 2026 2:51:14 PM arch.GeminiClient getResponse
INFO: [GeminiClient] Waiting for semaphore. In queue: 1 | Active calls: 10 | Available permits: 69
May 06, 2026 2:51:14 PM arch.GeminiClient getResponse
INFO: [GeminiClient] Acquired semaphore. Active calls: 11
May 06, 2026 2:51:14 PM arch.GeminiClient getResponse
INFO: [GeminiClient] Got response. Active calls: 10
May 06, 2026 2:51:14 PM arch.GeminiClient getResponse
INFO: [GeminiClient] Got response. Active calls: 8
May 06, 2026 2:51:14 PM arch.GeminiClient getResponse
INFO: [GeminiClient] Got response. Active calls: 9
May 06, 2026 2:51:15 PM arch.GeminiClient getResponse
INFO: [GeminiClient] Waiting for semaphore. In queue: 1 | Active calls: 9 | Available permits: 71
May 06, 2026 2:51:15 PM arch.GeminiClient getResponse
INFO: [GeminiClient] Acquired semaphore. Active calls: 10
May 06, 2026 2:51:15 PM arch.GeminiClient getResponse
INFO: [GeminiClient] Waiting for semaphore. In queue: 1 | Active calls: 10 | Available permits: 70
May 06, 2026 2:51:15 PM arch.GeminiClient getResponse
INFO: [GeminiClient] Acquired semaphore. Active calls: 11
May 06, 2026 2:51:15 PM arch.GeminiClient getResponse
INFO: [GeminiClient] Waiting for semaphore. In queue: 1 | Active calls: 11 | Available permits: 69
May 06, 2026 2:51:15 PM arch.GeminiClient getResponse
INFO: [GeminiClient] Acquired semaphore. Active calls: 12
May 06, 2026 2:51:15 PM arch.GeminiClient getResponse
INFO: [GeminiClient] Got response. Active calls: 11
May 06, 2026 2:51:15 PM arch.GeminiClient getResponse
INFO: [GeminiClient] Got response. Active calls: 10
May 06, 2026 2:51:16 PM arch.GeminiClient getResponse
INFO: [GeminiClient] Got response. Active calls: 9
May 06, 2026 2:51:16 PM arch.GeminiClient getResponse
INFO: [GeminiClient] Waiting for semaphore. In queue: 1 | Active calls: 9 | Available permits: 71
May 06, 2026 2:51:16 PM arch.GeminiClient getResponse
INFO: [GeminiClient] Acquired semaphore. Active calls: 10
May 06, 2026 2:51:16 PM arch.GeminiClient getResponse
INFO: [GeminiClient] Got response. Active calls: 9
May 06, 2026 2:51:16 PM arch.GeminiClient getResponse
INFO: [GeminiClient] Waiting for semaphore. In queue: 1 | Active calls: 9 | Available permits: 71
May 06, 2026 2:51:16 PM arch.GeminiClient getResponse
INFO: [GeminiClient] Acquired semaphore. Active calls: 10
May 06, 2026 2:51:16 PM arch.GeminiClient getResponse
INFO: [GeminiClient] Got response. Active calls: 9
May 06, 2026 2:51:17 PM arch.GeminiClient getResponse
INFO: [GeminiClient] Waiting for semaphore. In queue: 1 | Active calls: 9 | Available permits: 71
May 06, 2026 2:51:17 PM arch.GeminiClient getResponse
INFO: [GeminiClient] Acquired semaphore. Active calls: 10
May 06, 2026 2:51:17 PM arch.GeminiClient getResponse
INFO: [GeminiClient] Got response. Active calls: 9
May 06, 2026 2:51:17 PM arch.GeminiClient getResponse
INFO: [GeminiClient] Got response. Active calls: 8
May 06, 2026 2:51:17 PM arch.GeminiClient getResponse
INFO: [GeminiClient] Waiting for semaphore. In queue: 1 | Active calls: 8 | Available permits: 72
May 06, 2026 2:51:17 PM arch.GeminiClient getResponse
INFO: [GeminiClient] Acquired semaphore. Active calls: 9
May 06, 2026 2:51:18 PM arch.GeminiClient getResponse
INFO: [GeminiClient] Got response. Active calls: 7
May 06, 2026 2:51:18 PM arch.GeminiClient getResponse
INFO: [GeminiClient] Waiting for semaphore. In queue: 1 | Active calls: 7 | Available permits: 72
May 06, 2026 2:51:18 PM arch.GeminiClient getResponse
INFO: [GeminiClient] Waiting for semaphore. In queue: 1 | Active calls: 8 | Available permits: 71
May 06, 2026 2:51:18 PM arch.GeminiClient getResponse
INFO: [GeminiClient] Acquired semaphore. Active calls: 9
May 06, 2026 2:51:18 PM arch.GeminiClient getResponse
INFO: [GeminiClient] Waiting for semaphore. In queue: 1 | Active calls: 9 | Available permits: 70
May 06, 2026 2:51:18 PM arch.GeminiClient getResponse
INFO: [GeminiClient] Acquired semaphore. Active calls: 10
May 06, 2026 2:51:18 PM arch.GeminiClient getResponse
INFO: [GeminiClient] Waiting for semaphore. In queue: 1 | Active calls: 10 | Available permits: 69
May 06, 2026 2:51:18 PM arch.GeminiClient getResponse
INFO: [GeminiClient] Acquired semaphore. Active calls: 11
May 06, 2026 2:51:18 PM arch.GeminiClient getResponse
INFO: [GeminiClient] Got response. Active calls: 8
May 06, 2026 2:51:18 PM arch.GeminiClient getResponse
INFO: [GeminiClient] Acquired semaphore. Active calls: 8
May 06, 2026 2:51:19 PM arch.GeminiClient getResponse
INFO: [GeminiClient] Got response. Active calls: 10
May 06, 2026 2:51:20 PM arch.GeminiClient getResponse
INFO: [GeminiClient] Got response. Active calls: 8
May 06, 2026 2:51:20 PM arch.GeminiClient getResponse
INFO: [GeminiClient] Waiting for semaphore. In queue: 1 | Active calls: 8 | Available permits: 71
May 06, 2026 2:51:20 PM arch.GeminiClient getResponse
INFO: [GeminiClient] Got response. Active calls: 8
May 06, 2026 2:51:19 PM arch.GeminiClient getResponse
INFO: [GeminiClient] Got response. Active calls: 9
May 06, 2026 2:51:20 PM arch.GeminiClient getResponse
INFO: [GeminiClient] Got response. Active calls: 7
May 06, 2026 2:51:21 PM arch.GeminiClient getResponse
INFO: [GeminiClient] Waiting for semaphore. In queue: 1 | Active calls: 7 | Available permits: 73
May 06, 2026 2:51:21 PM arch.GeminiClient getResponse
INFO: [GeminiClient] Acquired semaphore. Active calls: 8
May 06, 2026 2:51:21 PM arch.GeminiClient getResponse
INFO: [GeminiClient] Waiting for semaphore. In queue: 1 | Active calls: 8 | Available permits: 72
May 06, 2026 2:51:21 PM arch.GeminiClient getResponse
INFO: [GeminiClient] Acquired semaphore. Active calls: 9
May 06, 2026 2:51:20 PM arch.GeminiClient getResponse
INFO: [GeminiClient] Acquired semaphore. Active calls: 9
May 06, 2026 2:51:22 PM arch.GeminiClient getResponse
INFO: [GeminiClient] Got response. Active calls: 7
May 06, 2026 2:51:22 PM arch.GeminiClient getResponse
INFO: [GeminiClient] Waiting for semaphore. In queue: 1 | Active calls: 7 | Available permits: 72
May 06, 2026 2:51:22 PM arch.GeminiClient getResponse
INFO: [GeminiClient] Acquired semaphore. Active calls: 8
May 06, 2026 2:51:21 PM arch.GeminiClient getResponse
INFO: [GeminiClient] Got response. Active calls: 8
May 06, 2026 2:51:22 PM arch.GeminiClient getResponse
INFO: [GeminiClient] Got response. Active calls: 7
May 06, 2026 2:51:22 PM arch.GeminiClient getResponse
INFO: [GeminiClient] Waiting for semaphore. In queue: 1 | Active calls: 7 | Available permits: 73
May 06, 2026 2:51:22 PM arch.GeminiClient getResponse
INFO: [GeminiClient] Acquired semaphore. Active calls: 8
May 06, 2026 2:51:23 PM arch.GeminiClient getResponse
INFO: [GeminiClient] Got response. Active calls: 7
May 06, 2026 2:51:23 PM arch.GeminiClient getResponse
INFO: [GeminiClient] Waiting for semaphore. In queue: 1 | Active calls: 7 | Available permits: 73
May 06, 2026 2:51:23 PM arch.GeminiClient getResponse
INFO: [GeminiClient] Acquired semaphore. Active calls: 8
May 06, 2026 2:51:24 PM arch.GeminiClient getResponse
INFO: [GeminiClient] Waiting for semaphore. In queue: 1 | Active calls: 8 | Available permits: 72
May 06, 2026 2:51:24 PM arch.GeminiClient getResponse
INFO: [GeminiClient] Acquired semaphore. Active calls: 9
May 06, 2026 2:51:24 PM arch.GeminiClient getResponse
INFO: [GeminiClient] Got response. Active calls: 8
May 06, 2026 2:51:25 PM arch.GeminiClient getResponse
INFO: [GeminiClient] Got response. Active calls: 7
May 06, 2026 2:51:25 PM arch.GeminiClient getResponse
INFO: [GeminiClient] Waiting for semaphore. In queue: 1 | Active calls: 7 | Available permits: 73
May 06, 2026 2:51:25 PM arch.GeminiClient getResponse
INFO: [GeminiClient] Acquired semaphore. Active calls: 8
May 06, 2026 2:51:25 PM arch.GeminiClient getResponse
INFO: [GeminiClient] Waiting for semaphore. In queue: 1 | Active calls: 8 | Available permits: 72
May 06, 2026 2:51:26 PM arch.GeminiClient getResponse
INFO: [GeminiClient] Got response. Active calls: 8
May 06, 2026 2:51:26 PM arch.GeminiClient getResponse
INFO: [GeminiClient] Waiting for semaphore. In queue: 1 | Active calls: 8 | Available permits: 72
May 06, 2026 2:51:26 PM arch.GeminiClient getResponse
INFO: [GeminiClient] Acquired semaphore. Active calls: 9
May 06, 2026 2:51:26 PM arch.GeminiClient getResponse
INFO: [GeminiClient] Got response. Active calls: 8
May 06, 2026 2:51:26 PM arch.GeminiClient getResponse
INFO: [GeminiClient] Waiting for semaphore. In queue: 1 | Active calls: 8 | Available permits: 72
May 06, 2026 2:51:25 PM arch.GeminiClient getResponse
INFO: [GeminiClient] Acquired semaphore. Active calls: 9
May 06, 2026 2:51:26 PM arch.GeminiClient getResponse
INFO: [GeminiClient] Waiting for semaphore. In queue: 1 | Active calls: 9 | Available permits: 71
May 06, 2026 2:51:26 PM arch.GeminiClient getResponse
INFO: [GeminiClient] Acquired semaphore. Active calls: 10
May 06, 2026 2:51:26 PM arch.GeminiClient getResponse
INFO: [GeminiClient] Waiting for semaphore. In queue: 1 | Active calls: 10 | Available permits: 70
May 06, 2026 2:51:26 PM arch.GeminiClient getResponse
INFO: [GeminiClient] Acquired semaphore. Active calls: 11
May 06, 2026 2:51:27 PM arch.GeminiClient getResponse
INFO: [GeminiClient] Got response. Active calls: 10
May 06, 2026 2:51:27 PM arch.GeminiClient getResponse
INFO: [GeminiClient] Got response. Active calls: 9
May 06, 2026 2:51:26 PM arch.GeminiClient getResponse
INFO: [GeminiClient] Acquired semaphore. Active calls: 9
May 06, 2026 2:51:28 PM arch.GeminiClient getResponse
INFO: [GeminiClient] Waiting for semaphore. In queue: 1 | Active calls: 9 | Available permits: 71
May 06, 2026 2:51:28 PM arch.GeminiClient getResponse
INFO: [GeminiClient] Acquired semaphore. Active calls: 10
May 06, 2026 2:51:28 PM arch.GeminiClient getResponse
INFO: [GeminiClient] Waiting for semaphore. In queue: 1 | Active calls: 10 | Available permits: 70
May 06, 2026 2:51:28 PM arch.GeminiClient getResponse
INFO: [GeminiClient] Acquired semaphore. Active calls: 11
May 06, 2026 2:51:28 PM arch.GeminiClient getResponse
INFO: [GeminiClient] Waiting for semaphore. In queue: 1 | Active calls: 11 | Available permits: 69
May 06, 2026 2:51:28 PM arch.GeminiClient getResponse
INFO: [GeminiClient] Acquired semaphore. Active calls: 12
May 06, 2026 2:51:28 PM arch.GeminiClient getResponse
INFO: [GeminiClient] Got response. Active calls: 11
May 06, 2026 2:51:28 PM arch.GeminiClient getResponse
INFO: [GeminiClient] Waiting for semaphore. In queue: 1 | Active calls: 11 | Available permits: 69
May 06, 2026 2:51:28 PM arch.GeminiClient getResponse
INFO: [GeminiClient] Got response. Active calls: 11
May 06, 2026 2:51:29 PM arch.GeminiClient getResponse
INFO: [GeminiClient] Waiting for semaphore. In queue: 1 | Active calls: 10 | Available permits: 69
May 06, 2026 2:51:29 PM arch.GeminiClient getResponse
INFO: [GeminiClient] Acquired semaphore. Active calls: 11
May 06, 2026 2:51:29 PM arch.GeminiClient getResponse
INFO: [GeminiClient] Waiting for semaphore. In queue: 1 | Active calls: 11 | Available permits: 68
May 06, 2026 2:51:29 PM arch.GeminiClient getResponse
INFO: [GeminiClient] Got response. Active calls: 11
May 06, 2026 2:51:28 PM arch.GeminiClient getResponse
INFO: [GeminiClient] Acquired semaphore. Active calls: 12
May 06, 2026 2:51:28 PM arch.GeminiClient getResponse
INFO: [GeminiClient] Got response. Active calls: 10
May 06, 2026 2:51:29 PM arch.GeminiClient lambda$static$1
INFO: [WATCHDOG] permits=69 activeGemini=11 waitingForSemaphore=0 executorQueueSize=0 executorActiveThreads=10
May 06, 2026 2:51:30 PM arch.GeminiClient getResponse
INFO: [GeminiClient] Waiting for semaphore. In queue: 1 | Active calls: 11 | Available permits: 69
May 06, 2026 2:51:30 PM arch.GeminiClient getResponse
INFO: [GeminiClient] Acquired semaphore. Active calls: 11
May 06, 2026 2:51:29 PM arch.GeminiClient getResponse
INFO: [GeminiClient] Acquired semaphore. Active calls: 12
May 06, 2026 2:51:30 PM arch.GeminiClient getResponse
INFO: [GeminiClient] Got response. Active calls: 10
May 06, 2026 2:51:30 PM arch.GeminiClient getResponse
INFO: [GeminiClient] Got response. Active calls: 10
May 06, 2026 2:51:30 PM arch.GeminiClient getResponse
INFO: [GeminiClient] Waiting for semaphore. In queue: 1 | Active calls: 9 | Available permits: 70
May 06, 2026 2:51:30 PM arch.GeminiClient getResponse
INFO: [GeminiClient] Acquired semaphore. Active calls: 10
May 06, 2026 2:51:31 PM arch.GeminiClient getResponse
INFO: [GeminiClient] Got response. Active calls: 9
May 06, 2026 2:51:30 PM arch.GeminiClient getResponse
INFO: [GeminiClient] Got response. Active calls: 9
May 06, 2026 2:51:31 PM arch.GeminiClient getResponse
INFO: [GeminiClient] Got response. Active calls: 8
May 06, 2026 2:51:31 PM arch.GeminiClient getResponse
INFO: [GeminiClient] Waiting for semaphore. In queue: 1 | Active calls: 8 | Available permits: 72
May 06, 2026 2:51:32 PM arch.GeminiClient getResponse
INFO: [GeminiClient] Waiting for semaphore. In queue: 1 | Active calls: 9 | Available permits: 71
May 06, 2026 2:51:32 PM arch.GeminiClient getResponse
INFO: [GeminiClient] Acquired semaphore. Active calls: 10
May 06, 2026 2:51:32 PM arch.GeminiClient getResponse
INFO: [GeminiClient] Waiting for semaphore. In queue: 1 | Active calls: 10 | Available permits: 70
May 06, 2026 2:51:32 PM arch.GeminiClient getResponse
INFO: [GeminiClient] Acquired semaphore. Active calls: 10
May 06, 2026 2:51:33 PM arch.GeminiClient getResponse
INFO: [GeminiClient] Got response. Active calls: 9
May 06, 2026 2:51:33 PM arch.GeminiClient getResponse
INFO: [GeminiClient] Got response. Active calls: 8
May 06, 2026 2:51:31 PM arch.GeminiClient getResponse
INFO: [GeminiClient] Acquired semaphore. Active calls: 9
May 06, 2026 2:51:33 PM arch.GeminiClient getResponse
INFO: [GeminiClient] Waiting for semaphore. In queue: 1 | Active calls: 8 | Available permits: 71
May 06, 2026 2:51:33 PM arch.GeminiClient getResponse
INFO: [GeminiClient] Acquired semaphore. Active calls: 9
May 06, 2026 2:51:32 PM arch.GeminiClient getResponse
INFO: [GeminiClient] Got response. Active calls: 9
May 06, 2026 2:51:33 PM arch.GeminiClient getResponse
INFO: [GeminiClient] Waiting for semaphore. In queue: 1 | Active calls: 9 | Available permits: 71
May 06, 2026 2:51:33 PM arch.GeminiClient getResponse
INFO: [GeminiClient] Acquired semaphore. Active calls: 10
May 06, 2026 2:51:34 PM arch.GeminiClient getResponse
INFO: [GeminiClient] Waiting for semaphore. In queue: 1 | Active calls: 10 | Available permits: 70
May 06, 2026 2:51:34 PM arch.GeminiClient getResponse
INFO: [GeminiClient] Acquired semaphore. Active calls: 11
May 06, 2026 2:51:34 PM arch.GeminiClient getResponse
INFO: [GeminiClient] Waiting for semaphore. In queue: 1 | Active calls: 11 | Available permits: 69
May 06, 2026 2:51:34 PM arch.GeminiClient getResponse
INFO: [GeminiClient] Acquired semaphore. Active calls: 12
May 06, 2026 2:51:34 PM arch.GeminiClient getResponse
INFO: [GeminiClient] Got response. Active calls: 11
May 06, 2026 2:51:34 PM arch.GeminiClient getResponse
INFO: [GeminiClient] Waiting for semaphore. In queue: 1 | Active calls: 11 | Available permits: 69
May 06, 2026 2:51:34 PM arch.GeminiClient getResponse
INFO: [GeminiClient] Acquired semaphore. Active calls: 12
May 06, 2026 2:51:34 PM arch.GeminiClient getResponse
INFO: [GeminiClient] Waiting for semaphore. In queue: 1 | Active calls: 12 | Available permits: 68
May 06, 2026 2:51:34 PM arch.GeminiClient getResponse
INFO: [GeminiClient] Acquired semaphore. Active calls: 13
May 06, 2026 2:51:35 PM arch.GeminiClient getResponse
INFO: [GeminiClient] Waiting for semaphore. In queue: 1 | Active calls: 13 | Available permits: 67
May 06, 2026 2:51:35 PM arch.GeminiClient getResponse
INFO: [GeminiClient] Got response. Active calls: 12
May 06, 2026 2:51:35 PM arch.GeminiClient getResponse
INFO: [GeminiClient] Got response. Active calls: 12
May 06, 2026 2:51:35 PM arch.GeminiClient getResponse
INFO: [GeminiClient] Got response. Active calls: 11
May 06, 2026 2:51:35 PM arch.GeminiClient getResponse
INFO: [GeminiClient] Acquired semaphore. Active calls: 13
May 06, 2026 2:51:36 PM arch.GeminiClient getResponse
INFO: [GeminiClient] Waiting for semaphore. In queue: 1 | Active calls: 11 | Available permits: 69
May 06, 2026 2:51:36 PM arch.GeminiClient getResponse
INFO: [GeminiClient] Waiting for semaphore. In queue: 1 | Active calls: 12 | Available permits: 68
May 06, 2026 2:51:36 PM arch.GeminiClient getResponse
INFO: [GeminiClient] Acquired semaphore. Active calls: 13
May 06, 2026 2:51:36 PM arch.GeminiClient getResponse
INFO: [GeminiClient] Waiting for semaphore. In queue: 1 | Active calls: 13 | Available permits: 67
May 06, 2026 2:51:36 PM arch.GeminiClient getResponse
INFO: [GeminiClient] Acquired semaphore. Active calls: 14
May 06, 2026 2:51:36 PM arch.GeminiClient getResponse
INFO: [GeminiClient] Waiting for semaphore. In queue: 1 | Active calls: 14 | Available permits: 66
May 06, 2026 2:51:36 PM arch.GeminiClient getResponse
INFO: [GeminiClient] Acquired semaphore. Active calls: 15
May 06, 2026 2:51:37 PM arch.GeminiClient getResponse
INFO: [GeminiClient] Got response. Active calls: 14
May 06, 2026 2:51:36 PM arch.GeminiClient getResponse
INFO: [GeminiClient] Acquired semaphore. Active calls: 12
May 06, 2026 2:51:37 PM arch.GeminiClient getResponse
INFO: [GeminiClient] Got response. Active calls: 13
May 06, 2026 2:51:37 PM arch.GeminiClient getResponse
INFO: [GeminiClient] Got response. Active calls: 12
May 06, 2026 2:51:37 PM arch.GeminiClient getResponse
INFO: [GeminiClient] Waiting for semaphore. In queue: 1 | Active calls: 12 | Available permits: 68
May 06, 2026 2:51:37 PM arch.GeminiClient getResponse
INFO: [GeminiClient] Acquired semaphore. Active calls: 13
May 06, 2026 2:51:37 PM arch.GeminiClient getResponse
INFO: [GeminiClient] Got response. Active calls: 11
May 06, 2026 2:51:37 PM arch.GeminiClient getResponse
INFO: [GeminiClient] Got response. Active calls: 10
May 06, 2026 2:51:37 PM arch.GeminiClient getResponse
INFO: [GeminiClient] Got response. Active calls: 12
May 06, 2026 2:51:39 PM arch.GeminiClient getResponse
INFO: [GeminiClient] Waiting for semaphore. In queue: 1 | Active calls: 9 | Available permits: 70
May 06, 2026 2:51:39 PM arch.GeminiClient getResponse
INFO: [GeminiClient] Acquired semaphore. Active calls: 9
May 06, 2026 2:51:39 PM arch.GeminiClient getResponse
INFO: [GeminiClient] Waiting for semaphore. In queue: 1 | Active calls: 9 | Available permits: 69
May 06, 2026 2:51:39 PM arch.GeminiClient getResponse
INFO: [GeminiClient] Acquired semaphore. Active calls: 10
May 06, 2026 2:51:39 PM arch.GeminiClient getResponse
INFO: [GeminiClient] Waiting for semaphore. In queue: 1 | Active calls: 10 | Available permits: 68
May 06, 2026 2:51:39 PM arch.GeminiClient getResponse
INFO: [GeminiClient] Acquired semaphore. Active calls: 11
May 06, 2026 2:51:39 PM arch.GeminiClient getResponse
INFO: [GeminiClient] Waiting for semaphore. In queue: 1 | Active calls: 11 | Available permits: 67
May 06, 2026 2:51:39 PM arch.GeminiClient getResponse
INFO: [GeminiClient] Acquired semaphore. Active calls: 12
May 06, 2026 2:51:38 PM arch.GeminiClient getResponse
INFO: [GeminiClient] Got response. Active calls: 9
May 06, 2026 2:51:39 PM arch.GeminiClient getResponse
INFO: [GeminiClient] Waiting for semaphore. In queue: 1 | Active calls: 12 | Available permits: 67
May 06, 2026 2:51:39 PM arch.GeminiClient getResponse
INFO: [GeminiClient] Acquired semaphore. Active calls: 13
May 06, 2026 2:51:39 PM arch.GeminiClient getResponse
INFO: [GeminiClient] Got response. Active calls: 8
May 06, 2026 2:51:39 PM arch.GeminiClient getResponse
INFO: [GeminiClient] Got response. Active calls: 12
May 06, 2026 2:51:40 PM arch.GeminiClient getResponse
INFO: [GeminiClient] Waiting for semaphore. In queue: 1 | Active calls: 12 | Available permits: 68
